2025-12-27 09:05:42,748 [INFO] LogOutputStream:77 - [STDOUT_REDIRECT] Sleepy End Device Min <200 3.3
2025-12-27 09:05:42,764 [INFO] LogOutputStream:77 - [STDOUT_REDIRECT] Sleepy End Device Min <200 3.3
2025-12-27 09:05:42,765 [INFO] LogOutputStream:77 - [STDOUT_REDIRECT] Sleepy End Device Min <200 3.3
2025-12-27 09:05:42,766 [INFO] LogOutputStream:77 - [STDOUT_REDIRECT] Sleepy End Device Min <200 3.3
2025-12-27 09:05:42,766 [INFO] LogOutputStream:77 - [STDOUT_REDIRECT] Sleepy End Device Min <200 3.3
2025-12-27 09:05:42,781 [INFO] LogOutputStream:77 - [STDOUT_REDIRECT] Sleepy End Device Min <200 3.3
2025-12-27 09:05:42,781 [INFO] LogOutputStream:77 - [STDOUT_REDIRECT] Sleepy End Device Min <200 3.3
2025-12-27 09:05:42,782 [INFO] LogOutputStream:77 - [STDOUT_REDIRECT] Sleepy End Device Min <200 3.3
2025-12-27 09:05:42,782 [INFO] LogOutputStream:77 - [STDOUT_REDIRECT] Sleepy End Device Min <200 3.3
2025-12-27 09:05:42,783 [INFO] LogOutputStream:77 - [STDOUT_REDIRECT] Sleepy End Device Min <200 3.3
2025-12-27 09:05:42,784 [INFO] LogOutputStream:77 - [STDOUT_REDIRECT] Sleepy End Device Min <200 3.3
2025-12-27 09:05:42,785 [INFO] LogOutputStream:77 - [STDOUT_REDIRECT] Sleepy End Device Min <200 3.3
2025-12-27 09:05:42,785 [INFO] LogOutputStream:77 - [STDOUT_REDIRECT] Sleepy End Device Min <200 3.3
2025-12-27 09:05:42,785 [INFO] LogOutputStream:77 - [STDOUT_REDIRECT] Sleepy End Device Min <200 3.3
2025-12-27 09:05:42,786 [INFO] LogOutputStream:77 - [STDOUT_REDIRECT] Sleepy End Device Min <200 3.3
2025-12-27 09:05:42,787 [INFO] LogOutputStream:77 - [STDOUT_REDIRECT] Sleepy End Device Min <200 3.3
2025-12-27 09:05:42,788 [INFO] LogOutputStream:77 - [STDOUT_REDIRECT] Sleepy End Device Min <200 3.3
2025-12-27 09:05:42,788 [INFO] LogOutputStream:77 - [STDOUT_REDIRECT] Sleepy End Device Min <200 3.3
2025-12-27 09:05:42,788 [INFO] LogOutputStream:77 - [STDOUT_REDIRECT] Sleepy End Device Min <200 3.3
2025-12-27 09:05:42,789 [INFO] LogOutputStream:77 - [STDOUT_REDIRECT] Sleepy End Device Min <200 3.3
2025-12-27 09:05:42,790 [INFO] LogOutputStream:77 - [STDOUT_REDIRECT] Sleepy End Device Min <200 3.3
2025-12-27 09:05:42,791 [INFO] LogOutputStream:77 - [STDOUT_REDIRECT] Sleepy End Device Min <200 3.3
2025-12-27 09:05:42,791 [INFO] LogOutputStream:77 - [STDOUT_REDIRECT] Sleepy End Device Min <200 3.3
2025-12-27 09:05:42,792 [INFO] LogOutputStream:77 - [STDOUT_REDIRECT] Sleepy End Device Min <200 3.3
2025-12-27 09:05:42,792 [INFO] LogOutputStream:77 - [STDOUT_REDIRECT] Sleepy End Device Min <200 3.3
2025-12-27 09:05:42,794 [INFO] LogOutputStream:77 - [STDOUT_REDIRECT] Sleepy End Device Min <200 3.3
2025-12-27 09:05:42,794 [INFO] LogOutputStream:77 - [STDOUT_REDIRECT] Sleepy End Device Min <200 3.3
2025-12-27 09:05:42,795 [INFO] LogOutputStream:77 - [STDOUT_REDIRECT] Sleepy End Device Min <200 3.3
2025-12-27 09:05:42,795 [INFO] LogOutputStream:77 - [STDOUT_REDIRECT] Sleepy End Device Min <200 3.3
2025-12-27 09:05:42,795 [INFO] LogOutputStream:77 - [STDOUT_REDIRECT] Sleepy End Device Min <200 3.3
2025-12-27 09:05:42,959 [INFO] LogOutputStream:77 - [STDOUT_REDIRECT] Sleepy End Device Min <200 3.3
2025-12-27 09:05:42,960 [INFO] LogOutputStream:77 - [STDOUT_REDIRECT] Sleepy End Device Min <200 3.3
2025-12-27 09:05:42,960 [INFO] LogOutputStream:77 - [STDOUT_REDIRECT] Sleepy End Device Min <200 3.3
2025-12-27 09:05:42,961 [INFO] LogOutputStream:77 - [STDOUT_REDIRECT] Sleepy End Device Min <200 3.3
2025-12-27 09:05:42,962 [INFO] LogOutputStream:77 - [STDOUT_REDIRECT] Sleepy End Device Min <200 3.3
2025-12-27 09:05:43,186 [INFO] UtilMem:75 - After build in PCC Used Memory: 550608376 Bytes (817889280)
2025-12-27 09:05:43,384 [INFO] ApiDbMcu:508 - Load IP Config File for STM32_WPAN
2025-12-27 09:05:43,575 [INFO] ApiDbMcu:508 - Load IP Config File for USB_DEVICE
2025-12-27 09:05:43,597 [INFO] IPUIPlugin:80 - create IPUIPlugin
2025-12-27 09:05:43,597 [INFO] IPUIPlugin:80 - create IPUIPlugin
2025-12-27 09:05:43,597 [INFO] IPUIPlugin:80 - create IPUIPlugin
2025-12-27 09:05:43,597 [INFO] IPUIPlugin:80 - create IPUIPlugin
2025-12-27 09:05:43,597 [INFO] IPUIPlugin:80 - create IPUIPlugin
2025-12-27 09:05:43,597 [INFO] IPUIPlugin:80 - create IPUIPlugin
2025-12-27 09:05:43,598 [INFO] IPUIPlugin:80 - create IPUIPlugin
2025-12-27 09:05:43,598 [INFO] IPUIPlugin:80 - create IPUIPlugin
2025-12-27 09:05:43,598 [INFO] IPUIPlugin:80 - create IPUIPlugin
2025-12-27 09:05:43,598 [INFO] IPUIPlugin:80 - create IPUIPlugin
2025-12-27 09:05:43,598 [INFO] IPUIPlugin:80 - create IPUIPlugin
2025-12-27 09:05:43,598 [INFO] IPUIPlugin:80 - create IPUIPlugin
2025-12-27 09:05:43,598 [INFO] IPUIPlugin:80 - create IPUIPlugin
2025-12-27 09:05:43,598 [INFO] IPUIPlugin:80 - create IPUIPlugin
2025-12-27 09:05:43,598 [INFO] IPUIPlugin:80 - create IPUIPlugin
2025-12-27 09:05:43,598 [INFO] IPUIPlugin:80 - create IPUIPlugin
2025-12-27 09:05:43,599 [INFO] IPUIPlugin:80 - create IPUIPlugin
2025-12-27 09:05:43,599 [INFO] IPUIPlugin:80 - create IPUIPlugin
2025-12-27 09:05:43,599 [INFO] IPUIPlugin:80 - create IPUIPlugin
2025-12-27 09:05:43,599 [INFO] IPUIPlugin:80 - create IPUIPlugin
2025-12-27 09:05:43,599 [INFO] IPUIPlugin:80 - create IPUIPlugin
2025-12-27 09:05:43,599 [INFO] IPUIPlugin:80 - create IPUIPlugin
2025-12-27 09:05:43,599 [INFO] IPUIPlugin:80 - create IPUIPlugin
2025-12-27 09:05:43,599 [INFO] IPUIPlugin:80 - create IPUIPlugin
2025-12-27 09:05:43,600 [INFO] IPUIPlugin:80 - create IPUIPlugin
2025-12-27 09:05:43,600 [INFO] IPUIPlugin:80 - create IPUIPlugin
2025-12-27 09:05:43,600 [INFO] IPUIPlugin:80 - create IPUIPlugin
2025-12-27 09:05:43,600 [INFO] IPUIPlugin:80 - create IPUIPlugin
2025-12-27 09:05:43,600 [INFO] IPUIPlugin:80 - create IPUIPlugin
2025-12-27 09:05:43,600 [INFO] IPUIPlugin:80 - create IPUIPlugin
2025-12-27 09:05:43,601 [INFO] IPUIPlugin:80 - create IPUIPlugin
2025-12-27 09:05:43,601 [INFO] IPUIPlugin:80 - create IPUIPlugin
2025-12-27 09:05:43,601 [INFO] IPUIPlugin:80 - create IPUIPlugin
2025-12-27 09:05:43,601 [INFO] IPUIPlugin:80 - create IPUIPlugin
2025-12-27 09:05:43,601 [INFO] IPUIPlugin:80 - create IPUIPlugin
2025-12-27 09:05:43,601 [INFO] IPUIPlugin:80 - create IPUIPlugin
2025-12-27 09:05:43,601 [INFO] IPUIPlugin:80 - create IPUIPlugin
2025-12-27 09:05:43,602 [INFO] IPUIPlugin:80 - create IPUIPlugin
2025-12-27 09:05:43,602 [INFO] IPUIPlugin:80 - create IPUIPlugin
2025-12-27 09:05:43,602 [INFO] IPUIPlugin:80 - create IPUIPlugin
2025-12-27 09:05:43,602 [INFO] IPUIPlugin:80 - create IPUIPlugin
2025-12-27 09:05:43,602 [INFO] IPUIPlugin:80 - create IPUIPlugin
2025-12-27 09:05:43,602 [INFO] IPUIPlugin:80 - create IPUIPlugin
2025-12-27 09:05:43,603 [INFO] IPUIPlugin:80 - create IPUIPlugin
2025-12-27 09:05:43,603 [INFO] IPUIPlugin:80 - create IPUIPlugin
2025-12-27 09:05:43,666 [WARN] IP:2250 - SERVICE2_UUID not found: check if there is a RefParameter without a condition.
2025-12-27 09:05:43,669 [WARN] IP:2250 - SERVICE3_UUID not found: check if there is a RefParameter without a condition.
2025-12-27 09:05:43,671 [WARN] IP:2250 - SERVICE4_UUID not found: check if there is a RefParameter without a condition.
2025-12-27 09:05:43,673 [WARN] IP:2250 - SERVICE5_UUID not found: check if there is a RefParameter without a condition.
2025-12-27 09:05:43,914 [INFO] CADModel:165 - CPN selected for project levelSTM32WB55RGV6
2025-12-27 09:05:43,914 [INFO] CADModel:114 - Register for checkConnection events
2025-12-27 09:05:43,976 [INFO] OpenFileManager:385 - Restore cursor
2025-12-27 09:05:44,157 [WARN] IP:2250 - SERVICE2_UUID not found: check if there is a RefParameter without a condition.
2025-12-27 09:05:44,160 [WARN] IP:2250 - SERVICE3_UUID not found: check if there is a RefParameter without a condition.
2025-12-27 09:05:44,162 [WARN] IP:2250 - SERVICE4_UUID not found: check if there is a RefParameter without a condition.
2025-12-27 09:05:44,164 [WARN] IP:2250 - SERVICE5_UUID not found: check if there is a RefParameter without a condition.
2025-12-27 09:05:44,240 [WARN] IpParametersView:155 - Warning: This peripheral hasn't parameters
2025-12-27 09:05:55,399 [WARN] IpParametersView:155 - Warning: This peripheral hasn't parameters
2025-12-27 09:05:55,434 [WARN] IpParametersView:155 - Warning: This peripheral hasn't parameters
2025-12-27 09:05:55,444 [WARN] IpParametersView:155 - Warning: This peripheral hasn't parameters
2025-12-27 09:05:55,448 [WARN] IpParametersView:155 - Warning: This peripheral hasn't parameters
2025-12-27 09:05:55,453 [WARN] IpParametersView:155 - Warning: This peripheral hasn't parameters
2025-12-27 11:16:13,893 [INFO] MainUpdater:2872 - connection check result : 10
2025-12-27 11:16:13,895 [INFO] McuFinderGlobals:76 - Set McuFinderConnectedMode to true
2025-12-27 11:16:14,316 [INFO] ServerAccessManage:473 - Download File mcusAds.json._tmp_
2025-12-27 11:16:14,468 [INFO] LoadUrlFilesThread:156 - End of LoadUrlFiles Thread
2025-12-27 11:16:14,780 [INFO] ServerAccessManage:473 - Download File cube-finder-db.zip
2025-12-27 11:16:17,437 [INFO] FileExtend:242 - Unzip File : cube-finder-db.zip
2025-12-27 11:16:17,437 [INFO] FileExtend:257 - Standard Zip Deflate
2025-12-27 11:16:18,035 [INFO] LoadUrlFilesThread:156 - End of LoadUrlFiles Thread
2025-12-27 11:16:18,880 [INFO] ServerAccessManage:473 - Download File crdb.zip
2025-12-27 11:16:19,896 [INFO] FileExtend:242 - Unzip File : crdb.zip
2025-12-27 11:16:19,896 [INFO] FileExtend:257 - Standard Zip Deflate
2025-12-27 11:16:20,037 [INFO] LoadUrlFilesThread:156 - End of LoadUrlFiles Thread
2025-12-27 11:16:20,219 [INFO] ServerAccessManage:473 - Download File tutoVideoDB.zip
2025-12-27 11:16:20,248 [INFO] FileExtend:242 - Unzip File : tutoVideoDB.zip
2025-12-27 11:16:20,248 [INFO] FileExtend:257 - Standard Zip Deflate
2025-12-27 11:16:20,382 [INFO] LoadUrlFilesThread:156 - End of LoadUrlFiles Thread
2025-12-27 11:16:20,390 [WARN] DbFile:41 - Overriding database path with different value: C:\Users\jaowe\.stmcufinder\plugins\mcufinder/ => C:\Users\jaowe\.stmcufinder\plugins\mcufinder
2025-12-27 11:16:20,881 [INFO] ServerAccessManage:473 - Download File api_config.json
2025-12-27 11:16:21,025 [INFO] LoadUrlFilesThread:156 - End of LoadUrlFiles Thread
2025-12-27 11:16:21,026 [INFO] DbMcusAds:53 - JSON generation date=Mon Dec 15 17:11:46 CST 2025 (1765840306612)
2025-12-27 11:16:21,030 [INFO] ApiDb:448 - Save user favorites file C:\Users\jaowe/.stm32cubeide/favorites.mcus.txt: 0 item(s)
2025-12-27 11:16:21,030 [INFO] ApiDb:452 - User favorites MCUs=[]
2025-12-27 11:16:21,031 [INFO] ApiDb:581 - Connected to CubeFinder SQLite database (C:\Users\jaowe\.stmcufinder\plugins\mcufinder\mcu\cube-finder-db.db)
2025-12-27 11:16:21,077 [INFO] ApiDb:668 - CubeFinder database Data Model version=2.1
2025-12-27 11:16:21,077 [INFO] ApiDb:669 - CubeFinder database Configuration version=3.0.39
2025-12-27 11:16:21,078 [INFO] ApiDb:670 - CubeFinder database generation date=2025-11-05 (1762334721)
2025-12-27 11:16:21,078 [INFO] ApiDb:671 - CubeFinder database FW Pack versions=[FP-ATR-ASTRA1_V2.0.0, FP-SNS-FLIGHT1_V5.1.0, FP-SNS-MOTENV1_V5.1.0, FP-SNS-MOTENVWB1_V1.4.0, FP-SNS-SMARTAG2_V1.2.0, FP-SNS-STBOX1_V2.1.0, STM32Cube_FW_C0_V1.4.0, STM32Cube_FW_F4_V1.28.3, STM32Cube_FW_F7_V1.17.4, STM32Cube_FW_G0_V1.6.2, STM32Cube_FW_G4_V1.6.1, STM32Cube_FW_H5_V1.5.1, STM32Cube_FW_H7RS_V1.3.0, STM32Cube_FW_H7_V1.12.1, STM32Cube_FW_L0_V1.12.2, STM32Cube_FW_L4_V1.18.1, STM32Cube_FW_L5_V1.6.0, STM32Cube_FW_N6_V1.3.0, STM32Cube_FW_U0_V1.3.0, STM32Cube_FW_U3_V1.2.1, STM32Cube_FW_U5_V1.8.0, STM32Cube_FW_WB0_V1.4.0, STM32Cube_FW_WBA_V1.8.0, STM32Cube_FW_WB_V1.24.0, STM32Cube_FW_WL3_V1.3.0, STM32Cube_FW_WL_V1.4.0, X-CUBE-ALGOBUILD_V1.4.0, X-CUBE-ALS_V1.0.2, X-CUBE-AZRTOS-F4_V1.1.0, X-CUBE-AZRTOS-F7_V1.1.0, X-CUBE-AZRTOS-G0_V1.1.0, X-CUBE-AZRTOS-G4_V2.0.0, X-CUBE-AZRTOS-H7RS_V1.1.0, X-CUBE-AZRTOS-H7_V3.4.0, X-CUBE-AZRTOS-L4_V2.0.0, X-CUBE-AZRTOS-L5_V2.0.0, X-CUBE-AZRTOS-WB_V2.0.0, X-CUBE-AZRTOS-WL_V2.0.0, X-CUBE-BLE1_V7.1.0, X-CUBE-BLE2_V3.3.0, X-CUBE-BLEMGR_V4.1.0, X-CUBE-EEPRMA1_V5.2.0, X-CUBE-FREERTOS_V1.3.1, X-CUBE-GNSS1_V6.0.0, X-CUBE-MEMS1_V11.3.0, X-CUBE-NFC4_V3.0.0, X-CUBE-NFC7_V2.0.0, X-CUBE-SFXS2LP1_V4.0.0, X-CUBE-ST67W61_V1.1.0, X-CUBE-SUBG2_V5.0.0, X-CUBE-TOF1_V3.4.3]
2025-12-27 11:16:22,505 [INFO] ApiDb:240 - Found 895 in-development CPN: [B-G473E-ZEST1S, B-WB1M-WPAN1, B-WBA5M-WPAN, B-WL5M-SUBG1, NUCLEO-C031C6, NUCLEO-C051C8, NUCLEO-C071RB, NUCLEO-C092RC, NUCLEO-H503RB, NUCLEO-H533RE, NUCLEO-H563ZI, NUCLEO-H7S3L8, NUCLEO-N657X0-Q, NUCLEO-U031R8, NUCLEO-U083RC, NUCLEO-U385RG-Q, NUCLEO-U545RE-Q, NUCLEO-U5A5ZJ-Q, NUCLEO-WB05KZ, NUCLEO-WB07CC, NUCLEO-WB09KE, NUCLEO-WBA52CG, NUCLEO-WBA55CG, NUCLEO-WBA65RI, NUCLEO-WL33CC1, NUCLEO-WL33CC2, STEVAL-PROTEUS1, STEVAL-SMARTAG2, STEVAL-STWINBX1, STM320518-EVAL, STM32C0116-DK, STM32C011D6Y3TR, STM32C011D6Y6TR, STM32C011F4P3, STM32C011F4P6, STM32C011F4U3, STM32C011F4U6TR, STM32C011F6P3, STM32C011F6P6, STM32C011F6U3, STM32C011F6U6TR, STM32C011J4M3, STM32C011J4M6, STM32C011J6M3, STM32C011J6M6, STM32C0316-DK, STM32C031C4T3, STM32C031C4T6, STM32C031C4U3, STM32C031C4U6, STM32C031C6T3, STM32C031C6T6, STM32C031C6U3, STM32C031C6U6, STM32C031F4P3, STM32C031F4P6, STM32C031F6P3, STM32C031F6P6, STM32C031G4U3, STM32C031G4U6, STM32C031G6U3, STM32C031G6U6, STM32C031K4T3, STM32C031K4T6, STM32C031K4U3, STM32C031K4U6, STM32C031K6T3, STM32C031K6T6, STM32C031K6U3, STM32C031K6U6, STM32C051C6T6, STM32C051C6U6, STM32C051C8T6, STM32C051C8U6, STM32C051D8Y6TR, STM32C051F6P6, STM32C051F8P6, STM32C051G6U6, STM32C051G8U6, STM32C051K6T6, STM32C051K6U6, STM32C051K8T6, STM32C071C8T6, STM32C071C8T6N, STM32C071C8U6, STM32C071C8U6N, STM32C071CBT6, STM32C071CBT6N, STM32C071CBU6, STM32C071CBU6N, STM32C071F8P6, STM32C071F8P6N, STM32C071FBP6, STM32C071FBP6N, STM32C071FBY6TR, STM32C071G8U6, STM32C071G8U6N, STM32C071GBU6, STM32C071GBU6N, STM32C071K8T6, STM32C071K8T6N, STM32C071K8U6, STM32C071K8U6N, STM32C071KBT6, STM32C071KBT6N, STM32C071KBU6, STM32C071KBU6N, STM32C071R8T6, STM32C071R8T6N, STM32C071RBI6N, STM32C071RBT6, STM32C071RBT6N, STM32C091CBT6, STM32C091CBU6, STM32C091CCT6, STM32C091CCU6, STM32C091ECY6TR, STM32C091FBP6, STM32C091FCP6, STM32C091GBU6, STM32C091GCU6, STM32C091KBT6, STM32C091KBU6, STM32C091KCT6, STM32C091KCU6, STM32C091RBT6, STM32C091RCI6, STM32C091RCT6, STM32C092CBT6, STM32C092CBU6, STM32C092CCT6, STM32C092CCU6, STM32C092ECY6TR, STM32C092FBP6, STM32C092FCP6, STM32C092GBU6, STM32C092GCU6, STM32C092KBT6, STM32C092KBU6, STM32C092KCT6, STM32C092KCU6, STM32C092RBT6, STM32C092RCI6, STM32C092RCT6, STM32G071K8TXN, STM32G071K8UXN, STM32G081GBU6N, STM32G081KBT6N, STM32G081KBUXN, STM32G0B1CCT6N, STM32G0B1KCT6, STM32G0B1NEY6TR, STM32G0B1RCT6N, STM32G0C1CCT6, STM32G0C1CCT6N, STM32G0C1CCU6N, STM32G0C1CET6N, STM32G0C1CEU6N, STM32G0C1KCT6, STM32G0C1NEY6TR, STM32G0C1RCI6N, STM32G0C1RCT6N, STM32G0C1REI6N, STM32G0C1RET6N, STM32G0C1VCI6, STM32G0C1VEI6, STM32G411C6T3, STM32G411C6T6, STM32G411C6U3, STM32G411C6U6, STM32G411C8T3, STM32G411C8T6, STM32G411C8U3, STM32G411C8U6, STM32G411CBT3, STM32G411CBT6, STM32G411CBU3, STM32G411CBU6, STM32G411CCT3, STM32G411CCT6, STM32G411CCU3, STM32G411CCU6, STM32G411K6T3, STM32G411K6T6, STM32G411K6U3, STM32G411K6U6, STM32G411K8T3, STM32G411K8T6, STM32G411K8U3, STM32G411K8U6, STM32G411KBT3, STM32G411KBT6, STM32G411KBU3, STM32G411KBU6, STM32G411M6T3, STM32G411M6T6, STM32G411M8T3, STM32G411M8T6, STM32G411MBT3, STM32G411MBT6, STM32G411MCT3, STM32G411MCT6, STM32G411R6T3, STM32G411R6T6, STM32G411R8T3, STM32G411R8T6, STM32G411RBT3, STM32G411RBT6, STM32G411RCT3, STM32G411RCT6, STM32G414CBT3, STM32G414CBT6, STM32G414CBU3, STM32G414CBU6, STM32G414CCT3, STM32G414CCT6, STM32G414CCU3, STM32G414CCU6, STM32G414MBT3, STM32G414MBT6, STM32G414MCT3, STM32G414MCT6, STM32G414RBT3, STM32G414RBT6, STM32G414RCT3, STM32G414RCT6, STM32G414VBT3, STM32G414VBT6, STM32G414VCT3, STM32G414VCT6, STM32G431CBT3Z, STM32G431RBT3Z, STM32G471CCT6, STM32G471CCU6, STM32G471CET3, STM32G471CET6, STM32G471CEU3, STM32G471CEU6, STM32G471MCT6, STM32G471MET3, STM32G471MET6, STM32G471MEY6TR, STM32G471QCT6, STM32G471QET3, STM32G471RCT6, STM32G471RET3, STM32G471RET6, STM32G471VCH6, STM32G471VCI6, STM32G471VCT6, STM32G471VEH3, STM32G471VEH6, STM32G471VEI3, STM32G471VEI6, STM32G471VET3, STM32G471VET6, STM32G473QET3Z, STM32G473RET3Z, STM32G474CCT6, STM32G491RET3Z, STM32H503CBT6, STM32H503CBU6, STM32H503EBY6TR, STM32H503KBU6, STM32H503RBT6, STM32H523CCT6, STM32H523CCU6, STM32H523CET6, STM32H523CEU6, STM32H523HEY6TR, STM32H523RCT6, STM32H523RET6, STM32H523VCI6, STM32H523VCT6, STM32H523VEI6, STM32H523VET6, STM32H523ZCJ6, STM32H523ZCT6, STM32H523ZEJ6, STM32H523ZET6, STM32H533CET6, STM32H533CEU6, STM32H533HEY6TR, STM32H533RET6, STM32H533VEI6, STM32H533VET6, STM32H533ZEJ6, STM32H533ZET6, STM32H562AGI6, STM32H562AII6, STM32H562IGK6, STM32H562IGT6, STM32H562IIK6, STM32H562IIT6, STM32H562RGT6, STM32H562RGV6, STM32H562RIT6, STM32H562RIV6, STM32H562VGT6, STM32H562VIT6, STM32H562ZGT6, STM32H562ZIT6, STM32H563AGI6, STM32H563AII3Q, STM32H563AII6, STM32H563IGK6, STM32H563IGT6, STM32H563IIK3Q, STM32H563IIK6, STM32H563IIT3Q, STM32H563IIT6, STM32H563MIY3QTR, STM32H563RGT6, STM32H563RGV6, STM32H563RIT6, STM32H563RIV6, STM32H563VGT6, STM32H563VIT3Q, STM32H563VIT6, STM32H563ZGT6, STM32H563ZIT3Q, STM32H563ZIT6, STM32H573AII3Q, STM32H573AII6, STM32H573I-DK, STM32H573IIK3Q, STM32H573IIK6, STM32H573IIT3Q, STM32H573IIT6, STM32H573MIY3QTR, STM32H573RIT6, STM32H573RIV6, STM32H573VIT3Q, STM32H573VIT6, STM32H573ZIT3Q, STM32H573ZIT6, STM32H7R3A8I6, STM32H7R3I8K6, STM32H7R3I8T6, STM32H7R3L8H6, STM32H7R3L8H6H, STM32H7R3R8V6, STM32H7R3V8H6, STM32H7R3V8T6, STM32H7R3V8Y6TR, STM32H7R3Z8J6, STM32H7R3Z8T6, STM32H7R7A8I6, STM32H7R7I8K6, STM32H7R7I8T6, STM32H7R7L8H6, STM32H7R7L8H6H, STM32H7R7Z8J6, STM32H7S3A8I6, STM32H7S3I8K6, STM32H7S3I8T6, STM32H7S3L8H6, STM32H7S3L8H6H, STM32H7S3R8V6, STM32H7S3V8H6, STM32H7S3V8T6, STM32H7S3V8Y6TR, STM32H7S3Z8J6, STM32H7S3Z8T6, STM32H7S78-DK, STM32H7S7A8I6, STM32H7S7I8K6, STM32H7S7I8T6, STM32H7S7L8H6, STM32H7S7L8H6H, STM32H7S7Z8J6, STM32L4R5QGI6STR, STM32MP131AAE3, STM32MP131AAF3, STM32MP131AAG3, STM32MP131CAE3, STM32MP131CAF3, STM32MP131CAG3, STM32MP131DAE7, STM32MP131DAF7, STM32MP131DAG7, STM32MP131FAE7, STM32MP131FAF7, STM32MP131FAG7, STM32MP133AAE3, STM32MP133AAF3, STM32MP133AAG3, STM32MP133CAE3, STM32MP133CAF3, STM32MP133CAG3, STM32MP133DAE7, STM32MP133DAF7, STM32MP133DAG7, STM32MP133FAE7, STM32MP133FAF7, STM32MP133FAG7, STM32MP135AAE3, STM32MP135AAF3, STM32MP135AAG3, STM32MP135CAE3, STM32MP135CAF3, STM32MP135CAG3, STM32MP135DAE7, STM32MP135DAF7, STM32MP135DAG7, STM32MP135F-DK, STM32MP135FAE7, STM32MP135FAF7, STM32MP135FAF7T, STM32MP135FAF7U, STM32MP135FAG7, STM32MP231AAJ3, STM32MP231AAK3, STM32MP231AAL3, STM32MP231CAJ3, STM32MP231CAK3, STM32MP231CAL3, STM32MP231DAJ3, STM32MP231DAK3, STM32MP231DAL3, STM32MP231FAJ3, STM32MP231FAK3, STM32MP231FAL3, STM32MP233AAJ3, STM32MP233AAK3, STM32MP233AAL3, STM32MP233CAJ3, STM32MP233CAK3, STM32MP233CAL3, STM32MP233DAJ3, STM32MP233DAK3, STM32MP233DAL3, STM32MP233FAJ3, STM32MP233FAK3, STM32MP233FAL3, STM32MP235AAJ3, STM32MP235AAK3, STM32MP235AAL3, STM32MP235CAJ3, STM32MP235CAK3, STM32MP235CAL3, STM32MP235DAJ3, STM32MP235DAK3, STM32MP235DAL3, STM32MP235FAJ3, STM32MP235FAK3, STM32MP235FAL3, STM32MP251AAI3, STM32MP251AAJ3, STM32MP251AAK3, STM32MP251AAL3, STM32MP251CAI3, STM32MP251CAJ3, STM32MP251CAK3, STM32MP251CAL3, STM32MP251DAI3, STM32MP251DAJ3, STM32MP251DAK3, STM32MP251DAL3, STM32MP251FAI3, STM32MP251FAJ3, STM32MP251FAK3, STM32MP251FAL3, STM32MP253AAI3, STM32MP253AAJ3, STM32MP253AAK3, STM32MP253AAL3, STM32MP253CAI3, STM32MP253CAJ3, STM32MP253CAK3, STM32MP253CAL3, STM32MP253DAI3, STM32MP253DAJ3, STM32MP253DAK3, STM32MP253DAL3, STM32MP253FAI3, STM32MP253FAJ3, STM32MP253FAK3, STM32MP253FAL3, STM32MP255AAI3, STM32MP255AAJ3, STM32MP255AAK3, STM32MP255AAL3, STM32MP255CAI3, STM32MP255CAJ3, STM32MP255CAK3, STM32MP255CAL3, STM32MP255DAI3, STM32MP255DAJ3, STM32MP255DAK3, STM32MP255DAL3, STM32MP255FAI3, STM32MP255FAJ3, STM32MP255FAK3, STM32MP255FAL3, STM32MP257AAI3, STM32MP257AAJ3, STM32MP257AAK3, STM32MP257AAL3, STM32MP257CAI3, STM32MP257CAJ3, STM32MP257CAK3, STM32MP257CAL3, STM32MP257DAI3, STM32MP257DAJ3, STM32MP257DAK3, STM32MP257DAL3, STM32MP257F-DK, STM32MP257F-EV1, STM32MP257FAI3, STM32MP257FAJ3, STM32MP257FAK3, STM32MP257FAL3, STM32N645A0H3Q, STM32N645B0H3Q, STM32N645I0H3Q, STM32N645L0H3Q, STM32N645X0H3Q, STM32N645Z0H3Q, STM32N647A0H3Q, STM32N647B0H3Q, STM32N647I0H3Q, STM32N647L0H3Q, STM32N647X0H3Q, STM32N647Z0H3Q, STM32N655A0H3Q, STM32N655B0H3Q, STM32N655I0H3Q, STM32N655L0H3Q, STM32N655X0H3Q, STM32N655Z0H3Q, STM32N6570-DK, STM32N657A0H3Q, STM32N657B0H3Q, STM32N657I0H3Q, STM32N657L0H3Q, STM32N657X0H3Q, STM32N657Z0H3Q, STM32U031C6T6, STM32U031C6U6, STM32U031C8T6, STM32U031C8U6, STM32U031F4P6, STM32U031F6P6, STM32U031F8P6, STM32U031G6Y6TR, STM32U031G8Y6TR, STM32U031K4U6, STM32U031K6U6, STM32U031K8U6, STM32U031R6I6, STM32U031R6T6, STM32U031R8I6, STM32U031R8T6, STM32U073C8T6, STM32U073C8U6, STM32U073CBT6, STM32U073CBU6, STM32U073CCT6, STM32U073CCU6, STM32U073H8Y6TR, STM32U073HBY6TR, STM32U073HCY6TR, STM32U073K8U6, STM32U073KBU6, STM32U073KCU6, STM32U073M8I6, STM32U073M8T6, STM32U073MBI6, STM32U073MBT6, STM32U073MCI6, STM32U073MCT6, STM32U073R8I6, STM32U073R8T6, STM32U073RBI6, STM32U073RBT6, STM32U073RCI6, STM32U073RCT6, STM32U083C-DK, STM32U083CCT6, STM32U083CCU6, STM32U083HCY6TR, STM32U083KCU6, STM32U083MCI6, STM32U083MCT6, STM32U083RCI6, STM32U083RCT6, STM32U375CET6, STM32U375CET6Q, STM32U375CEU6, STM32U375CEU6Q, STM32U375CEY6QTR, STM32U375CGT6, STM32U375CGT6Q, STM32U375CGU6, STM32U375CGU6Q, STM32U375CGY6QTR, STM32U375KEU6, STM32U375KGU6, STM32U375REI6, STM32U375REI6Q, STM32U375RET6, STM32U375RET6Q, STM32U375REY6GTR, STM32U375REY6QTR, STM32U375RGI6, STM32U375RGI6Q, STM32U375RGT6, STM32U375RGT6Q, STM32U375RGY6GTR, STM32U375RGY6QTR, STM32U375VEI6, STM32U375VEI6Q, STM32U375VET6, STM32U375VET6Q, STM32U375VGI6, STM32U375VGI6Q, STM32U375VGT6, STM32U375VGT6Q, STM32U385CGT6, STM32U385CGT6Q, STM32U385CGU6, STM32U385CGU6Q, STM32U385CGY6QTR, STM32U385KGU6, STM32U385RGI6, STM32U385RGI6Q, STM32U385RGT6, STM32U385RGT6Q, STM32U385RGY6GTR, STM32U385RGY6QTR, STM32U385VGI6, STM32U385VGI6Q, STM32U385VGT6, STM32U385VGT6Q, STM32U535CBT6, STM32U535CBT6Q, STM32U535CBU6, STM32U535CBU6Q, STM32U535CCT6, STM32U535CCT6Q, STM32U535CCU6, STM32U535CCU6Q, STM32U535CET6, STM32U535CET6Q, STM32U535CEU6, STM32U535CEU6Q, STM32U535JEY6QTR, STM32U535NCY6QTR, STM32U535NEY6QTR, STM32U535RBI6, STM32U535RBI6Q, STM32U535RBT6, STM32U535RBT6Q, STM32U535RCI6, STM32U535RCI6Q, STM32U535RCT6, STM32U535RCT6Q, STM32U535REI6, STM32U535REI6Q, STM32U535RET6, STM32U535RET6Q, STM32U535VCI6, STM32U535VCI6Q, STM32U535VCT6, STM32U535VCT6Q, STM32U535VEI6, STM32U535VEI6Q, STM32U535VET6, STM32U535VET6Q, STM32U545CET6, STM32U545CET6Q, STM32U545CEU6, STM32U545CEU6Q, STM32U545JEY6QTR, STM32U545NEY6QTR, STM32U545REI6, STM32U545REI6Q, STM32U545RET6, STM32U545RET6Q, STM32U545VEI6, STM32U545VEI6Q, STM32U545VET6, STM32U545VET6Q, STM32U595AIH6, STM32U595AIH6Q, STM32U595AJH6, STM32U595AJH6Q, STM32U595QII6, STM32U595QII6Q, STM32U595QJI6, STM32U595QJI6Q, STM32U595RIT6, STM32U595RIT6Q, STM32U595RJT6, STM32U595RJT6Q, STM32U595VIT6, STM32U595VIT6Q, STM32U595VJT6, STM32U595VJT6Q, STM32U595ZIT6, STM32U595ZIT6Q, STM32U595ZIY6QTR, STM32U595ZJT6, STM32U595ZJT6Q, STM32U595ZJY6QTR, STM32U599BJY6QTR, STM32U599NIH6Q, STM32U599NJH6Q, STM32U599VIT6Q, STM32U599VJT6, STM32U599VJT6Q, STM32U599ZIT6Q, STM32U599ZIY6QTR, STM32U599ZJT6Q, STM32U599ZJY6QTR, STM32U5A5AJH6, STM32U5A5AJH6Q, STM32U5A5QII3Q , STM32U5A5QJI6, STM32U5A5QJI6Q, STM32U5A5RJT6, STM32U5A5RJT6Q, STM32U5A5VJT6, STM32U5A5VJT6Q, STM32U5A5ZJT6, STM32U5A5ZJT6Q, STM32U5A5ZJY6QTR, STM32U5A9BJY6QTR, STM32U5A9J-DK, STM32U5A9NJH6Q, STM32U5A9VJT6Q, STM32U5A9ZJT6Q, STM32U5A9ZJY6QTR, STM32U5F7VIT6, STM32U5F7VIT6Q, STM32U5F7VJT6, STM32U5F7VJT6Q, STM32U5F9BJY6QTR, STM32U5F9NJH6Q, STM32U5F9VIT6Q, STM32U5F9VJT6Q, STM32U5F9ZIJ6QTR, STM32U5F9ZIT6Q, STM32U5F9ZJJ6QTR, STM32U5F9ZJT6Q, STM32U5G7VJT6, STM32U5G7VJT6Q, STM32U5G9BJY6QTR, STM32U5G9J-DK1, STM32U5G9J-DK2, STM32U5G9NJH6Q, STM32U5G9VJT6Q, STM32U5G9ZJJ6QTR, STM32U5G9ZJT6Q, STM32WB05KZV6TR, STM32WB05KZV7TR, STM32WB05TZF6TR, STM32WB05TZF7TR, STM32WB06CCF6TR, STM32WB06CCF7TR, STM32WB06CCV6TR, STM32WB06CCV7TR, STM32WB06KCV6TR, STM32WB06KCV7TR, STM32WB07CCF6TR, STM32WB07CCF7TR, STM32WB07CCV6TR, STM32WB07CCV7TR, STM32WB07KCV6TR, STM32WB07KCV7TR, STM32WB09KEV6TR, STM32WB09KEV7TR, STM32WB09TEF6TR, STM32WB09TEF7TR, STM32WB1MMCH6, STM32WBA50KGU6, STM32WBA50KGU6TR, STM32WBA52CEU6, STM32WBA52CEU6TR, STM32WBA52CEU7, STM32WBA52CEU7TR, STM32WBA52CGU6, STM32WBA52CGU6TR, STM32WBA52CGU6U, STM32WBA52CGU7, STM32WBA52CGU7TR, STM32WBA52KEU6, STM32WBA52KEU6TR, STM32WBA52KGU6, STM32WBA52KGU6TR, STM32WBA54CEU6, STM32WBA54CEU6TR, STM32WBA54CEU7, STM32WBA54CEU7TR, STM32WBA54CGU6, STM32WBA54CGU6TR, STM32WBA54CGU7, STM32WBA54CGU7TR, STM32WBA54KEU6, STM32WBA54KEU6TR, STM32WBA54KEU7, STM32WBA54KEU7TR, STM32WBA54KGU6, STM32WBA54KGU6TR, STM32WBA54KGU7, STM32WBA54KGU7TR, STM32WBA55CEU6, STM32WBA55CEU6TR, STM32WBA55CEU7, STM32WBA55CEU7TR, STM32WBA55CGU6, STM32WBA55CGU6TR, STM32WBA55CGU6U, STM32WBA55CGU7, STM32WBA55CGU7TR, STM32WBA55G-DK1, STM32WBA55HEF6, STM32WBA55HEF7, STM32WBA55HGF6, STM32WBA55HGF7, STM32WBA55UEI6, STM32WBA55UEI6TR, STM32WBA55UEI7, STM32WBA55UEI7TR, STM32WBA55UGI6, STM32WBA55UGI6TR, STM32WBA55UGI7, STM32WBA55UGI7TR, STM32WBA5MJGH6TR, STM32WBA62CGU6, STM32WBA62CIU6, STM32WBA62MGF6, STM32WBA62MIF6, STM32WBA62PGI6, STM32WBA62PII6, STM32WBA63CGU6, STM32WBA63CGU7, STM32WBA63CIU6, STM32WBA63CIU7, STM32WBA64CGU6, STM32WBA64CGU7, STM32WBA64CIU6, STM32WBA64CIU7, STM32WBA65CGU6, STM32WBA65CGU7, STM32WBA65CIU6, STM32WBA65CIU7, STM32WBA65I-DK1, STM32WBA65MGF6, STM32WBA65MGF7, STM32WBA65MIF6, STM32WBA65MIF7, STM32WBA65PGI6, STM32WBA65PGI7, STM32WBA65PII6, STM32WBA65PII7, STM32WBA65RGV6, STM32WBA65RGV7, STM32WBA65RIV6, STM32WBA65RIV7, STM32WL30K8V6, STM32WL30KBV6, STM32WL31C8V6, STM32WL31CBV6, STM32WL31K8V6, STM32WL31KBV6, STM32WL33C8V6, STM32WL33C8V6TR, STM32WL33C8V7, STM32WL33C8V7TR, STM32WL33CBV6, STM32WL33CBV6TR, STM32WL33CBV7, STM32WL33CBV7TR, STM32WL33CCV6, STM32WL33CCV6TR, STM32WL33CCV7, STM32WL33CCV7A, STM32WL33CCV7ATR, STM32WL33CCV7TR, STM32WL33K8V6, STM32WL33K8V6TR, STM32WL33K8V7, STM32WL33K8V7TR, STM32WL33KBV6, STM32WL33KBV6TR, STM32WL33KBV7, STM32WL33KBV7TR, STM32WL33KCV6, STM32WL33KCV6TR, STM32WL33KCV7, STM32WL33KCV7TR, STM32WL5MOCH6, STM32WL5MOCH6TR]
2025-12-27 11:16:22,507 [INFO] DbMcus:218 - Found 4822 MCUs, 4822 are supported
2025-12-27 11:16:22,507 [INFO] ApiDb:423 - Load user favorites file C:\Users\jaowe/.stm32cubeide/favorites.mcus.txt: 0 item(s)
2025-12-27 11:16:22,518 [INFO] ApiDb:427 - User favorites MCUs=[]
2025-12-27 11:16:22,519 [INFO] DbMcus:224 - Set 0 / 0 favorites MCUs
2025-12-27 11:16:22,809 [INFO] ApiDb:448 - Save user favorites file C:\Users\jaowe/.stm32cubeide/favorites.boards.txt: 0 item(s)
2025-12-27 11:16:22,809 [INFO] ApiDb:452 - User favorites Boards=[]
2025-12-27 11:16:22,810 [INFO] ApiDb:581 - Connected to CubeFinder SQLite database (C:\Users\jaowe\.stmcufinder\plugins\mcufinder\mcu\cube-finder-db.db)
2025-12-27 11:16:22,858 [INFO] ApiDb:668 - CubeFinder database Data Model version=2.1
2025-12-27 11:16:22,858 [INFO] ApiDb:669 - CubeFinder database Configuration version=3.0.39
2025-12-27 11:16:22,858 [INFO] ApiDb:670 - CubeFinder database generation date=2025-11-05 (1762334721)
2025-12-27 11:16:22,858 [INFO] ApiDb:671 - CubeFinder database FW Pack versions=[FP-ATR-ASTRA1_V2.0.0, FP-SNS-FLIGHT1_V5.1.0, FP-SNS-MOTENV1_V5.1.0, FP-SNS-MOTENVWB1_V1.4.0, FP-SNS-SMARTAG2_V1.2.0, FP-SNS-STBOX1_V2.1.0, STM32Cube_FW_C0_V1.4.0, STM32Cube_FW_F4_V1.28.3, STM32Cube_FW_F7_V1.17.4, STM32Cube_FW_G0_V1.6.2, STM32Cube_FW_G4_V1.6.1, STM32Cube_FW_H5_V1.5.1, STM32Cube_FW_H7RS_V1.3.0, STM32Cube_FW_H7_V1.12.1, STM32Cube_FW_L0_V1.12.2, STM32Cube_FW_L4_V1.18.1, STM32Cube_FW_L5_V1.6.0, STM32Cube_FW_N6_V1.3.0, STM32Cube_FW_U0_V1.3.0, STM32Cube_FW_U3_V1.2.1, STM32Cube_FW_U5_V1.8.0, STM32Cube_FW_WB0_V1.4.0, STM32Cube_FW_WBA_V1.8.0, STM32Cube_FW_WB_V1.24.0, STM32Cube_FW_WL3_V1.3.0, STM32Cube_FW_WL_V1.4.0, X-CUBE-ALGOBUILD_V1.4.0, X-CUBE-ALS_V1.0.2, X-CUBE-AZRTOS-F4_V1.1.0, X-CUBE-AZRTOS-F7_V1.1.0, X-CUBE-AZRTOS-G0_V1.1.0, X-CUBE-AZRTOS-G4_V2.0.0, X-CUBE-AZRTOS-H7RS_V1.1.0, X-CUBE-AZRTOS-H7_V3.4.0, X-CUBE-AZRTOS-L4_V2.0.0, X-CUBE-AZRTOS-L5_V2.0.0, X-CUBE-AZRTOS-WB_V2.0.0, X-CUBE-AZRTOS-WL_V2.0.0, X-CUBE-BLE1_V7.1.0, X-CUBE-BLE2_V3.3.0, X-CUBE-BLEMGR_V4.1.0, X-CUBE-EEPRMA1_V5.2.0, X-CUBE-FREERTOS_V1.3.1, X-CUBE-GNSS1_V6.0.0, X-CUBE-MEMS1_V11.3.0, X-CUBE-NFC4_V3.0.0, X-CUBE-NFC7_V2.0.0, X-CUBE-SFXS2LP1_V4.0.0, X-CUBE-ST67W61_V1.1.0, X-CUBE-SUBG2_V5.0.0, X-CUBE-TOF1_V3.4.3]
2025-12-27 11:16:22,891 [INFO] DbBoardsSqlite:226 - include board P-NUCLEO-WB55-NUCLEO as a kit item of type 'Nucleo-64'
2025-12-27 11:16:22,892 [INFO] DbBoardsSqlite:226 - include board P-NUCLEO-WB55-USBDONGLE as a kit item of type 'Nucleo USB Dongle'
2025-12-27 11:16:22,892 [INFO] DbBoardsSqlite:226 - include board STEVAL-IDP005V1 as a kit item of type 'Evaluation Board'
2025-12-27 11:16:22,892 [INFO] DbBoardsSqlite:226 - include board STEVAL-IDP005V2 as a kit item of type 'Evaluation Board'
2025-12-27 11:16:22,938 [INFO] ApiDb:240 - Found 895 in-development CPN: [B-G473E-ZEST1S, B-WB1M-WPAN1, B-WBA5M-WPAN, B-WL5M-SUBG1, NUCLEO-C031C6, NUCLEO-C051C8, NUCLEO-C071RB, NUCLEO-C092RC, NUCLEO-H503RB, NUCLEO-H533RE, NUCLEO-H563ZI, NUCLEO-H7S3L8, NUCLEO-N657X0-Q, NUCLEO-U031R8, NUCLEO-U083RC, NUCLEO-U385RG-Q, NUCLEO-U545RE-Q, NUCLEO-U5A5ZJ-Q, NUCLEO-WB05KZ, NUCLEO-WB07CC, NUCLEO-WB09KE, NUCLEO-WBA52CG, NUCLEO-WBA55CG, NUCLEO-WBA65RI, NUCLEO-WL33CC1, NUCLEO-WL33CC2, STEVAL-PROTEUS1, STEVAL-SMARTAG2, STEVAL-STWINBX1, STM320518-EVAL, STM32C0116-DK, STM32C011D6Y3TR, STM32C011D6Y6TR, STM32C011F4P3, STM32C011F4P6, STM32C011F4U3, STM32C011F4U6TR, STM32C011F6P3, STM32C011F6P6, STM32C011F6U3, STM32C011F6U6TR, STM32C011J4M3, STM32C011J4M6, STM32C011J6M3, STM32C011J6M6, STM32C0316-DK, STM32C031C4T3, STM32C031C4T6, STM32C031C4U3, STM32C031C4U6, STM32C031C6T3, STM32C031C6T6, STM32C031C6U3, STM32C031C6U6, STM32C031F4P3, STM32C031F4P6, STM32C031F6P3, STM32C031F6P6, STM32C031G4U3, STM32C031G4U6, STM32C031G6U3, STM32C031G6U6, STM32C031K4T3, STM32C031K4T6, STM32C031K4U3, STM32C031K4U6, STM32C031K6T3, STM32C031K6T6, STM32C031K6U3, STM32C031K6U6, STM32C051C6T6, STM32C051C6U6, STM32C051C8T6, STM32C051C8U6, STM32C051D8Y6TR, STM32C051F6P6, STM32C051F8P6, STM32C051G6U6, STM32C051G8U6, STM32C051K6T6, STM32C051K6U6, STM32C051K8T6, STM32C071C8T6, STM32C071C8T6N, STM32C071C8U6, STM32C071C8U6N, STM32C071CBT6, STM32C071CBT6N, STM32C071CBU6, STM32C071CBU6N, STM32C071F8P6, STM32C071F8P6N, STM32C071FBP6, STM32C071FBP6N, STM32C071FBY6TR, STM32C071G8U6, STM32C071G8U6N, STM32C071GBU6, STM32C071GBU6N, STM32C071K8T6, STM32C071K8T6N, STM32C071K8U6, STM32C071K8U6N, STM32C071KBT6, STM32C071KBT6N, STM32C071KBU6, STM32C071KBU6N, STM32C071R8T6, STM32C071R8T6N, STM32C071RBI6N, STM32C071RBT6, STM32C071RBT6N, STM32C091CBT6, STM32C091CBU6, STM32C091CCT6, STM32C091CCU6, STM32C091ECY6TR, STM32C091FBP6, STM32C091FCP6, STM32C091GBU6, STM32C091GCU6, STM32C091KBT6, STM32C091KBU6, STM32C091KCT6, STM32C091KCU6, STM32C091RBT6, STM32C091RCI6, STM32C091RCT6, STM32C092CBT6, STM32C092CBU6, STM32C092CCT6, STM32C092CCU6, STM32C092ECY6TR, STM32C092FBP6, STM32C092FCP6, STM32C092GBU6, STM32C092GCU6, STM32C092KBT6, STM32C092KBU6, STM32C092KCT6, STM32C092KCU6, STM32C092RBT6, STM32C092RCI6, STM32C092RCT6, STM32G071K8TXN, STM32G071K8UXN, STM32G081GBU6N, STM32G081KBT6N, STM32G081KBUXN, STM32G0B1CCT6N, STM32G0B1KCT6, STM32G0B1NEY6TR, STM32G0B1RCT6N, STM32G0C1CCT6, STM32G0C1CCT6N, STM32G0C1CCU6N, STM32G0C1CET6N, STM32G0C1CEU6N, STM32G0C1KCT6, STM32G0C1NEY6TR, STM32G0C1RCI6N, STM32G0C1RCT6N, STM32G0C1REI6N, STM32G0C1RET6N, STM32G0C1VCI6, STM32G0C1VEI6, STM32G411C6T3, STM32G411C6T6, STM32G411C6U3, STM32G411C6U6, STM32G411C8T3, STM32G411C8T6, STM32G411C8U3, STM32G411C8U6, STM32G411CBT3, STM32G411CBT6, STM32G411CBU3, STM32G411CBU6, STM32G411CCT3, STM32G411CCT6, STM32G411CCU3, STM32G411CCU6, STM32G411K6T3, STM32G411K6T6, STM32G411K6U3, STM32G411K6U6, STM32G411K8T3, STM32G411K8T6, STM32G411K8U3, STM32G411K8U6, STM32G411KBT3, STM32G411KBT6, STM32G411KBU3, STM32G411KBU6, STM32G411M6T3, STM32G411M6T6, STM32G411M8T3, STM32G411M8T6, STM32G411MBT3, STM32G411MBT6, STM32G411MCT3, STM32G411MCT6, STM32G411R6T3, STM32G411R6T6, STM32G411R8T3, STM32G411R8T6, STM32G411RBT3, STM32G411RBT6, STM32G411RCT3, STM32G411RCT6, STM32G414CBT3, STM32G414CBT6, STM32G414CBU3, STM32G414CBU6, STM32G414CCT3, STM32G414CCT6, STM32G414CCU3, STM32G414CCU6, STM32G414MBT3, STM32G414MBT6, STM32G414MCT3, STM32G414MCT6, STM32G414RBT3, STM32G414RBT6, STM32G414RCT3, STM32G414RCT6, STM32G414VBT3, STM32G414VBT6, STM32G414VCT3, STM32G414VCT6, STM32G431CBT3Z, STM32G431RBT3Z, STM32G471CCT6, STM32G471CCU6, STM32G471CET3, STM32G471CET6, STM32G471CEU3, STM32G471CEU6, STM32G471MCT6, STM32G471MET3, STM32G471MET6, STM32G471MEY6TR, STM32G471QCT6, STM32G471QET3, STM32G471RCT6, STM32G471RET3, STM32G471RET6, STM32G471VCH6, STM32G471VCI6, STM32G471VCT6, STM32G471VEH3, STM32G471VEH6, STM32G471VEI3, STM32G471VEI6, STM32G471VET3, STM32G471VET6, STM32G473QET3Z, STM32G473RET3Z, STM32G474CCT6, STM32G491RET3Z, STM32H503CBT6, STM32H503CBU6, STM32H503EBY6TR, STM32H503KBU6, STM32H503RBT6, STM32H523CCT6, STM32H523CCU6, STM32H523CET6, STM32H523CEU6, STM32H523HEY6TR, STM32H523RCT6, STM32H523RET6, STM32H523VCI6, STM32H523VCT6, STM32H523VEI6, STM32H523VET6, STM32H523ZCJ6, STM32H523ZCT6, STM32H523ZEJ6, STM32H523ZET6, STM32H533CET6, STM32H533CEU6, STM32H533HEY6TR, STM32H533RET6, STM32H533VEI6, STM32H533VET6, STM32H533ZEJ6, STM32H533ZET6, STM32H562AGI6, STM32H562AII6, STM32H562IGK6, STM32H562IGT6, STM32H562IIK6, STM32H562IIT6, STM32H562RGT6, STM32H562RGV6, STM32H562RIT6, STM32H562RIV6, STM32H562VGT6, STM32H562VIT6, STM32H562ZGT6, STM32H562ZIT6, STM32H563AGI6, STM32H563AII3Q, STM32H563AII6, STM32H563IGK6, STM32H563IGT6, STM32H563IIK3Q, STM32H563IIK6, STM32H563IIT3Q, STM32H563IIT6, STM32H563MIY3QTR, STM32H563RGT6, STM32H563RGV6, STM32H563RIT6, STM32H563RIV6, STM32H563VGT6, STM32H563VIT3Q, STM32H563VIT6, STM32H563ZGT6, STM32H563ZIT3Q, STM32H563ZIT6, STM32H573AII3Q, STM32H573AII6, STM32H573I-DK, STM32H573IIK3Q, STM32H573IIK6, STM32H573IIT3Q, STM32H573IIT6, STM32H573MIY3QTR, STM32H573RIT6, STM32H573RIV6, STM32H573VIT3Q, STM32H573VIT6, STM32H573ZIT3Q, STM32H573ZIT6, STM32H7R3A8I6, STM32H7R3I8K6, STM32H7R3I8T6, STM32H7R3L8H6, STM32H7R3L8H6H, STM32H7R3R8V6, STM32H7R3V8H6, STM32H7R3V8T6, STM32H7R3V8Y6TR, STM32H7R3Z8J6, STM32H7R3Z8T6, STM32H7R7A8I6, STM32H7R7I8K6, STM32H7R7I8T6, STM32H7R7L8H6, STM32H7R7L8H6H, STM32H7R7Z8J6, STM32H7S3A8I6, STM32H7S3I8K6, STM32H7S3I8T6, STM32H7S3L8H6, STM32H7S3L8H6H, STM32H7S3R8V6, STM32H7S3V8H6, STM32H7S3V8T6, STM32H7S3V8Y6TR, STM32H7S3Z8J6, STM32H7S3Z8T6, STM32H7S78-DK, STM32H7S7A8I6, STM32H7S7I8K6, STM32H7S7I8T6, STM32H7S7L8H6, STM32H7S7L8H6H, STM32H7S7Z8J6, STM32L4R5QGI6STR, STM32MP131AAE3, STM32MP131AAF3, STM32MP131AAG3, STM32MP131CAE3, STM32MP131CAF3, STM32MP131CAG3, STM32MP131DAE7, STM32MP131DAF7, STM32MP131DAG7, STM32MP131FAE7, STM32MP131FAF7, STM32MP131FAG7, STM32MP133AAE3, STM32MP133AAF3, STM32MP133AAG3, STM32MP133CAE3, STM32MP133CAF3, STM32MP133CAG3, STM32MP133DAE7, STM32MP133DAF7, STM32MP133DAG7, STM32MP133FAE7, STM32MP133FAF7, STM32MP133FAG7, STM32MP135AAE3, STM32MP135AAF3, STM32MP135AAG3, STM32MP135CAE3, STM32MP135CAF3, STM32MP135CAG3, STM32MP135DAE7, STM32MP135DAF7, STM32MP135DAG7, STM32MP135F-DK, STM32MP135FAE7, STM32MP135FAF7, STM32MP135FAF7T, STM32MP135FAF7U, STM32MP135FAG7, STM32MP231AAJ3, STM32MP231AAK3, STM32MP231AAL3, STM32MP231CAJ3, STM32MP231CAK3, STM32MP231CAL3, STM32MP231DAJ3, STM32MP231DAK3, STM32MP231DAL3, STM32MP231FAJ3, STM32MP231FAK3, STM32MP231FAL3, STM32MP233AAJ3, STM32MP233AAK3, STM32MP233AAL3, STM32MP233CAJ3, STM32MP233CAK3, STM32MP233CAL3, STM32MP233DAJ3, STM32MP233DAK3, STM32MP233DAL3, STM32MP233FAJ3, STM32MP233FAK3, STM32MP233FAL3, STM32MP235AAJ3, STM32MP235AAK3, STM32MP235AAL3, STM32MP235CAJ3, STM32MP235CAK3, STM32MP235CAL3, STM32MP235DAJ3, STM32MP235DAK3, STM32MP235DAL3, STM32MP235FAJ3, STM32MP235FAK3, STM32MP235FAL3, STM32MP251AAI3, STM32MP251AAJ3, STM32MP251AAK3, STM32MP251AAL3, STM32MP251CAI3, STM32MP251CAJ3, STM32MP251CAK3, STM32MP251CAL3, STM32MP251DAI3, STM32MP251DAJ3, STM32MP251DAK3, STM32MP251DAL3, STM32MP251FAI3, STM32MP251FAJ3, STM32MP251FAK3, STM32MP251FAL3, STM32MP253AAI3, STM32MP253AAJ3, STM32MP253AAK3, STM32MP253AAL3, STM32MP253CAI3, STM32MP253CAJ3, STM32MP253CAK3, STM32MP253CAL3, STM32MP253DAI3, STM32MP253DAJ3, STM32MP253DAK3, STM32MP253DAL3, STM32MP253FAI3, STM32MP253FAJ3, STM32MP253FAK3, STM32MP253FAL3, STM32MP255AAI3, STM32MP255AAJ3, STM32MP255AAK3, STM32MP255AAL3, STM32MP255CAI3, STM32MP255CAJ3, STM32MP255CAK3, STM32MP255CAL3, STM32MP255DAI3, STM32MP255DAJ3, STM32MP255DAK3, STM32MP255DAL3, STM32MP255FAI3, STM32MP255FAJ3, STM32MP255FAK3, STM32MP255FAL3, STM32MP257AAI3, STM32MP257AAJ3, STM32MP257AAK3, STM32MP257AAL3, STM32MP257CAI3, STM32MP257CAJ3, STM32MP257CAK3, STM32MP257CAL3, STM32MP257DAI3, STM32MP257DAJ3, STM32MP257DAK3, STM32MP257DAL3, STM32MP257F-DK, STM32MP257F-EV1, STM32MP257FAI3, STM32MP257FAJ3, STM32MP257FAK3, STM32MP257FAL3, STM32N645A0H3Q, STM32N645B0H3Q, STM32N645I0H3Q, STM32N645L0H3Q, STM32N645X0H3Q, STM32N645Z0H3Q, STM32N647A0H3Q, STM32N647B0H3Q, STM32N647I0H3Q, STM32N647L0H3Q, STM32N647X0H3Q, STM32N647Z0H3Q, STM32N655A0H3Q, STM32N655B0H3Q, STM32N655I0H3Q, STM32N655L0H3Q, STM32N655X0H3Q, STM32N655Z0H3Q, STM32N6570-DK, STM32N657A0H3Q, STM32N657B0H3Q, STM32N657I0H3Q, STM32N657L0H3Q, STM32N657X0H3Q, STM32N657Z0H3Q, STM32U031C6T6, STM32U031C6U6, STM32U031C8T6, STM32U031C8U6, STM32U031F4P6, STM32U031F6P6, STM32U031F8P6, STM32U031G6Y6TR, STM32U031G8Y6TR, STM32U031K4U6, STM32U031K6U6, STM32U031K8U6, STM32U031R6I6, STM32U031R6T6, STM32U031R8I6, STM32U031R8T6, STM32U073C8T6, STM32U073C8U6, STM32U073CBT6, STM32U073CBU6, STM32U073CCT6, STM32U073CCU6, STM32U073H8Y6TR, STM32U073HBY6TR, STM32U073HCY6TR, STM32U073K8U6, STM32U073KBU6, STM32U073KCU6, STM32U073M8I6, STM32U073M8T6, STM32U073MBI6, STM32U073MBT6, STM32U073MCI6, STM32U073MCT6, STM32U073R8I6, STM32U073R8T6, STM32U073RBI6, STM32U073RBT6, STM32U073RCI6, STM32U073RCT6, STM32U083C-DK, STM32U083CCT6, STM32U083CCU6, STM32U083HCY6TR, STM32U083KCU6, STM32U083MCI6, STM32U083MCT6, STM32U083RCI6, STM32U083RCT6, STM32U375CET6, STM32U375CET6Q, STM32U375CEU6, STM32U375CEU6Q, STM32U375CEY6QTR, STM32U375CGT6, STM32U375CGT6Q, STM32U375CGU6, STM32U375CGU6Q, STM32U375CGY6QTR, STM32U375KEU6, STM32U375KGU6, STM32U375REI6, STM32U375REI6Q, STM32U375RET6, STM32U375RET6Q, STM32U375REY6GTR, STM32U375REY6QTR, STM32U375RGI6, STM32U375RGI6Q, STM32U375RGT6, STM32U375RGT6Q, STM32U375RGY6GTR, STM32U375RGY6QTR, STM32U375VEI6, STM32U375VEI6Q, STM32U375VET6, STM32U375VET6Q, STM32U375VGI6, STM32U375VGI6Q, STM32U375VGT6, STM32U375VGT6Q, STM32U385CGT6, STM32U385CGT6Q, STM32U385CGU6, STM32U385CGU6Q, STM32U385CGY6QTR, STM32U385KGU6, STM32U385RGI6, STM32U385RGI6Q, STM32U385RGT6, STM32U385RGT6Q, STM32U385RGY6GTR, STM32U385RGY6QTR, STM32U385VGI6, STM32U385VGI6Q, STM32U385VGT6, STM32U385VGT6Q, STM32U535CBT6, STM32U535CBT6Q, STM32U535CBU6, STM32U535CBU6Q, STM32U535CCT6, STM32U535CCT6Q, STM32U535CCU6, STM32U535CCU6Q, STM32U535CET6, STM32U535CET6Q, STM32U535CEU6, STM32U535CEU6Q, STM32U535JEY6QTR, STM32U535NCY6QTR, STM32U535NEY6QTR, STM32U535RBI6, STM32U535RBI6Q, STM32U535RBT6, STM32U535RBT6Q, STM32U535RCI6, STM32U535RCI6Q, STM32U535RCT6, STM32U535RCT6Q, STM32U535REI6, STM32U535REI6Q, STM32U535RET6, STM32U535RET6Q, STM32U535VCI6, STM32U535VCI6Q, STM32U535VCT6, STM32U535VCT6Q, STM32U535VEI6, STM32U535VEI6Q, STM32U535VET6, STM32U535VET6Q, STM32U545CET6, STM32U545CET6Q, STM32U545CEU6, STM32U545CEU6Q, STM32U545JEY6QTR, STM32U545NEY6QTR, STM32U545REI6, STM32U545REI6Q, STM32U545RET6, STM32U545RET6Q, STM32U545VEI6, STM32U545VEI6Q, STM32U545VET6, STM32U545VET6Q, STM32U595AIH6, STM32U595AIH6Q, STM32U595AJH6, STM32U595AJH6Q, STM32U595QII6, STM32U595QII6Q, STM32U595QJI6, STM32U595QJI6Q, STM32U595RIT6, STM32U595RIT6Q, STM32U595RJT6, STM32U595RJT6Q, STM32U595VIT6, STM32U595VIT6Q, STM32U595VJT6, STM32U595VJT6Q, STM32U595ZIT6, STM32U595ZIT6Q, STM32U595ZIY6QTR, STM32U595ZJT6, STM32U595ZJT6Q, STM32U595ZJY6QTR, STM32U599BJY6QTR, STM32U599NIH6Q, STM32U599NJH6Q, STM32U599VIT6Q, STM32U599VJT6, STM32U599VJT6Q, STM32U599ZIT6Q, STM32U599ZIY6QTR, STM32U599ZJT6Q, STM32U599ZJY6QTR, STM32U5A5AJH6, STM32U5A5AJH6Q, STM32U5A5QII3Q , STM32U5A5QJI6, STM32U5A5QJI6Q, STM32U5A5RJT6, STM32U5A5RJT6Q, STM32U5A5VJT6, STM32U5A5VJT6Q, STM32U5A5ZJT6, STM32U5A5ZJT6Q, STM32U5A5ZJY6QTR, STM32U5A9BJY6QTR, STM32U5A9J-DK, STM32U5A9NJH6Q, STM32U5A9VJT6Q, STM32U5A9ZJT6Q, STM32U5A9ZJY6QTR, STM32U5F7VIT6, STM32U5F7VIT6Q, STM32U5F7VJT6, STM32U5F7VJT6Q, STM32U5F9BJY6QTR, STM32U5F9NJH6Q, STM32U5F9VIT6Q, STM32U5F9VJT6Q, STM32U5F9ZIJ6QTR, STM32U5F9ZIT6Q, STM32U5F9ZJJ6QTR, STM32U5F9ZJT6Q, STM32U5G7VJT6, STM32U5G7VJT6Q, STM32U5G9BJY6QTR, STM32U5G9J-DK1, STM32U5G9J-DK2, STM32U5G9NJH6Q, STM32U5G9VJT6Q, STM32U5G9ZJJ6QTR, STM32U5G9ZJT6Q, STM32WB05KZV6TR, STM32WB05KZV7TR, STM32WB05TZF6TR, STM32WB05TZF7TR, STM32WB06CCF6TR, STM32WB06CCF7TR, STM32WB06CCV6TR, STM32WB06CCV7TR, STM32WB06KCV6TR, STM32WB06KCV7TR, STM32WB07CCF6TR, STM32WB07CCF7TR, STM32WB07CCV6TR, STM32WB07CCV7TR, STM32WB07KCV6TR, STM32WB07KCV7TR, STM32WB09KEV6TR, STM32WB09KEV7TR, STM32WB09TEF6TR, STM32WB09TEF7TR, STM32WB1MMCH6, STM32WBA50KGU6, STM32WBA50KGU6TR, STM32WBA52CEU6, STM32WBA52CEU6TR, STM32WBA52CEU7, STM32WBA52CEU7TR, STM32WBA52CGU6, STM32WBA52CGU6TR, STM32WBA52CGU6U, STM32WBA52CGU7, STM32WBA52CGU7TR, STM32WBA52KEU6, STM32WBA52KEU6TR, STM32WBA52KGU6, STM32WBA52KGU6TR, STM32WBA54CEU6, STM32WBA54CEU6TR, STM32WBA54CEU7, STM32WBA54CEU7TR, STM32WBA54CGU6, STM32WBA54CGU6TR, STM32WBA54CGU7, STM32WBA54CGU7TR, STM32WBA54KEU6, STM32WBA54KEU6TR, STM32WBA54KEU7, STM32WBA54KEU7TR, STM32WBA54KGU6, STM32WBA54KGU6TR, STM32WBA54KGU7, STM32WBA54KGU7TR, STM32WBA55CEU6, STM32WBA55CEU6TR, STM32WBA55CEU7, STM32WBA55CEU7TR, STM32WBA55CGU6, STM32WBA55CGU6TR, STM32WBA55CGU6U, STM32WBA55CGU7, STM32WBA55CGU7TR, STM32WBA55G-DK1, STM32WBA55HEF6, STM32WBA55HEF7, STM32WBA55HGF6, STM32WBA55HGF7, STM32WBA55UEI6, STM32WBA55UEI6TR, STM32WBA55UEI7, STM32WBA55UEI7TR, STM32WBA55UGI6, STM32WBA55UGI6TR, STM32WBA55UGI7, STM32WBA55UGI7TR, STM32WBA5MJGH6TR, STM32WBA62CGU6, STM32WBA62CIU6, STM32WBA62MGF6, STM32WBA62MIF6, STM32WBA62PGI6, STM32WBA62PII6, STM32WBA63CGU6, STM32WBA63CGU7, STM32WBA63CIU6, STM32WBA63CIU7, STM32WBA64CGU6, STM32WBA64CGU7, STM32WBA64CIU6, STM32WBA64CIU7, STM32WBA65CGU6, STM32WBA65CGU7, STM32WBA65CIU6, STM32WBA65CIU7, STM32WBA65I-DK1, STM32WBA65MGF6, STM32WBA65MGF7, STM32WBA65MIF6, STM32WBA65MIF7, STM32WBA65PGI6, STM32WBA65PGI7, STM32WBA65PII6, STM32WBA65PII7, STM32WBA65RGV6, STM32WBA65RGV7, STM32WBA65RIV6, STM32WBA65RIV7, STM32WL30K8V6, STM32WL30KBV6, STM32WL31C8V6, STM32WL31CBV6, STM32WL31K8V6, STM32WL31KBV6, STM32WL33C8V6, STM32WL33C8V6TR, STM32WL33C8V7, STM32WL33C8V7TR, STM32WL33CBV6, STM32WL33CBV6TR, STM32WL33CBV7, STM32WL33CBV7TR, STM32WL33CCV6, STM32WL33CCV6TR, STM32WL33CCV7, STM32WL33CCV7A, STM32WL33CCV7ATR, STM32WL33CCV7TR, STM32WL33K8V6, STM32WL33K8V6TR, STM32WL33K8V7, STM32WL33K8V7TR, STM32WL33KBV6, STM32WL33KBV6TR, STM32WL33KBV7, STM32WL33KBV7TR, STM32WL33KCV6, STM32WL33KCV6TR, STM32WL33KCV7, STM32WL33KCV7TR, STM32WL5MOCH6, STM32WL5MOCH6TR]
2025-12-27 11:16:23,120 [INFO] BoardInfo:889 - No configuration file found for board P-NUCLEO-WB55
2025-12-27 11:16:23,121 [INFO] DbBoards:161 - Kit is not supported: P-NUCLEO-WB55
2025-12-27 11:16:23,126 [INFO] BoardInfo:889 - No configuration file found for board STEVAL-BFA001V1B
2025-12-27 11:16:23,127 [INFO] DbBoards:161 - Kit is not supported: STEVAL-BFA001V1B
2025-12-27 11:16:23,128 [INFO] BoardInfo:889 - No configuration file found for board STEVAL-BFA001V2B
2025-12-27 11:16:23,129 [INFO] DbBoards:161 - Kit is not supported: STEVAL-BFA001V2B
2025-12-27 11:16:23,288 [INFO] DbBoards:168 - Found 211 boards, 208 are supported
2025-12-27 11:16:23,288 [INFO] DbBoards:169 - Found 211 boards, 43 of them is supported for  Bsp
2025-12-27 11:16:23,290 [INFO] ApiDb:423 - Load user favorites file C:\Users\jaowe/.stm32cubeide/favorites.boards.txt: 0 item(s)
2025-12-27 11:16:23,290 [INFO] ApiDb:427 - User favorites Boards=[]
2025-12-27 11:16:23,290 [INFO] DbBoards:198 - Set 0 / 0 favorites Boards
2025-12-27 11:16:23,517 [INFO] ServerAccessManage:473 - Download File 
2025-12-27 11:16:23,601 [INFO] LoadUrlFilesThread:185 - End of LoadServerUrlFiles without Thread
2025-12-27 11:16:23,601 [INFO] TargetSelectorAdapter:259 - Refresh data is successful
2025-12-27 11:16:23,604 [INFO] ApiDb:668 - CubeFinder database Data Model version=2.1
2025-12-27 11:16:23,604 [INFO] ApiDb:669 - CubeFinder database Configuration version=3.0.39
2025-12-27 11:16:23,604 [INFO] ApiDb:670 - CubeFinder database generation date=2025-11-05 (1762334721)
2025-12-27 11:16:23,604 [INFO] ApiDb:671 - CubeFinder database FW Pack versions=[FP-ATR-ASTRA1_V2.0.0, FP-SNS-FLIGHT1_V5.1.0, FP-SNS-MOTENV1_V5.1.0, FP-SNS-MOTENVWB1_V1.4.0, FP-SNS-SMARTAG2_V1.2.0, FP-SNS-STBOX1_V2.1.0, STM32Cube_FW_C0_V1.4.0, STM32Cube_FW_F4_V1.28.3, STM32Cube_FW_F7_V1.17.4, STM32Cube_FW_G0_V1.6.2, STM32Cube_FW_G4_V1.6.1, STM32Cube_FW_H5_V1.5.1, STM32Cube_FW_H7RS_V1.3.0, STM32Cube_FW_H7_V1.12.1, STM32Cube_FW_L0_V1.12.2, STM32Cube_FW_L4_V1.18.1, STM32Cube_FW_L5_V1.6.0, STM32Cube_FW_N6_V1.3.0, STM32Cube_FW_U0_V1.3.0, STM32Cube_FW_U3_V1.2.1, STM32Cube_FW_U5_V1.8.0, STM32Cube_FW_WB0_V1.4.0, STM32Cube_FW_WBA_V1.8.0, STM32Cube_FW_WB_V1.24.0, STM32Cube_FW_WL3_V1.3.0, STM32Cube_FW_WL_V1.4.0, X-CUBE-ALGOBUILD_V1.4.0, X-CUBE-ALS_V1.0.2, X-CUBE-AZRTOS-F4_V1.1.0, X-CUBE-AZRTOS-F7_V1.1.0, X-CUBE-AZRTOS-G0_V1.1.0, X-CUBE-AZRTOS-G4_V2.0.0, X-CUBE-AZRTOS-H7RS_V1.1.0, X-CUBE-AZRTOS-H7_V3.4.0, X-CUBE-AZRTOS-L4_V2.0.0, X-CUBE-AZRTOS-L5_V2.0.0, X-CUBE-AZRTOS-WB_V2.0.0, X-CUBE-AZRTOS-WL_V2.0.0, X-CUBE-BLE1_V7.1.0, X-CUBE-BLE2_V3.3.0, X-CUBE-BLEMGR_V4.1.0, X-CUBE-EEPRMA1_V5.2.0, X-CUBE-FREERTOS_V1.3.1, X-CUBE-GNSS1_V6.0.0, X-CUBE-MEMS1_V11.3.0, X-CUBE-NFC4_V3.0.0, X-CUBE-NFC7_V2.0.0, X-CUBE-SFXS2LP1_V4.0.0, X-CUBE-ST67W61_V1.1.0, X-CUBE-SUBG2_V5.0.0, X-CUBE-TOF1_V3.4.3]
2025-12-27 11:16:24,044 [ERROR] DbExamplesSqlite:437 - Missing JSON key: board_cpn
2025-12-27 11:16:24,044 [ERROR] DbExamplesSqlite:437 - Missing JSON key: board_cpn
2025-12-27 11:16:24,044 [ERROR] DbExamplesSqlite:437 - Missing JSON key: board_cpn
2025-12-27 11:16:24,044 [ERROR] DbExamplesSqlite:437 - Missing JSON key: board_cpn
2025-12-27 11:16:24,273 [ERROR] DbExamplesSqlite:437 - Missing JSON key: board_cpn
2025-12-27 11:16:24,273 [ERROR] DbExamplesSqlite:437 - Missing JSON key: board_cpn
2025-12-27 11:16:24,280 [INFO] DbExamplesSqlite:395 - Ignored 42 examples not supported by CubeIDE
2025-12-27 11:16:24,280 [INFO] DbExamplesSqlite:396 - Found 10883 examples active
2025-12-27 11:16:24,280 [INFO] DbExamplesSqlite:397 - Found 0 examples obsolete
2025-12-27 11:16:24,280 [INFO] DbExamplesSqlite:398 - Found 0 examples under development
2025-12-27 11:16:24,280 [INFO] DbExamplesSqlite:399 - Found 85 examples not building
2025-12-27 11:16:24,282 [INFO] DbExamples:125 - Found 10926 examples
2025-12-27 11:16:24,318 [ERROR] DbExamples:208 - Found 73 examples with invalid data (board or MCU)
2025-12-27 11:16:24,319 [INFO] DbExamples:222 - Found 134 boards with related examples
2025-12-27 11:16:24,319 [INFO] DbExamples:235 - Found 111 MCUs with related examples
2025-12-27 11:16:24,337 [INFO] ApiDb:423 - Load user favorites file C:\Users\jaowe/.stm32cubeide/favorites.examples.txt: 1 item(s)
2025-12-27 11:16:24,337 [INFO] ApiDb:427 - User favorites Examples=[STM32CUBEWB-SWX-18594]
2025-12-27 11:16:24,337 [INFO] DbExamples:250 - Set 1 / 1 favorites Examples
2025-12-27 11:16:24,439 [INFO] McuFinderGlobals:76 - Set McuFinderConnectedMode to true
2025-12-27 11:16:24,446 [INFO] MultiScanPanel:200 - Auto-refresh data requested => check proxy status ongoing
2025-12-27 11:16:24,449 [INFO] FinderPluginLoader:95 - Searching for filters in installed packs
2025-12-27 11:16:25,439 [INFO] LoadUrlFilesThread:185 - End of LoadServerUrlFiles without Thread
2025-12-27 11:16:25,445 [INFO] DetailPanel:341 - Set advertising image to C:/Users/jaowe/STM32Cube/Repository/\en.prom-st67w-expansion-board.png
2025-12-27 11:16:54,811 [INFO] MultiScanPanel:200 - Auto-refresh data requested => check proxy status ongoing
2025-12-27 11:16:54,883 [INFO] LoadUrlFilesThread:185 - End of LoadServerUrlFiles without Thread
2025-12-27 11:16:54,884 [INFO] DetailPanel:341 - Set advertising image to C:/Users/jaowe/STM32Cube/Repository/\en.prom-st67w-expansion-board.png
2025-12-27 11:16:54,890 [INFO] MultiScanPanel:728 - adjusting invalid saved split location: -0.34
2025-12-27 11:16:54,891 [INFO] DbBoards:642 - Loading board mini-images...
2025-12-27 11:16:56,366 [INFO] DbBoards:665 - Loaded 211 board mini-images
2025-12-27 11:16:56,390 [INFO] MultiScanPanel:728 - adjusting invalid saved split location: -0.34
2025-12-27 11:17:19,096 [INFO] MainUpdater:2872 - connection check result : 10
2025-12-27 11:17:19,096 [INFO] MainUpdater:2872 - connection check result : 10
2025-12-27 11:17:19,680 [INFO] I2cTimingTraitement:330 - 0x10B17DB5
2025-12-27 11:17:19,685 [INFO] MicroXplorer:468 - Change Database Path : 
2025-12-27 11:17:19,685 [INFO] MicroXplorer:498 - Change Database Version : DB.6.0.140
2025-12-27 11:17:19,700 [ERROR] ProjectManagerView:394 - 
java.lang.NullPointerException: Cannot invoke "javax.swing.JTextField.getText()" because the return value of "java.util.List.get(int)" is null
	at com.st.microxplorer.plugins.projectmanager.gui.ProjectChoiceTab$9.caretUpdate(ProjectChoiceTab.java:2678) ~[filemanager.jar:?]
	at javax.swing.text.JTextComponent.fireCaretUpdate(JTextComponent.java:408) ~[?:?]
	at javax.swing.text.JTextComponent$MutableCaretEvent.fire(JTextComponent.java:4484) ~[?:?]
	at javax.swing.text.JTextComponent$MutableCaretEvent.stateChanged(JTextComponent.java:4506) ~[?:?]
	at javax.swing.text.DefaultCaret.fireStateChanged(DefaultCaret.java:857) ~[?:?]
	at javax.swing.text.DefaultCaret.changeCaretPosition(DefaultCaret.java:1343) ~[?:?]
	at javax.swing.text.DefaultCaret.handleSetDot(DefaultCaret.java:1242) ~[?:?]
	at javax.swing.text.DefaultCaret.setDot(DefaultCaret.java:1223) ~[?:?]
	at javax.swing.text.DefaultCaret$Handler.insertUpdate(DefaultCaret.java:1819) ~[?:?]
	at javax.swing.text.AbstractDocument.fireInsertUpdate(AbstractDocument.java:227) ~[?:?]
	at javax.swing.text.AbstractDocument.handleInsertString(AbstractDocument.java:781) ~[?:?]
	at javax.swing.text.AbstractDocument.insertString(AbstractDocument.java:740) ~[?:?]
	at javax.swing.text.PlainDocument.insertString(PlainDocument.java:131) ~[?:?]
	at javax.swing.text.AbstractDocument.replace(AbstractDocument.java:699) ~[?:?]
	at javax.swing.text.JTextComponent.setText(JTextComponent.java:1725) ~[?:?]
	at com.st.microxplorer.plugins.projectmanager.gui.ProjectChoiceTab.createHeapStackFields(ProjectChoiceTab.java:979) ~[filemanager.jar:?]
	at com.st.microxplorer.plugins.projectmanager.gui.ProjectChoiceTab.buildLinkSettingsPanel(ProjectChoiceTab.java:3766) ~[filemanager.jar:?]
	at com.st.microxplorer.plugins.projectmanager.gui.ProjectChoiceTab.defineWindowsFields(ProjectChoiceTab.java:1962) ~[filemanager.jar:?]
	at com.st.microxplorer.plugins.projectmanager.gui.ProjectChoiceTab.updateSettings(ProjectChoiceTab.java:555) ~[filemanager.jar:?]
	at com.st.microxplorer.plugins.projectmanager.gui.ProjectSettingsPanel.UpdateDialog(ProjectSettingsPanel.java:245) ~[filemanager.jar:?]
	at com.st.microxplorer.plugins.projectmanager.ProjectManagerView.propertyChange(ProjectManagerView.java:391) ~[filemanager.jar:?]
	at java.beans.PropertyChangeSupport.fire(PropertyChangeSupport.java:343) ~[?:?]
	at java.beans.PropertyChangeSupport.firePropertyChange(PropertyChangeSupport.java:335) ~[?:?]
	at java.beans.PropertyChangeSupport.firePropertyChange(PropertyChangeSupport.java:268) ~[?:?]
	at com.st.microxplorer.util.MXPropertyChangeSupport.firePropertyChange(MXPropertyChangeSupport.java:54) ~[STM32CubeMX.jar:?]
	at com.st.microxplorer.mxsystem.MxSystem.closeConfig(MxSystem.java:899) ~[STM32CubeMX.jar:?]
	at com.st.microxplorer.maingui.MainPanel.closeConfig(MainPanel.java:789) ~[STM32CubeMX.jar:?]
	at com.st.microxplorer.plugins.filemanager.engine.OpenFileManager.loadConfigurationFile(OpenFileManager.java:287) ~[filemanager.jar:?]
	at com.st.microxplorer.plugins.filemanager.engine.MainFileManager.userLoadConfig(MainFileManager.java:341) ~[filemanager.jar:?]
	at com.st.microxplorer.plugins.filemanager.FileManagerView.getSpecificTask(FileManagerView.java:250) ~[filemanager.jar:?]
	at com.st.stm32cube.common.mx.editor.CubeMxEditor.getMxTabbedPaneInstance(CubeMxEditor.java:1191) ~[com.st.stm32cube.common.mx_6.14.0.202502271554/:?]
	at com.st.stm32cube.common.mx.editor.CubeMxEditor$12$1.createSwingComponent(CubeMxEditor.java:1068) ~[com.st.stm32cube.common.mx_6.14.0.202502271554/:?]
	at com.st.stm32cube.common.mx.oss.core.awtswtbridge.EmbeddedSwingComposite.doComponentCreation(EmbeddedSwingComposite.java:492) ~[com.st.stm32cube.common.mx.oss_6.14.0.202502271554/:?]
	at com.st.stm32cube.common.mx.oss.core.awtswtbridge.EmbeddedSwingComposite$4.run(EmbeddedSwingComposite.java:291) ~[com.st.stm32cube.common.mx.oss_6.14.0.202502271554/:?]
	at com.st.stm32cube.common.mx.oss.core.awtswtbridge.AwtEnvironment$2.run(AwtEnvironment.java:166) ~[com.st.stm32cube.common.mx.oss_6.14.0.202502271554/:?]
	at java.awt.event.InvocationEvent.dispatch(InvocationEvent.java:318) ~[?:?]
	at java.awt.EventQueue.dispatchEventImpl(EventQueue.java:773) ~[?:?]
	at java.awt.EventQueue$4.run(EventQueue.java:720) ~[?:?]
	at java.awt.EventQueue$4.run(EventQueue.java:714) ~[?:?]
	at java.security.AccessController.doPrivileged(AccessController.java:400) ~[?:?]
	at java.security.ProtectionDomain$JavaSecurityAccessImpl.doIntersectionPrivilege(ProtectionDomain.java:87) ~[?:?]
	at java.awt.EventQueue.dispatchEvent(EventQueue.java:742) ~[?:?]
	at java.awt.EventDispatchThread.pumpOneEventForFilters(EventDispatchThread.java:203) ~[?:?]
	at java.awt.EventDispatchThread.pumpEventsForFilter(EventDispatchThread.java:124) ~[?:?]
	at java.awt.EventDispatchThread.pumpEventsForHierarchy(EventDispatchThread.java:113) ~[?:?]
	at java.awt.EventDispatchThread.pumpEvents(EventDispatchThread.java:109) ~[?:?]
	at java.awt.EventDispatchThread.pumpEvents(EventDispatchThread.java:101) ~[?:?]
	at java.awt.EventDispatchThread.run(EventDispatchThread.java:90) ~[?:?]
2025-12-27 11:17:19,709 [WARN] ThirdParty:871 - waiting for thirdparty lock release [close project]
2025-12-27 11:17:19,709 [INFO] ThirdParty:873 - entering critical section [close project]
2025-12-27 11:17:19,709 [INFO] ThirdParty:883 - exiting critical section [close project]
2025-12-27 11:17:19,710 [INFO] PinOutPanel:1589 - setPackage(No Configuration,No Configuration)
2025-12-27 11:17:19,725 [INFO] UtilMem:75 - Begin LoadConfig() Used Memory: 773585656 Bytes (984612864)
2025-12-27 11:17:19,726 [INFO] OpenFileManager:354 - Change cursor
2025-12-27 11:17:19,738 [INFO] Mcu:2011 - Initializing MCU STM32WB55CGUx STM32WB55CGUx STM32WB55CGU6
2025-12-27 11:17:20,499 [INFO] Context:756 - Trying to add GPIOservice into a context  which must be forbidden
2025-12-27 11:17:20,751 [INFO] Rule:224 - rule Adapt Old IOC before rework replace old CORTEX_M33/CORTEX_M55 attributes by the new one. is applicable
2025-12-27 11:17:20,751 [INFO] Rule:224 - rule Rename parametre of RCC RCC_APBDBG_DIV2 to RCC_TIMPRES_DIV2 is applicable
2025-12-27 11:17:20,751 [INFO] Rule:224 - rule Rename DIE493 pin PA10 [PA12] -> PA10 is applicable
2025-12-27 11:17:20,751 [INFO] Rule:224 - rule Rename DIE493 pin PA9 [PA11] -> PA9 is applicable
2025-12-27 11:17:20,751 [INFO] DbConfProperties:307 - Apply Compatibility (0/4 Rules)
2025-12-27 11:17:20,762 [INFO] ImportTextPane:218 - (OptionalMessage_ERROR) Pin14 (VP_RIF_VS_RIF1) cannot be retrieved for this MCU
2025-12-27 11:17:20,785 [INFO] RtosManager:558 - Registered RTOS mode: class=CMSIS, group=RTOS, mode=CMSIS_V1, owner=FREERTOS
2025-12-27 11:17:20,785 [INFO] RtosManager:558 - Registered RTOS mode: class=CMSIS, group=RTOS2, mode=CMSIS_V2, owner=FREERTOS
2025-12-27 11:17:20,785 [INFO] RtosManager:558 - Registered RTOS mode: class=RTOS, group=Core, mode=CMSIS_V1, owner=FREERTOS
2025-12-27 11:17:20,785 [INFO] RtosManager:558 - Registered RTOS mode: class=RTOS, group=Core, mode=CMSIS_V2, owner=FREERTOS
2025-12-27 11:17:20,785 [WARN] ModelIntegratedComponent:184 - Missing modes for component STMicroelectronics:FreeRTOS:0.0.1:STMicroelectronics:RTOS:FreeRTOS:Core:::10.2.0:
2025-12-27 11:17:20,797 [WARN] ModelIntegratedComponent:63 - No mode defined for component null
2025-12-27 11:17:20,798 [WARN] ModelIntegratedComponent:63 - No mode defined for component null
2025-12-27 11:17:20,798 [WARN] ModelIntegratedComponent:63 - No mode defined for component null
2025-12-27 11:17:20,798 [WARN] ModelIntegratedComponent:63 - No mode defined for component null
2025-12-27 11:17:20,798 [WARN] ModelIntegratedComponent:63 - No mode defined for component null
2025-12-27 11:17:20,798 [WARN] ModelIntegratedComponent:63 - No mode defined for component null
2025-12-27 11:17:20,798 [WARN] ModelIntegratedComponent:63 - No mode defined for component null
2025-12-27 11:17:20,798 [WARN] ModelIntegratedComponent:63 - No mode defined for component null
2025-12-27 11:17:20,798 [WARN] ModelIntegratedComponent:63 - No mode defined for component null
2025-12-27 11:17:20,798 [WARN] ModelIntegratedComponent:63 - No mode defined for component null
2025-12-27 11:17:20,798 [WARN] ModelIntegratedComponent:63 - No mode defined for component null
2025-12-27 11:17:20,798 [WARN] ModelIntegratedComponent:63 - No mode defined for component null
2025-12-27 11:17:20,798 [WARN] ModelIntegratedComponent:63 - No mode defined for component null
2025-12-27 11:17:20,798 [WARN] ModelIntegratedComponent:63 - No mode defined for component null
2025-12-27 11:17:20,798 [WARN] ModelIntegratedComponent:63 - No mode defined for component null
2025-12-27 11:17:20,798 [WARN] ModelIntegratedComponent:63 - No mode defined for component null
2025-12-27 11:17:20,798 [WARN] ModelIntegratedComponent:63 - No mode defined for component null
2025-12-27 11:17:20,798 [WARN] ModelIntegratedComponent:63 - No mode defined for component null
2025-12-27 11:17:20,798 [WARN] ModelIntegratedComponent:63 - No mode defined for component null
2025-12-27 11:17:20,798 [WARN] ModelIntegratedComponent:63 - No mode defined for component null
2025-12-27 11:17:20,798 [WARN] ModelIntegratedComponent:63 - No mode defined for component null
2025-12-27 11:17:20,798 [WARN] ModelIntegratedComponent:63 - No mode defined for component null
2025-12-27 11:17:20,798 [WARN] ModelIntegratedComponent:63 - No mode defined for component null
2025-12-27 11:17:20,798 [WARN] ModelIntegratedComponent:63 - No mode defined for component null
2025-12-27 11:17:20,798 [WARN] ModelIntegratedComponent:63 - No mode defined for component null
2025-12-27 11:17:20,798 [WARN] ModelIntegratedComponent:63 - No mode defined for component null
2025-12-27 11:17:20,798 [WARN] ModelIntegratedComponent:63 - No mode defined for component null
2025-12-27 11:17:20,798 [WARN] ModelIntegratedComponent:63 - No mode defined for component null
2025-12-27 11:17:20,798 [WARN] ModelIntegratedComponent:63 - No mode defined for component null
2025-12-27 11:17:20,798 [WARN] ModelIntegratedComponent:63 - No mode defined for component null
2025-12-27 11:17:20,798 [WARN] ModelIntegratedComponent:63 - No mode defined for component null
2025-12-27 11:17:20,798 [WARN] ModelIntegratedComponent:63 - No mode defined for component null
2025-12-27 11:17:20,798 [WARN] ModelIntegratedComponent:63 - No mode defined for component null
2025-12-27 11:17:20,798 [WARN] ModelIntegratedComponent:63 - No mode defined for component null
2025-12-27 11:17:20,798 [WARN] ModelIntegratedComponent:63 - No mode defined for component null
2025-12-27 11:17:20,798 [WARN] ModelPack:524 - Component already loaded: STMicroelectronics:HAL Drivers:0.0.0:STMicroelectronics:Device:STMicro_Driver:XSPI:HAL::0.0.1:HAL_XSPI
2025-12-27 11:17:21,074 [INFO] ThirdPartyModel:298 - Start build external matchings
2025-12-27 11:17:22,278 [INFO] ThirdPartyModel:316 - End build external matchings
2025-12-27 11:17:22,373 [INFO] ApiDbMcu:508 - Load IP Config File for P-NUCLEO-WB55-USBDONGLE
2025-12-27 11:17:22,569 [INFO] UtilMem:75 - End LoadConfig() Used Memory: 794075160 Bytes (1073741824)
2025-12-27 11:17:30,154 [INFO] BspBoardWizard:580 - Analytics plugin initialized with success
2025-12-27 11:17:30,599 [INFO] BspBoardWizard:580 - Analytics plugin initialized with success
2025-12-27 11:17:30,707 [INFO] BspBoardWizard:580 - Analytics plugin initialized with success
2025-12-27 11:17:30,816 [WARN] ThirdParty:833 - waiting for thirdparty lock release [change project]
2025-12-27 11:17:30,817 [INFO] ThirdParty:835 - entering critical section [change project]
2025-12-27 11:17:30,817 [INFO] ThirdParty:1030 - CMSIS Pack Vendor :STMicroelectronics X-CUBE-PM33A1 1.0.0
2025-12-27 11:17:30,817 [INFO] ThirdParty:1030 - CMSIS Pack Vendor :STMicroelectronics USBPD 4.1
2025-12-27 11:17:30,817 [INFO] ThirdParty:1030 - CMSIS Pack Vendor :STMicroelectronics USB_HOST 2.0.0
2025-12-27 11:17:30,817 [INFO] ThirdParty:1030 - CMSIS Pack Vendor :STMicroelectronics FP-SNS-MOTENVWB1 1.4.0
2025-12-27 11:17:30,817 [INFO] ThirdParty:1030 - CMSIS Pack Vendor :STMicroelectronics X-CUBE-AZRTOS-F4 1.1.0
2025-12-27 11:17:30,817 [INFO] ThirdParty:1030 - CMSIS Pack Vendor :STMicroelectronics LIBJPEG 8.0.0
2025-12-27 11:17:30,817 [INFO] ThirdParty:1030 - CMSIS Pack Vendor :STMicroelectronics FP-ATR-ASTRA1 2.0.2
2025-12-27 11:17:30,817 [INFO] ThirdParty:1030 - CMSIS Pack Vendor :Avnet-IotConnect X-CUBE-IoTC-DA16k-PMOD 1.0.0
2025-12-27 11:17:30,817 [INFO] ThirdParty:1030 - CMSIS Pack Vendor :STMicroelectronics X-CUBE-SMBUS 2.1.0
2025-12-27 11:17:30,817 [INFO] ThirdParty:1030 - CMSIS Pack Vendor :STMicroelectronics X-CUBE-WB05N 1.1.0
2025-12-27 11:17:30,817 [INFO] ThirdParty:1030 - CMSIS Pack Vendor :STMicroelectronics X-CUBE-ISPU 2.1.0
2025-12-27 11:17:30,817 [INFO] ThirdParty:1030 - CMSIS Pack Vendor :STMicroelectronics X-CUBE-ST60 1.0.0
2025-12-27 11:17:30,817 [INFO] ThirdParty:1030 - CMSIS Pack Vendor :STMicroelectronics X-CUBE-NFC12 1.0.0
2025-12-27 11:17:30,817 [INFO] ThirdParty:1030 - CMSIS Pack Vendor :STMicroelectronics X-CUBE-AZRTOS-F7 1.1.0
2025-12-27 11:17:30,817 [INFO] ThirdParty:1030 - CMSIS Pack Vendor :STMicroelectronics X-CUBE-AZRTOS-L5 2.0.0
2025-12-27 11:17:30,818 [INFO] ThirdParty:1030 - CMSIS Pack Vendor :STMicroelectronics USB_DEVICE 2.0.0
2025-12-27 11:17:30,818 [INFO] ThirdParty:1030 - CMSIS Pack Vendor :STMicroelectronics X-CUBE-NFC6 3.1.0
2025-12-27 11:17:30,818 [INFO] ThirdParty:1030 - CMSIS Pack Vendor :STMicroelectronics FreeRTOS 0.0.1
2025-12-27 11:17:30,818 [INFO] ThirdParty:1030 - CMSIS Pack Vendor :STMicroelectronics X-CUBE-DPower 1.2.0
2025-12-27 11:17:30,818 [INFO] ThirdParty:1030 - CMSIS Pack Vendor :STMicroelectronics FP-SNS-FLIGHT1 5.0.2
2025-12-27 11:17:30,818 [INFO] ThirdParty:1030 - CMSIS Pack Vendor :Infineon AIROC-Wi-Fi-Bluetooth-STM32 1.7.0
2025-12-27 11:17:30,818 [INFO] ThirdParty:1030 - CMSIS Pack Vendor :STMicroelectronics PDM2PCM 3.3.0
2025-12-27 11:17:30,818 [INFO] ThirdParty:1030 - CMSIS Pack Vendor :STMicroelectronics X-CUBE-AZRTOS-H7 3.4.0
2025-12-27 11:17:30,818 [INFO] ThirdParty:1030 - CMSIS Pack Vendor :STMicroelectronics X-CUBE-DISPLAY 3.0.0
2025-12-27 11:17:30,818 [INFO] ThirdParty:1030 - CMSIS Pack Vendor :STMicroelectronics X-CUBE-BLE1 7.0.0
2025-12-27 11:17:30,818 [INFO] ThirdParty:1030 - CMSIS Pack Vendor :STMicroelectronics X-CUBE-NFC10 1.0.0
2025-12-27 11:17:30,818 [INFO] ThirdParty:1030 - CMSIS Pack Vendor :STMicroelectronics X-CUBE-BLEMGR 4.0.0
2025-12-27 11:17:30,818 [INFO] ThirdParty:1030 - CMSIS Pack Vendor :STMicroelectronics X-CUBE-FREERTOS 1.3.1
2025-12-27 11:17:30,818 [INFO] ThirdParty:1030 - CMSIS Pack Vendor :STMicroelectronics HAL Drivers 0.0.0
2025-12-27 11:17:30,818 [INFO] ThirdParty:1030 - CMSIS Pack Vendor :STMicroelectronics X-CUBE-ST60 1.1.0
2025-12-27 11:17:30,818 [INFO] ThirdParty:1030 - CMSIS Pack Vendor :emotas I-CUBE-CANOPEN 1.3.0
2025-12-27 11:17:30,818 [INFO] ThirdParty:1030 - CMSIS Pack Vendor :STMicroelectronics X-CUBE-FREERTOS 1.3.0
2025-12-27 11:17:30,818 [INFO] ThirdParty:1030 - CMSIS Pack Vendor :STMicroelectronics X-CUBE-NFC7 1.0.1
2025-12-27 11:17:30,818 [INFO] ThirdParty:1030 - CMSIS Pack Vendor :STMicroelectronics MBEDTLS 2.14.1
2025-12-27 11:17:30,818 [INFO] ThirdParty:1030 - CMSIS Pack Vendor :STMicroelectronics X-CUBE-GNSS1 7.1.0
2025-12-27 11:17:30,818 [INFO] ThirdParty:1030 - CMSIS Pack Vendor :STMicroelectronics X-CUBE-TOUCHGFX 4.26.0
2025-12-27 11:17:30,818 [INFO] ThirdParty:1030 - CMSIS Pack Vendor :STMicroelectronics X-CUBE-AI 10.0.0
2025-12-27 11:17:30,818 [INFO] ThirdParty:1030 - CMSIS Pack Vendor :STMicroelectronics FP-SNS-STAIOTCFT 1.0.0
2025-12-27 11:17:30,818 [INFO] ThirdParty:1030 - CMSIS Pack Vendor :STMicroelectronics FP-SNS-SMARTAG2 1.2.0
2025-12-27 11:17:30,818 [INFO] ThirdParty:1030 - CMSIS Pack Vendor :STMicroelectronics FP-SNS-FLIGHT1 5.1.0
2025-12-27 11:17:30,818 [INFO] ThirdParty:1030 - CMSIS Pack Vendor :STMicroelectronics X-CUBE-MEMS1 11.1.0
2025-12-27 11:17:30,818 [INFO] ThirdParty:1030 - CMSIS Pack Vendor :STMicroelectronics X-CUBE-AZRTOS-WL 2.0.0
2025-12-27 11:17:30,818 [INFO] ThirdParty:1030 - CMSIS Pack Vendor :STMicroelectronics X-CUBE-DPower 1.3.0
2025-12-27 11:17:30,818 [INFO] ThirdParty:1030 - CMSIS Pack Vendor :STMicroelectronics FP-SNS-MOTENV1 5.0.0
2025-12-27 11:17:30,818 [INFO] ThirdParty:1030 - CMSIS Pack Vendor :STMicroelectronics USB_DEVICE 1.0.0
2025-12-27 11:17:30,818 [INFO] ThirdParty:1030 - CMSIS Pack Vendor :STMicroelectronics X-CUBE-AZRTOS-H7RS 1.2.0
2025-12-27 11:17:30,818 [INFO] ThirdParty:1030 - CMSIS Pack Vendor :STMicroelectronics X-CUBE-AZRTOS-L4 2.0.0
2025-12-27 11:17:30,818 [INFO] ThirdParty:1030 - CMSIS Pack Vendor :STMicroelectronics ThreadX 0.0.2
2025-12-27 11:17:30,818 [INFO] ThirdParty:1030 - CMSIS Pack Vendor :WES I-CUBE-Cesium 1.3.0
2025-12-27 11:17:30,818 [INFO] ThirdParty:1030 - CMSIS Pack Vendor :STMicroelectronics lwIP 2.1.2
2025-12-27 11:17:30,818 [INFO] ThirdParty:1030 - CMSIS Pack Vendor :STMicroelectronics X-CUBE-SFXS2LP1 4.0.0
2025-12-27 11:17:30,818 [INFO] ThirdParty:1030 - CMSIS Pack Vendor :STMicroelectronics X-CUBE-BLE2 3.3.0
2025-12-27 11:17:30,818 [INFO] ThirdParty:1030 - CMSIS Pack Vendor :STMicroelectronics PDM2PCM 3.2.0
2025-12-27 11:17:30,818 [INFO] ThirdParty:1030 - CMSIS Pack Vendor :STMicroelectronics X-CUBE-AZRTOS-H7 3.3.0
2025-12-27 11:17:30,818 [INFO] ThirdParty:1030 - CMSIS Pack Vendor :STMicroelectronics X-CUBE-NFC9 1.0.0
2025-12-27 11:17:30,818 [INFO] ThirdParty:1030 - CMSIS Pack Vendor :STMicroelectronics X-CUBE-BLE1 7.1.0
2025-12-27 11:17:30,818 [INFO] ThirdParty:1030 - CMSIS Pack Vendor :wolfSSL I-CUBE-wolfMQTT 1.19.2
2025-12-27 11:17:30,818 [INFO] ThirdParty:1030 - CMSIS Pack Vendor :STMicroelectronics USB_DEVICE 3.0.0
2025-12-27 11:17:30,818 [INFO] ThirdParty:1030 - CMSIS Pack Vendor :STMicroelectronics X-CUBE-EEPRMA1 5.2.0
2025-12-27 11:17:30,818 [INFO] ThirdParty:1030 - CMSIS Pack Vendor :STMicroelectronics X-CUBE-BLEMGR 4.1.0
2025-12-27 11:17:30,818 [INFO] ThirdParty:1030 - CMSIS Pack Vendor :STMicroelectronics X-CUBE-AZRTOS-WB 2.0.0
2025-12-27 11:17:30,818 [INFO] ThirdParty:1030 - CMSIS Pack Vendor :STMicroelectronics X-CUBE-GNSS1 7.0.1
2025-12-27 11:17:30,818 [INFO] ThirdParty:1030 - CMSIS Pack Vendor :STMicroelectronics X-CUBE-TOUCHGFX 4.25.0
2025-12-27 11:17:30,818 [INFO] ThirdParty:1030 - CMSIS Pack Vendor :STMicroelectronics X-CUBE-AI 10.1.0
2025-12-27 11:17:30,818 [INFO] ThirdParty:1030 - CMSIS Pack Vendor :STMicroelectronics FP-SNS-STBOX1 2.0.0
2025-12-27 11:17:30,818 [INFO] ThirdParty:1030 - CMSIS Pack Vendor :STMicroelectronics X-CUBE-MEMS1 12.0.0
2025-12-27 11:17:30,818 [INFO] ThirdParty:1030 - CMSIS Pack Vendor :STMicroelectronics X-CUBE-MEMS1 11.2.0
2025-12-27 11:17:30,818 [INFO] ThirdParty:1030 - CMSIS Pack Vendor :STMicroelectronics X-CUBE-AZRTOS-G0 1.1.0
2025-12-27 11:17:30,818 [INFO] ThirdParty:1030 - CMSIS Pack Vendor :STMicroelectronics X-CUBE-SAFEA1 1.2.2
2025-12-27 11:17:30,818 [INFO] ThirdParty:1030 - CMSIS Pack Vendor :STMicroelectronics X-CUBE-NFC4 3.0.0
2025-12-27 11:17:30,818 [INFO] ThirdParty:1030 - CMSIS Pack Vendor :STMicroelectronics X-CUBE-SUBG2 5.0.0
2025-12-27 11:17:30,818 [INFO] ThirdParty:1030 - CMSIS Pack Vendor :STMicroelectronics X-CUBE-AZRTOS-H7RS 1.1.0
2025-12-27 11:17:30,818 [INFO] ThirdParty:1030 - CMSIS Pack Vendor :STMicroelectronics STM32_WPAN 1.0.0
2025-12-27 11:17:30,818 [INFO] ThirdParty:1030 - CMSIS Pack Vendor :EmbeddedOffice I-CUBE-FS-RTOS 1.0.1
2025-12-27 11:17:30,818 [INFO] ThirdParty:1030 - CMSIS Pack Vendor :STMicroelectronics lwIP 2.0.3
2025-12-27 11:17:30,818 [INFO] ThirdParty:1030 - CMSIS Pack Vendor :Cesanta I-CUBE-Mongoose 7.13.0
2025-12-27 11:17:30,818 [INFO] ThirdParty:1030 - CMSIS Pack Vendor :STMicroelectronics USB_HOST 1.0.0
2025-12-27 11:17:30,818 [INFO] ThirdParty:1030 - CMSIS Pack Vendor :STMicroelectronics X-CUBE-AZRTOS-G4 2.0.0
2025-12-27 11:17:30,818 [INFO] ThirdParty:1030 - CMSIS Pack Vendor :STMicroelectronics X-CUBE-WB05N 2.0.0
2025-12-27 11:17:30,819 [INFO] ThirdParty:1030 - CMSIS Pack Vendor :STMicroelectronics PDM2PCM 3.1.0
2025-12-27 11:17:30,819 [INFO] ThirdParty:1030 - CMSIS Pack Vendor :wolfSSL I-CUBE-wolfTPM 3.8.0
2025-12-27 11:17:30,819 [INFO] ThirdParty:1030 - CMSIS Pack Vendor :wolfSSL I-CUBE-wolfSSH 1.4.20
2025-12-27 11:17:30,819 [INFO] ThirdParty:1030 - CMSIS Pack Vendor :STMicroelectronics X-CUBE-NFC7 2.0.0
2025-12-27 11:17:30,819 [INFO] ThirdParty:1030 - CMSIS Pack Vendor :STMicroelectronics X-CUBE-TCPP 4.2.0
2025-12-27 11:17:30,819 [INFO] ThirdParty:1030 - CMSIS Pack Vendor :RealThread X-CUBE-RT-Thread_Nano 4.1.1
2025-12-27 11:17:30,819 [INFO] ThirdParty:1030 - CMSIS Pack Vendor :STMicroelectronics FP-ATR-SIGFOX1 3.2.0
2025-12-27 11:17:30,819 [INFO] ThirdParty:1030 - CMSIS Pack Vendor :quantropi X-CUBE-qispace-sdk-base 1.9.3
2025-12-27 11:17:30,819 [INFO] ThirdParty:1030 - CMSIS Pack Vendor :STMicroelectronics X-CUBE-EEPRMA1 5.1.0
2025-12-27 11:17:30,819 [INFO] ThirdParty:1030 - CMSIS Pack Vendor :STMicroelectronics MBEDTLS 2.16.2
2025-12-27 11:17:30,819 [INFO] ThirdParty:1030 - CMSIS Pack Vendor :STMicroelectronics X-CUBE-IPS 3.1.0
2025-12-27 11:17:30,819 [INFO] ThirdParty:1030 - CMSIS Pack Vendor :STMicroelectronics X-CUBE-ALS 1.0.2
2025-12-27 11:17:30,819 [INFO] ThirdParty:1030 - CMSIS Pack Vendor :wolfSSL I-CUBE-wolfSSL 5.7.6
2025-12-27 11:17:30,819 [INFO] ThirdParty:1030 - CMSIS Pack Vendor :ITTIA_DB I-CUBE-ITTIADB 8.9.0
2025-12-27 11:17:30,819 [INFO] ThirdParty:1030 - CMSIS Pack Vendor :STMicroelectronics X-CUBE-TOUCHGFX 4.24.2
2025-12-27 11:17:30,819 [INFO] ThirdParty:1030 - CMSIS Pack Vendor :STMicroelectronics X-CUBE-STSE01 1.0.0
2025-12-27 11:17:30,819 [INFO] ThirdParty:1030 - CMSIS Pack Vendor :portGmbH I-Cube-SoM-uGOAL 1.1.0
2025-12-27 11:17:30,819 [INFO] ThirdParty:1030 - CMSIS Pack Vendor :STMicroelectronics X-CUBE-ST67W61 1.0.0
2025-12-27 11:17:30,819 [INFO] ThirdParty:1030 - CMSIS Pack Vendor :STMicroelectronics X-CUBE-AI 10.2.0
2025-12-27 11:17:30,819 [INFO] ThirdParty:1030 - CMSIS Pack Vendor :STMicroelectronics ThreadX 1.0.0
2025-12-27 11:17:30,819 [INFO] ThirdParty:1030 - CMSIS Pack Vendor :SEGGER I-CUBE-embOS 1.3.1
2025-12-27 11:17:30,819 [INFO] ThirdParty:1030 - CMSIS Pack Vendor :STMicroelectronics X-CUBE-ALGOBUILD 1.4.0
2025-12-27 11:17:30,819 [INFO] ThirdParty:1030 - CMSIS Pack Vendor :STMicroelectronics X-CUBE-MEMS1 11.3.0
2025-12-27 11:17:30,819 [INFO] ThirdParty:1030 - CMSIS Pack Vendor :STMicroelectronics X-CUBE-AZRTOS-H7RS 1.0.0
2025-12-27 11:17:30,819 [INFO] ThirdParty:1030 - CMSIS Pack Vendor :STMicroelectronics X-CUBE-TOF1 3.4.2
2025-12-27 11:17:30,819 [INFO] ThirdParty:1030 - CMSIS Pack Vendor :STMicroelectronics X-CUBE-TOF1 3.4.3
2025-12-27 11:17:30,819 [INFO] ThirdParty:841 - exiting critical section [change project]
2025-12-27 11:17:30,945 [INFO] PinOutPanel:1589 - setPackage(No Configuration,No Configuration)
2025-12-27 11:17:30,946 [INFO] PinOutPanel:1589 - setPackage(STM32WB55CGUx,UFQFPN48)
2025-12-27 11:17:31,155 [INFO] UtilMem:75 - Before build in PCC Used Memory: 702686456 Bytes (1073741824)
2025-12-27 11:17:31,281 [INFO] LogOutputStream:77 - [STDOUT_REDIRECT] Sleepy End Device Min <200 3.3
2025-12-27 11:17:31,281 [INFO] LogOutputStream:77 - [STDOUT_REDIRECT] Sleepy End Device Min <200 3.3
2025-12-27 11:17:31,282 [INFO] LogOutputStream:77 - [STDOUT_REDIRECT] Sleepy End Device Min <200 3.3
2025-12-27 11:17:31,282 [INFO] LogOutputStream:77 - [STDOUT_REDIRECT] Sleepy End Device Min <200 3.3
2025-12-27 11:17:31,283 [INFO] LogOutputStream:77 - [STDOUT_REDIRECT] Sleepy End Device Min <200 3.3
2025-12-27 11:17:31,296 [INFO] LogOutputStream:77 - [STDOUT_REDIRECT] Sleepy End Device Min <200 3.3
2025-12-27 11:17:31,297 [INFO] LogOutputStream:77 - [STDOUT_REDIRECT] Sleepy End Device Min <200 3.3
2025-12-27 11:17:31,297 [INFO] LogOutputStream:77 - [STDOUT_REDIRECT] Sleepy End Device Min <200 3.3
2025-12-27 11:17:31,298 [INFO] LogOutputStream:77 - [STDOUT_REDIRECT] Sleepy End Device Min <200 3.3
2025-12-27 11:17:31,298 [INFO] LogOutputStream:77 - [STDOUT_REDIRECT] Sleepy End Device Min <200 3.3
2025-12-27 11:17:31,300 [INFO] LogOutputStream:77 - [STDOUT_REDIRECT] Sleepy End Device Min <200 3.3
2025-12-27 11:17:31,300 [INFO] LogOutputStream:77 - [STDOUT_REDIRECT] Sleepy End Device Min <200 3.3
2025-12-27 11:17:31,301 [INFO] LogOutputStream:77 - [STDOUT_REDIRECT] Sleepy End Device Min <200 3.3
2025-12-27 11:17:31,301 [INFO] LogOutputStream:77 - [STDOUT_REDIRECT] Sleepy End Device Min <200 3.3
2025-12-27 11:17:31,301 [INFO] LogOutputStream:77 - [STDOUT_REDIRECT] Sleepy End Device Min <200 3.3
2025-12-27 11:17:31,302 [INFO] LogOutputStream:77 - [STDOUT_REDIRECT] Sleepy End Device Min <200 3.3
2025-12-27 11:17:31,303 [INFO] LogOutputStream:77 - [STDOUT_REDIRECT] Sleepy End Device Min <200 3.3
2025-12-27 11:17:31,303 [INFO] LogOutputStream:77 - [STDOUT_REDIRECT] Sleepy End Device Min <200 3.3
2025-12-27 11:17:31,304 [INFO] LogOutputStream:77 - [STDOUT_REDIRECT] Sleepy End Device Min <200 3.3
2025-12-27 11:17:31,304 [INFO] LogOutputStream:77 - [STDOUT_REDIRECT] Sleepy End Device Min <200 3.3
2025-12-27 11:17:31,305 [INFO] LogOutputStream:77 - [STDOUT_REDIRECT] Sleepy End Device Min <200 3.3
2025-12-27 11:17:31,306 [INFO] LogOutputStream:77 - [STDOUT_REDIRECT] Sleepy End Device Min <200 3.3
2025-12-27 11:17:31,306 [INFO] LogOutputStream:77 - [STDOUT_REDIRECT] Sleepy End Device Min <200 3.3
2025-12-27 11:17:31,306 [INFO] LogOutputStream:77 - [STDOUT_REDIRECT] Sleepy End Device Min <200 3.3
2025-12-27 11:17:31,307 [INFO] LogOutputStream:77 - [STDOUT_REDIRECT] Sleepy End Device Min <200 3.3
2025-12-27 11:17:31,308 [INFO] LogOutputStream:77 - [STDOUT_REDIRECT] Sleepy End Device Min <200 3.3
2025-12-27 11:17:31,308 [INFO] LogOutputStream:77 - [STDOUT_REDIRECT] Sleepy End Device Min <200 3.3
2025-12-27 11:17:31,309 [INFO] LogOutputStream:77 - [STDOUT_REDIRECT] Sleepy End Device Min <200 3.3
2025-12-27 11:17:31,309 [INFO] LogOutputStream:77 - [STDOUT_REDIRECT] Sleepy End Device Min <200 3.3
2025-12-27 11:17:31,309 [INFO] LogOutputStream:77 - [STDOUT_REDIRECT] Sleepy End Device Min <200 3.3
2025-12-27 11:17:31,403 [INFO] LogOutputStream:77 - [STDOUT_REDIRECT] Sleepy End Device Min <200 3.3
2025-12-27 11:17:31,403 [INFO] LogOutputStream:77 - [STDOUT_REDIRECT] Sleepy End Device Min <200 3.3
2025-12-27 11:17:31,404 [INFO] LogOutputStream:77 - [STDOUT_REDIRECT] Sleepy End Device Min <200 3.3
2025-12-27 11:17:31,404 [INFO] LogOutputStream:77 - [STDOUT_REDIRECT] Sleepy End Device Min <200 3.3
2025-12-27 11:17:31,404 [INFO] LogOutputStream:77 - [STDOUT_REDIRECT] Sleepy End Device Min <200 3.3
2025-12-27 11:17:31,449 [INFO] UtilMem:75 - After build in PCC Used Memory: 779232504 Bytes (1073741824)
2025-12-27 11:17:31,461 [INFO] IPUIPlugin:80 - create IPUIPlugin
2025-12-27 11:17:31,461 [INFO] IPUIPlugin:80 - create IPUIPlugin
2025-12-27 11:17:31,461 [INFO] IPUIPlugin:80 - create IPUIPlugin
2025-12-27 11:17:31,461 [INFO] IPUIPlugin:80 - create IPUIPlugin
2025-12-27 11:17:31,461 [INFO] IPUIPlugin:80 - create IPUIPlugin
2025-12-27 11:17:31,461 [INFO] IPUIPlugin:80 - create IPUIPlugin
2025-12-27 11:17:31,462 [INFO] IPUIPlugin:80 - create IPUIPlugin
2025-12-27 11:17:31,462 [INFO] IPUIPlugin:80 - create IPUIPlugin
2025-12-27 11:17:31,462 [INFO] IPUIPlugin:80 - create IPUIPlugin
2025-12-27 11:17:31,462 [INFO] IPUIPlugin:80 - create IPUIPlugin
2025-12-27 11:17:31,462 [INFO] IPUIPlugin:80 - create IPUIPlugin
2025-12-27 11:17:31,462 [INFO] IPUIPlugin:80 - create IPUIPlugin
2025-12-27 11:17:31,462 [INFO] IPUIPlugin:80 - create IPUIPlugin
2025-12-27 11:17:31,462 [INFO] IPUIPlugin:80 - create IPUIPlugin
2025-12-27 11:17:31,462 [INFO] IPUIPlugin:80 - create IPUIPlugin
2025-12-27 11:17:31,462 [INFO] IPUIPlugin:80 - create IPUIPlugin
2025-12-27 11:17:31,462 [INFO] IPUIPlugin:80 - create IPUIPlugin
2025-12-27 11:17:31,463 [INFO] IPUIPlugin:80 - create IPUIPlugin
2025-12-27 11:17:31,463 [INFO] IPUIPlugin:80 - create IPUIPlugin
2025-12-27 11:17:31,463 [INFO] IPUIPlugin:80 - create IPUIPlugin
2025-12-27 11:17:31,463 [INFO] IPUIPlugin:80 - create IPUIPlugin
2025-12-27 11:17:31,463 [INFO] IPUIPlugin:80 - create IPUIPlugin
2025-12-27 11:17:31,463 [INFO] IPUIPlugin:80 - create IPUIPlugin
2025-12-27 11:17:31,463 [INFO] IPUIPlugin:80 - create IPUIPlugin
2025-12-27 11:17:31,463 [INFO] IPUIPlugin:80 - create IPUIPlugin
2025-12-27 11:17:31,464 [INFO] IPUIPlugin:80 - create IPUIPlugin
2025-12-27 11:17:31,464 [INFO] IPUIPlugin:80 - create IPUIPlugin
2025-12-27 11:17:31,464 [INFO] IPUIPlugin:80 - create IPUIPlugin
2025-12-27 11:17:31,464 [INFO] IPUIPlugin:80 - create IPUIPlugin
2025-12-27 11:17:31,464 [INFO] IPUIPlugin:80 - create IPUIPlugin
2025-12-27 11:17:31,464 [INFO] IPUIPlugin:80 - create IPUIPlugin
2025-12-27 11:17:31,464 [INFO] IPUIPlugin:80 - create IPUIPlugin
2025-12-27 11:17:31,464 [INFO] IPUIPlugin:80 - create IPUIPlugin
2025-12-27 11:17:31,465 [INFO] IPUIPlugin:80 - create IPUIPlugin
2025-12-27 11:17:31,465 [INFO] IPUIPlugin:80 - create IPUIPlugin
2025-12-27 11:17:31,465 [INFO] IPUIPlugin:80 - create IPUIPlugin
2025-12-27 11:17:31,465 [INFO] IPUIPlugin:80 - create IPUIPlugin
2025-12-27 11:17:31,465 [INFO] IPUIPlugin:80 - create IPUIPlugin
2025-12-27 11:17:31,465 [INFO] IPUIPlugin:80 - create IPUIPlugin
2025-12-27 11:17:31,465 [INFO] IPUIPlugin:80 - create IPUIPlugin
2025-12-27 11:17:31,466 [INFO] IPUIPlugin:80 - create IPUIPlugin
2025-12-27 11:17:31,466 [INFO] IPUIPlugin:80 - create IPUIPlugin
2025-12-27 11:17:31,466 [INFO] IPUIPlugin:80 - create IPUIPlugin
2025-12-27 11:17:31,489 [INFO] CADModel:165 - CPN selected for project levelSTM32WB55CGU6
2025-12-27 11:17:31,489 [INFO] CADModel:114 - Register for checkConnection events
2025-12-27 11:17:31,553 [INFO] OpenFileManager:385 - Restore cursor
2025-12-27 11:17:31,876 [INFO] UtilMem:75 - End SaveConfig() Used Memory: 852608760 Bytes (1073741824)
2025-12-27 11:17:31,913 [WARN] Context:829 - Trying to set MEMORYMAP twice on same context Cortex-M4NS
2025-12-27 11:17:31,923 [INFO] UtilMem:75 - End SaveConfig() Used Memory: 867199048 Bytes (1073741824)
2025-12-27 11:17:32,129 [INFO] BlockDiagram:2775 - set Specific Code input for plugin: NVIC
2025-12-27 11:17:32,129 [INFO] BlockDiagram:2775 - set Specific Code input for plugin: MEMORYMAP
2025-12-27 11:17:32,129 [INFO] BlockDiagram:2775 - set Specific Code input for plugin: SYS
2025-12-27 11:17:32,130 [INFO] BlockDiagram:2775 - set Specific Code input for plugin: GPIO
2025-12-27 11:17:32,130 [INFO] BlockDiagram:2775 - set Specific Code input for plugin: RCC
2025-12-27 11:17:32,130 [INFO] BlockDiagram:2775 - set Specific Code input for plugin: P-NUCLEO-WB55-USBDONGLE
2025-12-27 11:17:32,130 [INFO] CodeGenerator:882 - code generatio: config db path: C:\ST\STM32CubeIDE_1.18.0\STM32CubeIDE\plugins\com.st.stm32cube.common.mx_6.14.0.202502271554\\db\
2025-12-27 11:17:32,215 [INFO] CodeEngine:263 - oldGeneratedFile, C:\Users\jaowe\Documents\Projects\DeltaTPlus_STM32WB55RG_Workspace\p2p_client_test\MXTmpFiles\license.tmp_save
2025-12-27 11:17:32,486 [INFO] CodeEngine:287 - Generated code: C:\Users\jaowe\Documents\Projects\DeltaTPlus_STM32WB55RG_Workspace\p2p_client_test\MXTmpFiles\license.tmp
2025-12-27 11:17:32,523 [INFO] CodeEngine:263 - oldGeneratedFile, C:\Users\jaowe\Documents\Projects\DeltaTPlus_STM32WB55RG_Workspace\p2p_client_test\MXTmpFiles\gpio.tmp_save
2025-12-27 11:17:32,613 [INFO] CodeEngine:287 - Generated code: C:\Users\jaowe\Documents\Projects\DeltaTPlus_STM32WB55RG_Workspace\p2p_client_test\MXTmpFiles\gpio.tmp
2025-12-27 11:17:32,615 [WARN] IPConfigManager:103 - WARNING: Missing Config File for MEMORYMAP ip!!
2025-12-27 11:17:32,616 [WARN] IP:2250 - DefaultDataRegion not found: check if there is a RefParameter without a condition.
2025-12-27 11:17:32,691 [INFO] CodeEngine:263 - oldGeneratedFile, C:\Users\jaowe\Documents\Projects\DeltaTPlus_STM32WB55RG_Workspace\p2p_client_test\Core\Inc\stm32wbxx_nucleo_conf.h_save
2025-12-27 11:17:32,754 [INFO] CodeEngine:287 - Generated code: C:\Users\jaowe\Documents\Projects\DeltaTPlus_STM32WB55RG_Workspace\p2p_client_test\Core\Inc\stm32wbxx_nucleo_conf.h
2025-12-27 11:17:32,757 [INFO] CodeEngine:263 - oldGeneratedFile, C:\Users\jaowe\Documents\Projects\DeltaTPlus_STM32WB55RG_Workspace\p2p_client_test\MXTmpFiles\bsp_inc.tmp_save
2025-12-27 11:17:32,817 [INFO] CodeEngine:287 - Generated code: C:\Users\jaowe\Documents\Projects\DeltaTPlus_STM32WB55RG_Workspace\p2p_client_test\MXTmpFiles\bsp_inc.tmp
2025-12-27 11:17:32,820 [INFO] CodeEngine:263 - oldGeneratedFile, C:\Users\jaowe\Documents\Projects\DeltaTPlus_STM32WB55RG_Workspace\p2p_client_test\MXTmpFiles\bsp_common_vars.tmp_save
2025-12-27 11:17:32,872 [INFO] CodeEngine:287 - Generated code: C:\Users\jaowe\Documents\Projects\DeltaTPlus_STM32WB55RG_Workspace\p2p_client_test\MXTmpFiles\bsp_common_vars.tmp
2025-12-27 11:17:32,875 [INFO] CodeEngine:263 - oldGeneratedFile, C:\Users\jaowe\Documents\Projects\DeltaTPlus_STM32WB55RG_Workspace\p2p_client_test\MXTmpFiles\bsp_common_init.tmp_save
2025-12-27 11:17:32,927 [INFO] CodeEngine:287 - Generated code: C:\Users\jaowe\Documents\Projects\DeltaTPlus_STM32WB55RG_Workspace\p2p_client_test\MXTmpFiles\bsp_common_init.tmp
2025-12-27 11:17:32,929 [INFO] CodeEngine:263 - oldGeneratedFile, C:\Users\jaowe\Documents\Projects\DeltaTPlus_STM32WB55RG_Workspace\p2p_client_test\MXTmpFiles\bsp_common_demo_before_while.tmp_save
2025-12-27 11:17:32,980 [INFO] CodeEngine:287 - Generated code: C:\Users\jaowe\Documents\Projects\DeltaTPlus_STM32WB55RG_Workspace\p2p_client_test\MXTmpFiles\bsp_common_demo_before_while.tmp
2025-12-27 11:17:32,983 [INFO] CodeEngine:263 - oldGeneratedFile, C:\Users\jaowe\Documents\Projects\DeltaTPlus_STM32WB55RG_Workspace\p2p_client_test\MXTmpFiles\bsp_common_demo_inside_while.tmp_save
2025-12-27 11:17:33,034 [INFO] CodeEngine:287 - Generated code: C:\Users\jaowe\Documents\Projects\DeltaTPlus_STM32WB55RG_Workspace\p2p_client_test\MXTmpFiles\bsp_common_demo_inside_while.tmp
2025-12-27 11:17:33,037 [INFO] CodeEngine:263 - oldGeneratedFile, C:\Users\jaowe\Documents\Projects\DeltaTPlus_STM32WB55RG_Workspace\p2p_client_test\MXTmpFiles\bsp_common_demo_fct.tmp_save
2025-12-27 11:17:33,090 [INFO] CodeEngine:287 - Generated code: C:\Users\jaowe\Documents\Projects\DeltaTPlus_STM32WB55RG_Workspace\p2p_client_test\MXTmpFiles\bsp_common_demo_fct.tmp
2025-12-27 11:17:33,097 [INFO] CodeEngine:263 - oldGeneratedFile, C:\Users\jaowe\Documents\Projects\DeltaTPlus_STM32WB55RG_Workspace\p2p_client_test\Core\Src\stm32wbxx_it.c_save
2025-12-27 11:17:33,170 [INFO] CodeEngine:287 - Generated code: C:\Users\jaowe\Documents\Projects\DeltaTPlus_STM32WB55RG_Workspace\p2p_client_test\Core\Src\stm32wbxx_it.c
2025-12-27 11:17:33,173 [INFO] CodeEngine:263 - oldGeneratedFile, C:\Users\jaowe\Documents\Projects\DeltaTPlus_STM32WB55RG_Workspace\p2p_client_test\Core\Inc\stm32wbxx_it.h_save
2025-12-27 11:17:33,226 [INFO] CodeEngine:287 - Generated code: C:\Users\jaowe\Documents\Projects\DeltaTPlus_STM32WB55RG_Workspace\p2p_client_test\Core\Inc\stm32wbxx_it.h
2025-12-27 11:17:33,236 [INFO] CodeEngine:263 - oldGeneratedFile, C:\Users\jaowe\Documents\Projects\DeltaTPlus_STM32WB55RG_Workspace\p2p_client_test\Core\Src\stm32wbxx_hal_msp.c_save
2025-12-27 11:17:33,251 [ERROR] IocParser:95 - Exception caught: Cannot invoke "java.lang.CharSequence.length()" because "this.text" is null
2025-12-27 11:17:33,318 [INFO] CodeEngine:287 - Generated code: C:\Users\jaowe\Documents\Projects\DeltaTPlus_STM32WB55RG_Workspace\p2p_client_test\Core\Src\stm32wbxx_hal_msp.c
2025-12-27 11:17:33,321 [INFO] CodeEngine:263 - oldGeneratedFile, C:\Users\jaowe\Documents\Projects\DeltaTPlus_STM32WB55RG_Workspace\p2p_client_test\MXTmpFiles\system.tmp_save
2025-12-27 11:17:33,370 [INFO] CodeEngine:287 - Generated code: C:\Users\jaowe\Documents\Projects\DeltaTPlus_STM32WB55RG_Workspace\p2p_client_test\MXTmpFiles\system.tmp
2025-12-27 11:17:33,377 [INFO] CodeEngine:319 - oldGeneratedFile, C:\Users\jaowe\Documents\Projects\DeltaTPlus_STM32WB55RG_Workspace\p2p_client_test\Core\Inc\stm32wbxx_hal_conf.h_save
2025-12-27 11:17:33,434 [INFO] CodeEngine:343 - Generated code: C:\Users\jaowe\Documents\Projects\DeltaTPlus_STM32WB55RG_Workspace\p2p_client_test\Core\Inc\stm32wbxx_hal_conf.h
2025-12-27 11:17:33,450 [WARN] IPConfigManager:3174 - Warning: the RefConfig RCC_PClockConfig is not available in your config.xml file
2025-12-27 11:17:33,458 [ERROR] ApiDbMcu:464 - Can't load MEMORYMAP-STM32xx root dir null
2025-12-27 11:17:33,458 [ERROR] ApiDbMcu:536 - Cannot parse MEMORYMAP_Config file : file do not exist
2025-12-27 11:17:33,462 [INFO] ApiDbMcu:508 - Load IP Config File for RCC
2025-12-27 11:17:33,470 [INFO] CodeEngine:263 - oldGeneratedFile, C:\Users\jaowe\Documents\Projects\DeltaTPlus_STM32WB55RG_Workspace\p2p_client_test\Core\Inc\main.h_save
2025-12-27 11:17:33,537 [INFO] CodeEngine:287 - Generated code: C:\Users\jaowe\Documents\Projects\DeltaTPlus_STM32WB55RG_Workspace\p2p_client_test\Core\Inc\main.h
2025-12-27 11:17:33,541 [INFO] CodeEngine:263 - oldGeneratedFile, C:\Users\jaowe\Documents\Projects\DeltaTPlus_STM32WB55RG_Workspace\p2p_client_test\Core\Src\main.c_save
2025-12-27 11:17:33,629 [INFO] CodeEngine:287 - Generated code: C:\Users\jaowe\Documents\Projects\DeltaTPlus_STM32WB55RG_Workspace\p2p_client_test\Core\Src\main.c
2025-12-27 11:17:34,014 [INFO] ProjectBuilder:3324 - Time for Copy HAL[1] : 142mS.
2025-12-27 11:17:34,021 [INFO] ProjectBuilder:4912 - Project Generator version: 4.6.0-B36
2025-12-27 11:17:34,086 [INFO] ConfigFileManager:1590 - The Die is : DIE495
2025-12-27 11:17:34,093 [INFO] ApiDbMcu:508 - Load IP Config File for FATFS
2025-12-27 11:17:34,109 [INFO] ApiDbMcu:508 - Load IP Config File for FREERTOS
2025-12-27 11:17:34,243 [INFO] ApiDbMcu:508 - Load IP Config File for STM32_WPAN
2025-12-27 11:17:34,255 [INFO] ApiDbMcu:508 - Load IP Config File for USB_DEVICE
2025-12-27 11:17:34,509 [INFO] LogOutputStream:77 - [STDOUT_REDIRECT] 
2025-12-27 11:17:36,246 [INFO] ProjectBuilder:5191 - Time for Generating toolchain IDE Files: 2225mS.
2025-12-27 11:17:36,247 [INFO] ProjectBuilder:3181 - Time for Copy CMSIS : 0mS.
2025-12-27 11:17:36,248 [INFO] ProjectBuilder:3181 - Time for Copy CMSIS : 0mS.
2025-12-27 11:17:36,796 [INFO] McuFinderGlobals:76 - Set McuFinderConnectedMode to true
2025-12-27 11:17:36,799 [INFO] ApiDb:448 - Save user favorites file C:\Users\jaowe/.stm32cubeide/favorites.mcus.txt: 0 item(s)
2025-12-27 11:17:36,799 [INFO] ApiDb:452 - User favorites MCUs=[]
2025-12-27 11:17:36,802 [INFO] ApiDb:448 - Save user favorites file C:\Users\jaowe/.stm32cubeide/favorites.boards.txt: 0 item(s)
2025-12-27 11:17:36,802 [INFO] ApiDb:452 - User favorites Boards=[]
2025-12-27 11:18:46,015 [INFO] MainUpdater:2872 - connection check result : 10
2025-12-27 11:18:46,095 [INFO] McuFinderGlobals:76 - Set McuFinderConnectedMode to true
2025-12-27 11:18:46,096 [INFO] MultiScanPanel:200 - Auto-refresh data requested => check proxy status ongoing
2025-12-27 11:18:46,097 [INFO] FinderPluginLoader:95 - Searching for filters in installed packs
2025-12-27 11:18:47,518 [INFO] LoadUrlFilesThread:185 - End of LoadServerUrlFiles without Thread
2025-12-27 11:18:47,518 [INFO] DetailPanel:341 - Set advertising image to C:/Users/jaowe/STM32Cube/Repository/\en.prom-st67w-expansion-board.png
2025-12-27 11:18:51,147 [INFO] MultiScanPanel:200 - Auto-refresh data requested => check proxy status ongoing
2025-12-27 11:18:51,178 [INFO] LoadUrlFilesThread:185 - End of LoadServerUrlFiles without Thread
2025-12-27 11:18:51,178 [INFO] DetailPanel:341 - Set advertising image to C:/Users/jaowe/STM32Cube/Repository/\en.prom-st67w-expansion-board.png
2025-12-27 11:18:51,213 [INFO] MultiScanPanel:200 - Auto-refresh data requested => check proxy status ongoing
2025-12-27 11:18:51,214 [INFO] ApiDb:581 - Connected to CubeFinder SQLite database (C:\Users\jaowe\.stmcufinder\plugins\mcufinder\mcu\cube-finder-db.db)
2025-12-27 11:18:51,261 [INFO] ApiDb:668 - CubeFinder database Data Model version=2.1
2025-12-27 11:18:51,261 [INFO] ApiDb:669 - CubeFinder database Configuration version=3.0.39
2025-12-27 11:18:51,261 [INFO] ApiDb:670 - CubeFinder database generation date=2025-11-05 (1762334721)
2025-12-27 11:18:51,261 [INFO] ApiDb:671 - CubeFinder database FW Pack versions=[FP-ATR-ASTRA1_V2.0.0, FP-SNS-FLIGHT1_V5.1.0, FP-SNS-MOTENV1_V5.1.0, FP-SNS-MOTENVWB1_V1.4.0, FP-SNS-SMARTAG2_V1.2.0, FP-SNS-STBOX1_V2.1.0, STM32Cube_FW_C0_V1.4.0, STM32Cube_FW_F4_V1.28.3, STM32Cube_FW_F7_V1.17.4, STM32Cube_FW_G0_V1.6.2, STM32Cube_FW_G4_V1.6.1, STM32Cube_FW_H5_V1.5.1, STM32Cube_FW_H7RS_V1.3.0, STM32Cube_FW_H7_V1.12.1, STM32Cube_FW_L0_V1.12.2, STM32Cube_FW_L4_V1.18.1, STM32Cube_FW_L5_V1.6.0, STM32Cube_FW_N6_V1.3.0, STM32Cube_FW_U0_V1.3.0, STM32Cube_FW_U3_V1.2.1, STM32Cube_FW_U5_V1.8.0, STM32Cube_FW_WB0_V1.4.0, STM32Cube_FW_WBA_V1.8.0, STM32Cube_FW_WB_V1.24.0, STM32Cube_FW_WL3_V1.3.0, STM32Cube_FW_WL_V1.4.0, X-CUBE-ALGOBUILD_V1.4.0, X-CUBE-ALS_V1.0.2, X-CUBE-AZRTOS-F4_V1.1.0, X-CUBE-AZRTOS-F7_V1.1.0, X-CUBE-AZRTOS-G0_V1.1.0, X-CUBE-AZRTOS-G4_V2.0.0, X-CUBE-AZRTOS-H7RS_V1.1.0, X-CUBE-AZRTOS-H7_V3.4.0, X-CUBE-AZRTOS-L4_V2.0.0, X-CUBE-AZRTOS-L5_V2.0.0, X-CUBE-AZRTOS-WB_V2.0.0, X-CUBE-AZRTOS-WL_V2.0.0, X-CUBE-BLE1_V7.1.0, X-CUBE-BLE2_V3.3.0, X-CUBE-BLEMGR_V4.1.0, X-CUBE-EEPRMA1_V5.2.0, X-CUBE-FREERTOS_V1.3.1, X-CUBE-GNSS1_V6.0.0, X-CUBE-MEMS1_V11.3.0, X-CUBE-NFC4_V3.0.0, X-CUBE-NFC7_V2.0.0, X-CUBE-SFXS2LP1_V4.0.0, X-CUBE-ST67W61_V1.1.0, X-CUBE-SUBG2_V5.0.0, X-CUBE-TOF1_V3.4.3]
2025-12-27 11:18:51,764 [ERROR] DbExamplesSqlite:437 - Missing JSON key: board_cpn
2025-12-27 11:18:51,764 [ERROR] DbExamplesSqlite:437 - Missing JSON key: board_cpn
2025-12-27 11:18:51,764 [ERROR] DbExamplesSqlite:437 - Missing JSON key: board_cpn
2025-12-27 11:18:51,764 [ERROR] DbExamplesSqlite:437 - Missing JSON key: board_cpn
2025-12-27 11:18:51,985 [ERROR] DbExamplesSqlite:437 - Missing JSON key: board_cpn
2025-12-27 11:18:51,985 [ERROR] DbExamplesSqlite:437 - Missing JSON key: board_cpn
2025-12-27 11:18:51,992 [INFO] DbExamplesSqlite:395 - Ignored 42 examples not supported by CubeIDE
2025-12-27 11:18:51,992 [INFO] DbExamplesSqlite:396 - Found 10883 examples active
2025-12-27 11:18:51,992 [INFO] DbExamplesSqlite:397 - Found 0 examples obsolete
2025-12-27 11:18:51,992 [INFO] DbExamplesSqlite:398 - Found 0 examples under development
2025-12-27 11:18:51,992 [INFO] DbExamplesSqlite:399 - Found 85 examples not building
2025-12-27 11:18:51,994 [INFO] DbExamples:125 - Found 10926 examples
2025-12-27 11:18:52,018 [ERROR] DbExamples:208 - Found 73 examples with invalid data (board or MCU)
2025-12-27 11:18:52,018 [INFO] DbExamples:222 - Found 134 boards with related examples
2025-12-27 11:18:52,019 [INFO] DbExamples:235 - Found 111 MCUs with related examples
2025-12-27 11:18:52,038 [INFO] ApiDb:423 - Load user favorites file C:\Users\jaowe/.stm32cubeide/favorites.examples.txt: 1 item(s)
2025-12-27 11:18:52,038 [INFO] ApiDb:427 - User favorites Examples=[STM32CUBEWB-SWX-18594]
2025-12-27 11:18:52,038 [INFO] DbExamples:250 - Set 1 / 1 favorites Examples
2025-12-27 11:18:52,675 [INFO] SoftwarePacks:127 - Download is needed for SW pack 'FP-ATR-ASTRA1_V2.0.0'
2025-12-27 11:18:52,680 [INFO] SoftwarePacks:127 - Download is needed for SW pack 'FP-SNS-FLIGHT1_V5.1.0'
2025-12-27 11:18:52,683 [INFO] SoftwarePacks:127 - Download is needed for SW pack 'FP-SNS-MOTENV1_V5.1.0'
2025-12-27 11:18:52,685 [INFO] SoftwarePacks:127 - Download is needed for SW pack 'FP-SNS-MOTENVWB1_V1.4.0'
2025-12-27 11:18:52,689 [INFO] SoftwarePacks:127 - Download is needed for SW pack 'FP-SNS-SMARTAG2_V1.2.0'
2025-12-27 11:18:52,692 [INFO] SoftwarePacks:127 - Download is needed for SW pack 'FP-SNS-STBOX1_V2.1.0'
2025-12-27 11:18:52,700 [INFO] SoftwarePacks:127 - Download is needed for SW pack 'STM32Cube_FW_C0_V1.4.0'
2025-12-27 11:18:52,707 [INFO] SoftwarePacks:127 - Download is needed for SW pack 'STM32Cube_FW_F4_V1.28.3'
2025-12-27 11:18:52,714 [INFO] SoftwarePacks:127 - Download is needed for SW pack 'STM32Cube_FW_F7_V1.17.4'
2025-12-27 11:18:52,718 [INFO] SoftwarePacks:127 - Download is needed for SW pack 'STM32Cube_FW_G0_V1.6.2'
2025-12-27 11:18:52,727 [INFO] SoftwarePacks:127 - Download is needed for SW pack 'STM32Cube_FW_G4_V1.6.1'
2025-12-27 11:18:52,735 [INFO] SoftwarePacks:127 - Download is needed for SW pack 'STM32Cube_FW_H5_V1.5.1'
2025-12-27 11:18:52,742 [INFO] SoftwarePacks:127 - Download is needed for SW pack 'STM32Cube_FW_H7RS_V1.3.0'
2025-12-27 11:18:52,749 [INFO] SoftwarePacks:127 - Download is needed for SW pack 'STM32Cube_FW_H7_V1.12.1'
2025-12-27 11:18:52,756 [INFO] SoftwarePacks:127 - Download is needed for SW pack 'STM32Cube_FW_L0_V1.12.2'
2025-12-27 11:18:52,764 [INFO] SoftwarePacks:127 - Download is needed for SW pack 'STM32Cube_FW_L4_V1.18.1'
2025-12-27 11:18:52,772 [INFO] SoftwarePacks:127 - Download is needed for SW pack 'STM32Cube_FW_L5_V1.6.0'
2025-12-27 11:18:52,778 [INFO] SoftwarePacks:127 - Download is needed for SW pack 'STM32Cube_FW_N6_V1.3.0'
2025-12-27 11:18:52,785 [INFO] SoftwarePacks:127 - Download is needed for SW pack 'STM32Cube_FW_U0_V1.3.0'
2025-12-27 11:18:52,791 [INFO] SoftwarePacks:127 - Download is needed for SW pack 'STM32Cube_FW_U3_V1.2.1'
2025-12-27 11:18:52,798 [INFO] SoftwarePacks:127 - Download is needed for SW pack 'STM32Cube_FW_U5_V1.8.0'
2025-12-27 11:18:52,804 [INFO] SoftwarePacks:127 - Download is needed for SW pack 'STM32Cube_FW_WB0_V1.4.0'
2025-12-27 11:18:52,810 [INFO] SoftwarePacks:127 - Download is needed for SW pack 'STM32Cube_FW_WBA_V1.8.0'
2025-12-27 11:18:52,819 [INFO] SoftwarePacks:127 - Download is needed for SW pack 'STM32Cube_FW_WB_V1.24.0'
2025-12-27 11:18:52,824 [INFO] SoftwarePacks:127 - Download is needed for SW pack 'STM32Cube_FW_WL3_V1.3.0'
2025-12-27 11:18:52,858 [INFO] SoftwarePacks:127 - Download is needed for SW pack 'STM32Cube_FW_WL_V1.4.0'
2025-12-27 11:18:52,861 [INFO] SoftwarePacks:127 - Download is needed for SW pack 'X-CUBE-ALGOBUILD_V1.4.0'
2025-12-27 11:18:52,864 [INFO] SoftwarePacks:127 - Download is needed for SW pack 'X-CUBE-ALS_V1.0.2'
2025-12-27 11:18:52,866 [INFO] SoftwarePacks:127 - Download is needed for SW pack 'X-CUBE-AZRTOS-F4_V1.1.0'
2025-12-27 11:18:52,869 [INFO] SoftwarePacks:127 - Download is needed for SW pack 'X-CUBE-AZRTOS-F7_V1.1.0'
2025-12-27 11:18:52,871 [INFO] SoftwarePacks:127 - Download is needed for SW pack 'X-CUBE-AZRTOS-G0_V1.1.0'
2025-12-27 11:18:52,874 [INFO] SoftwarePacks:127 - Download is needed for SW pack 'X-CUBE-AZRTOS-G4_V2.0.0'
2025-12-27 11:18:52,876 [INFO] SoftwarePacks:127 - Download is needed for SW pack 'X-CUBE-AZRTOS-H7RS_V1.1.0'
2025-12-27 11:18:52,878 [INFO] SoftwarePacks:127 - Download is needed for SW pack 'X-CUBE-AZRTOS-H7_V3.4.0'
2025-12-27 11:18:52,880 [INFO] SoftwarePacks:127 - Download is needed for SW pack 'X-CUBE-AZRTOS-L4_V2.0.0'
2025-12-27 11:18:52,883 [INFO] SoftwarePacks:127 - Download is needed for SW pack 'X-CUBE-AZRTOS-L5_V2.0.0'
2025-12-27 11:18:52,886 [INFO] SoftwarePacks:127 - Download is needed for SW pack 'X-CUBE-AZRTOS-WB_V2.0.0'
2025-12-27 11:18:52,888 [INFO] SoftwarePacks:127 - Download is needed for SW pack 'X-CUBE-AZRTOS-WL_V2.0.0'
2025-12-27 11:18:52,890 [INFO] SoftwarePacks:127 - Download is needed for SW pack 'X-CUBE-BLE1_V7.1.0'
2025-12-27 11:18:52,892 [INFO] SoftwarePacks:127 - Download is needed for SW pack 'X-CUBE-BLE2_V3.3.0'
2025-12-27 11:18:52,894 [INFO] SoftwarePacks:127 - Download is needed for SW pack 'X-CUBE-BLEMGR_V4.1.0'
2025-12-27 11:18:52,896 [INFO] SoftwarePacks:127 - Download is needed for SW pack 'X-CUBE-EEPRMA1_V5.2.0'
2025-12-27 11:18:52,897 [INFO] SoftwarePacks:127 - Download is needed for SW pack 'X-CUBE-FREERTOS_V1.3.1'
2025-12-27 11:18:52,899 [INFO] SoftwarePacks:127 - Download is needed for SW pack 'X-CUBE-GNSS1_V6.0.0'
2025-12-27 11:18:52,900 [INFO] SoftwarePacks:127 - Download is needed for SW pack 'X-CUBE-MEMS1_V11.3.0'
2025-12-27 11:18:52,902 [INFO] SoftwarePacks:127 - Download is needed for SW pack 'X-CUBE-NFC4_V3.0.0'
2025-12-27 11:18:52,904 [INFO] SoftwarePacks:127 - Download is needed for SW pack 'X-CUBE-NFC7_V2.0.0'
2025-12-27 11:18:52,905 [INFO] SoftwarePacks:127 - Download is needed for SW pack 'X-CUBE-SFXS2LP1_V4.0.0'
2025-12-27 11:18:52,907 [INFO] SoftwarePacks:127 - Download is needed for SW pack 'X-CUBE-ST67W61_V1.1.0'
2025-12-27 11:18:52,909 [INFO] SoftwarePacks:127 - Download is needed for SW pack 'X-CUBE-SUBG2_V5.0.0'
2025-12-27 11:18:52,911 [INFO] SoftwarePacks:127 - Download is needed for SW pack 'X-CUBE-TOF1_V3.4.3'
2025-12-27 11:18:54,416 [INFO] LoadUrlFilesThread:185 - End of LoadServerUrlFiles without Thread
2025-12-27 11:18:54,417 [INFO] DetailPanel:341 - Set advertising image to C:/Users/jaowe/STM32Cube/Repository/\en.prom-st67w-expansion-board.png
2025-12-27 11:18:54,429 [ERROR] AppliInfo:139 - Unknown STM32CubeMX version: 6.15.0
2025-12-27 11:18:54,430 [ERROR] AppliInfo:139 - Unknown STM32CubeMX version: 6.15.0
2025-12-27 11:18:54,430 [ERROR] AppliInfo:139 - Unknown STM32CubeMX version: 6.15.0
2025-12-27 11:18:54,430 [ERROR] AppliInfo:139 - Unknown STM32CubeMX version: 6.15.0
2025-12-27 11:18:54,431 [ERROR] AppliInfo:139 - Unknown STM32CubeMX version: 6.15.0
2025-12-27 11:18:54,431 [ERROR] AppliInfo:139 - Unknown STM32CubeMX version: 6.15.0
2025-12-27 11:18:54,434 [ERROR] AppliInfo:139 - Unknown STM32CubeMX version: 6.14.1
2025-12-27 11:18:54,434 [ERROR] AppliInfo:139 - Unknown STM32CubeMX version: 6.14.1
2025-12-27 11:18:54,434 [ERROR] AppliInfo:139 - Unknown STM32CubeMX version: 6.14.1
2025-12-27 11:18:54,434 [ERROR] AppliInfo:139 - Unknown STM32CubeMX version: 6.14.1
2025-12-27 11:18:54,434 [ERROR] AppliInfo:139 - Unknown STM32CubeMX version: 6.14.1
2025-12-27 11:18:54,435 [ERROR] AppliInfo:139 - Unknown STM32CubeMX version: 6.14.1
2025-12-27 11:18:54,435 [ERROR] AppliInfo:139 - Unknown STM32CubeMX version: 6.14.1
2025-12-27 11:18:54,435 [ERROR] AppliInfo:139 - Unknown STM32CubeMX version: 6.14.1
2025-12-27 11:18:54,435 [ERROR] AppliInfo:139 - Unknown STM32CubeMX version: 6.14.1
2025-12-27 11:18:54,435 [ERROR] AppliInfo:139 - Unknown STM32CubeMX version: 6.14.1
2025-12-27 11:18:54,435 [ERROR] AppliInfo:139 - Unknown STM32CubeMX version: 6.14.1
2025-12-27 11:18:54,435 [ERROR] AppliInfo:139 - Unknown STM32CubeMX version: 6.14.1
2025-12-27 11:18:54,435 [ERROR] AppliInfo:139 - Unknown STM32CubeMX version: 6.14.1
2025-12-27 11:18:54,435 [ERROR] AppliInfo:139 - Unknown STM32CubeMX version: 6.14.1
2025-12-27 11:18:54,789 [ERROR] AppliInfo:139 - Unknown STM32CubeMX version: 6.16.0
2025-12-27 11:18:54,790 [ERROR] AppliInfo:139 - Unknown STM32CubeMX version: 6.16.0
2025-12-27 11:18:54,790 [ERROR] AppliInfo:139 - Unknown STM32CubeMX version: 6.16.0
2025-12-27 11:18:54,790 [ERROR] AppliInfo:139 - Unknown STM32CubeMX version: 6.16.0
2025-12-27 11:18:54,790 [ERROR] AppliInfo:139 - Unknown STM32CubeMX version: 6.16.0
2025-12-27 11:18:54,792 [ERROR] AppliInfo:139 - Unknown STM32CubeMX version: 6.15.0
2025-12-27 11:18:54,792 [ERROR] AppliInfo:139 - Unknown STM32CubeMX version: 6.15.0
2025-12-27 11:18:54,792 [ERROR] AppliInfo:139 - Unknown STM32CubeMX version: 6.15.0
2025-12-27 11:18:54,793 [ERROR] AppliInfo:139 - Unknown STM32CubeMX version: 6.15.0
2025-12-27 11:18:54,793 [ERROR] AppliInfo:139 - Unknown STM32CubeMX version: 6.15.0
2025-12-27 11:18:54,793 [ERROR] AppliInfo:139 - Unknown STM32CubeMX version: 6.15.0
2025-12-27 11:18:54,793 [ERROR] AppliInfo:139 - Unknown STM32CubeMX version: 6.15.0
2025-12-27 11:18:54,805 [ERROR] AppliInfo:139 - Unknown STM32CubeMX version: 6.15.0
2025-12-27 11:18:54,810 [ERROR] AppliInfo:139 - Unknown STM32CubeMX version: 6.16.0
2025-12-27 11:18:54,810 [ERROR] AppliInfo:139 - Unknown STM32CubeMX version: 6.16.0
2025-12-27 11:18:54,810 [ERROR] AppliInfo:139 - Unknown STM32CubeMX version: 6.16.0
2025-12-27 11:18:54,812 [ERROR] AppliInfo:139 - Unknown STM32CubeMX version: 6.16.0
2025-12-27 11:18:54,938 [ERROR] AppliInfo:139 - Unknown STM32CubeMX version: 6.16.0
2025-12-27 11:18:54,939 [ERROR] AppliInfo:139 - Unknown STM32CubeMX version: 6.16.0
2025-12-27 11:18:54,961 [ERROR] AppliInfo:139 - Unknown STM32CubeMX version: 6.16.0
2025-12-27 11:18:54,963 [ERROR] AppliInfo:139 - Unknown STM32CubeMX version: 6.16.0
2025-12-27 11:18:54,963 [ERROR] AppliInfo:139 - Unknown STM32CubeMX version: 6.16.0
2025-12-27 11:18:54,963 [ERROR] AppliInfo:139 - Unknown STM32CubeMX version: 6.16.0
2025-12-27 11:18:54,964 [ERROR] AppliInfo:139 - Unknown STM32CubeMX version: 6.16.0
2025-12-27 11:18:54,964 [ERROR] AppliInfo:139 - Unknown STM32CubeMX version: 6.16.0
2025-12-27 11:18:54,964 [ERROR] AppliInfo:139 - Unknown STM32CubeMX version: 6.16.0
2025-12-27 11:18:54,964 [ERROR] AppliInfo:139 - Unknown STM32CubeMX version: 6.16.0
2025-12-27 11:18:54,964 [ERROR] AppliInfo:139 - Unknown STM32CubeMX version: 6.16.0
2025-12-27 11:18:54,965 [ERROR] AppliInfo:139 - Unknown STM32CubeMX version: 6.16.0
2025-12-27 11:18:54,965 [ERROR] AppliInfo:139 - Unknown STM32CubeMX version: 6.16.0
2025-12-27 11:18:54,965 [ERROR] AppliInfo:139 - Unknown STM32CubeMX version: 6.15.0
2025-12-27 11:18:54,965 [ERROR] AppliInfo:139 - Unknown STM32CubeMX version: 6.16.0
2025-12-27 11:18:54,966 [ERROR] AppliInfo:139 - Unknown STM32CubeMX version: 6.15.0
2025-12-27 11:18:54,966 [ERROR] AppliInfo:139 - Unknown STM32CubeMX version: 6.16.0
2025-12-27 11:18:54,966 [ERROR] AppliInfo:139 - Unknown STM32CubeMX version: 6.16.0
2025-12-27 11:18:54,967 [ERROR] AppliInfo:139 - Unknown STM32CubeMX version: 6.15.0
2025-12-27 11:18:54,967 [ERROR] AppliInfo:139 - Unknown STM32CubeMX version: 6.15.0
2025-12-27 11:18:54,967 [ERROR] AppliInfo:139 - Unknown STM32CubeMX version: 6.16.0
2025-12-27 11:18:54,968 [ERROR] AppliInfo:139 - Unknown STM32CubeMX version: 6.16.0
2025-12-27 11:18:54,968 [ERROR] AppliInfo:139 - Unknown STM32CubeMX version: 6.16.0
2025-12-27 11:18:54,968 [ERROR] AppliInfo:139 - Unknown STM32CubeMX version: 6.16.0
2025-12-27 11:18:54,968 [ERROR] AppliInfo:139 - Unknown STM32CubeMX version: 6.15.0
2025-12-27 11:18:54,969 [ERROR] AppliInfo:139 - Unknown STM32CubeMX version: 6.15.0
2025-12-27 11:18:54,969 [ERROR] AppliInfo:139 - Unknown STM32CubeMX version: 6.15.0
2025-12-27 11:18:54,970 [ERROR] AppliInfo:139 - Unknown STM32CubeMX version: 6.15.0
2025-12-27 11:18:54,987 [ERROR] AppliInfo:139 - Unknown STM32CubeMX version: 6.15.0
2025-12-27 11:18:54,988 [ERROR] AppliInfo:139 - Unknown STM32CubeMX version: 6.15.0
2025-12-27 11:18:54,988 [ERROR] AppliInfo:139 - Unknown STM32CubeMX version: 6.16.0
2025-12-27 11:18:54,988 [ERROR] AppliInfo:139 - Unknown STM32CubeMX version: 6.16.0
2025-12-27 11:18:54,989 [ERROR] AppliInfo:139 - Unknown STM32CubeMX version: 6.16.0
2025-12-27 11:18:54,989 [ERROR] AppliInfo:139 - Unknown STM32CubeMX version: 6.16.0
2025-12-27 11:18:54,989 [ERROR] AppliInfo:139 - Unknown STM32CubeMX version: 6.16.0
2025-12-27 11:18:54,990 [ERROR] AppliInfo:139 - Unknown STM32CubeMX version: 6.16.0
2025-12-27 11:18:54,991 [ERROR] AppliInfo:139 - Unknown STM32CubeMX version: 6.16.0
2025-12-27 11:18:54,991 [ERROR] AppliInfo:139 - Unknown STM32CubeMX version: 6.16.0
2025-12-27 11:18:54,991 [ERROR] AppliInfo:139 - Unknown STM32CubeMX version: 6.15.0
2025-12-27 11:18:54,991 [ERROR] AppliInfo:139 - Unknown STM32CubeMX version: 6.15.0
2025-12-27 11:18:54,992 [ERROR] AppliInfo:139 - Unknown STM32CubeMX version: 6.16.0
2025-12-27 11:18:54,992 [ERROR] AppliInfo:139 - Unknown STM32CubeMX version: 6.16.0
2025-12-27 11:18:54,992 [ERROR] AppliInfo:139 - Unknown STM32CubeMX version: 6.16.0
2025-12-27 11:18:54,992 [ERROR] AppliInfo:139 - Unknown STM32CubeMX version: 6.15.0
2025-12-27 11:18:54,992 [ERROR] AppliInfo:139 - Unknown STM32CubeMX version: 6.15.0
2025-12-27 11:18:54,992 [ERROR] AppliInfo:139 - Unknown STM32CubeMX version: 6.15.0
2025-12-27 11:18:54,992 [ERROR] AppliInfo:139 - Unknown STM32CubeMX version: 6.16.0
2025-12-27 11:18:54,993 [ERROR] AppliInfo:139 - Unknown STM32CubeMX version: 6.16.0
2025-12-27 11:18:54,993 [ERROR] AppliInfo:139 - Unknown STM32CubeMX version: 6.16.0
2025-12-27 11:18:54,993 [ERROR] AppliInfo:139 - Unknown STM32CubeMX version: 6.16.0
2025-12-27 11:18:54,994 [ERROR] AppliInfo:139 - Unknown STM32CubeMX version: 6.16.0
2025-12-27 11:18:54,994 [ERROR] AppliInfo:139 - Unknown STM32CubeMX version: 6.16.0
2025-12-27 11:18:54,995 [ERROR] AppliInfo:139 - Unknown STM32CubeMX version: 6.16.0
2025-12-27 11:18:54,995 [ERROR] AppliInfo:139 - Unknown STM32CubeMX version: 6.16.0
2025-12-27 11:18:54,995 [ERROR] AppliInfo:139 - Unknown STM32CubeMX version: 6.16.0
2025-12-27 11:18:54,996 [ERROR] AppliInfo:139 - Unknown STM32CubeMX version: 6.16.0
2025-12-27 11:18:55,037 [ERROR] AppliInfo:139 - Unknown STM32CubeMX version: 6.15.0
2025-12-27 11:18:55,037 [ERROR] AppliInfo:139 - Unknown STM32CubeMX version: 6.15.0
2025-12-27 11:18:55,051 [ERROR] AppliInfo:139 - Unknown STM32CubeMX version: 6.15.0
2025-12-27 11:18:55,052 [ERROR] AppliInfo:139 - Unknown STM32CubeMX version: 6.15.0
2025-12-27 11:18:55,054 [ERROR] AppliInfo:139 - Unknown STM32CubeMX version: 6.15.0
2025-12-27 11:18:55,054 [ERROR] AppliInfo:139 - Unknown STM32CubeMX version: 6.15.0
2025-12-27 11:18:55,055 [ERROR] AppliInfo:139 - Unknown STM32CubeMX version: 6.15.0
2025-12-27 11:18:55,059 [ERROR] AppliInfo:139 - Unknown STM32CubeMX version: 6.15.0
2025-12-27 11:18:55,060 [ERROR] AppliInfo:139 - Unknown STM32CubeMX version: 6.15.0
2025-12-27 11:18:55,061 [ERROR] AppliInfo:139 - Unknown STM32CubeMX version: 6.16.0
2025-12-27 11:18:55,070 [ERROR] AppliInfo:139 - Unknown STM32CubeMX version: 6.16.0
2025-12-27 11:18:55,070 [ERROR] AppliInfo:139 - Unknown STM32CubeMX version: 6.16.0
2025-12-27 11:18:55,070 [ERROR] AppliInfo:139 - Unknown STM32CubeMX version: 6.16.0
2025-12-27 11:18:55,070 [ERROR] AppliInfo:139 - Unknown STM32CubeMX version: 6.16.0
2025-12-27 11:18:55,071 [ERROR] AppliInfo:139 - Unknown STM32CubeMX version: 6.16.0
2025-12-27 11:18:55,071 [ERROR] AppliInfo:139 - Unknown STM32CubeMX version: 6.16.0
2025-12-27 11:18:55,098 [ERROR] AppliInfo:139 - Unknown STM32CubeMX version: 6.12.1
2025-12-27 11:18:55,098 [ERROR] AppliInfo:139 - Unknown STM32CubeMX version: 6.16.0
2025-12-27 11:18:55,098 [ERROR] AppliInfo:139 - Unknown STM32CubeMX version: 6.16.0
2025-12-27 11:18:55,098 [ERROR] AppliInfo:139 - Unknown STM32CubeMX version: 6.16.0
2025-12-27 11:18:55,098 [ERROR] AppliInfo:139 - Unknown STM32CubeMX version: 6.16.0
2025-12-27 11:18:55,098 [ERROR] AppliInfo:139 - Unknown STM32CubeMX version: 6.16.0
2025-12-27 11:18:55,098 [ERROR] AppliInfo:139 - Unknown STM32CubeMX version: 6.16.0
2025-12-27 11:18:55,099 [ERROR] AppliInfo:139 - Unknown STM32CubeMX version: 6.16.0
2025-12-27 11:18:55,099 [ERROR] AppliInfo:139 - Unknown STM32CubeMX version: 6.16.0
2025-12-27 11:18:55,099 [ERROR] AppliInfo:139 - Unknown STM32CubeMX version: 6.16.0
2025-12-27 11:18:55,099 [ERROR] AppliInfo:139 - Unknown STM32CubeMX version: 6.16.0
2025-12-27 11:18:55,099 [ERROR] AppliInfo:139 - Unknown STM32CubeMX version: 6.16.0
2025-12-27 11:18:55,099 [ERROR] AppliInfo:139 - Unknown STM32CubeMX version: 6.16.0
2025-12-27 11:18:55,099 [ERROR] AppliInfo:139 - Unknown STM32CubeMX version: 6.16.0
2025-12-27 11:18:55,100 [ERROR] AppliInfo:139 - Unknown STM32CubeMX version: 6.16.0
2025-12-27 11:18:55,100 [ERROR] AppliInfo:139 - Unknown STM32CubeMX version: 6.16.0
2025-12-27 11:18:55,100 [ERROR] AppliInfo:139 - Unknown STM32CubeMX version: 6.16.0
2025-12-27 11:18:55,100 [ERROR] AppliInfo:139 - Unknown STM32CubeMX version: 6.16.0
2025-12-27 11:18:55,100 [ERROR] AppliInfo:139 - Unknown STM32CubeMX version: 6.16.0
2025-12-27 11:18:55,100 [ERROR] AppliInfo:139 - Unknown STM32CubeMX version: 6.16.0
2025-12-27 11:18:55,100 [ERROR] AppliInfo:139 - Unknown STM32CubeMX version: 6.16.0
2025-12-27 11:18:55,100 [ERROR] AppliInfo:139 - Unknown STM32CubeMX version: 6.16.0
2025-12-27 11:18:55,120 [ERROR] AppliInfo:139 - Unknown STM32CubeMX version: 6.16.0
2025-12-27 11:18:55,120 [ERROR] AppliInfo:139 - Unknown STM32CubeMX version: 6.16.0
2025-12-27 11:18:55,120 [ERROR] AppliInfo:139 - Unknown STM32CubeMX version: 6.16.0
2025-12-27 11:18:55,120 [ERROR] AppliInfo:139 - Unknown STM32CubeMX version: 6.16.0
2025-12-27 11:18:55,120 [ERROR] AppliInfo:139 - Unknown STM32CubeMX version: 6.16.0
2025-12-27 11:18:55,120 [ERROR] AppliInfo:139 - Unknown STM32CubeMX version: 6.16.0
2025-12-27 11:18:55,120 [ERROR] AppliInfo:139 - Unknown STM32CubeMX version: 6.16.0
2025-12-27 11:18:55,120 [ERROR] AppliInfo:139 - Unknown STM32CubeMX version: 6.16.0
2025-12-27 11:18:55,121 [ERROR] AppliInfo:139 - Unknown STM32CubeMX version: 6.16.0
2025-12-27 11:18:55,121 [ERROR] AppliInfo:139 - Unknown STM32CubeMX version: 6.16.0
2025-12-27 11:18:55,121 [ERROR] AppliInfo:139 - Unknown STM32CubeMX version: 6.16.0
2025-12-27 11:18:55,121 [ERROR] AppliInfo:139 - Unknown STM32CubeMX version: 6.16.0
2025-12-27 11:18:55,121 [ERROR] AppliInfo:139 - Unknown STM32CubeMX version: 6.16.0
2025-12-27 11:18:55,121 [ERROR] AppliInfo:139 - Unknown STM32CubeMX version: 6.16.0
2025-12-27 11:18:55,121 [ERROR] AppliInfo:139 - Unknown STM32CubeMX version: 6.16.0
2025-12-27 11:18:55,121 [ERROR] AppliInfo:139 - Unknown STM32CubeMX version: 6.16.0
2025-12-27 11:18:55,121 [ERROR] AppliInfo:139 - Unknown STM32CubeMX version: 6.16.0
2025-12-27 11:18:55,121 [ERROR] AppliInfo:139 - Unknown STM32CubeMX version: 6.16.0
2025-12-27 11:18:55,122 [ERROR] AppliInfo:139 - Unknown STM32CubeMX version: 6.16.0
2025-12-27 11:18:55,122 [ERROR] AppliInfo:139 - Unknown STM32CubeMX version: 6.16.0
2025-12-27 11:18:55,122 [ERROR] AppliInfo:139 - Unknown STM32CubeMX version: 6.16.0
2025-12-27 11:18:55,125 [ERROR] AppliInfo:139 - Unknown STM32CubeMX version: 6.16.0
2025-12-27 11:18:55,125 [ERROR] AppliInfo:139 - Unknown STM32CubeMX version: 6.16.0
2025-12-27 11:18:55,125 [ERROR] AppliInfo:139 - Unknown STM32CubeMX version: 6.16.0
2025-12-27 11:18:55,126 [ERROR] AppliInfo:139 - Unknown STM32CubeMX version: 6.16.0
2025-12-27 11:18:55,126 [ERROR] AppliInfo:139 - Unknown STM32CubeMX version: 6.16.0
2025-12-27 11:18:55,126 [ERROR] AppliInfo:139 - Unknown STM32CubeMX version: 6.16.0
2025-12-27 11:18:55,126 [ERROR] AppliInfo:139 - Unknown STM32CubeMX version: 6.16.0
2025-12-27 11:18:55,126 [ERROR] AppliInfo:139 - Unknown STM32CubeMX version: 6.16.0
2025-12-27 11:18:55,126 [ERROR] AppliInfo:139 - Unknown STM32CubeMX version: 6.16.0
2025-12-27 11:18:55,126 [ERROR] AppliInfo:139 - Unknown STM32CubeMX version: 6.16.0
2025-12-27 11:18:55,126 [ERROR] AppliInfo:139 - Unknown STM32CubeMX version: 6.16.0
2025-12-27 11:18:55,126 [ERROR] AppliInfo:139 - Unknown STM32CubeMX version: 6.16.0
2025-12-27 11:18:55,127 [ERROR] AppliInfo:139 - Unknown STM32CubeMX version: 6.16.0
2025-12-27 11:18:55,127 [ERROR] AppliInfo:139 - Unknown STM32CubeMX version: 6.16.0
2025-12-27 11:18:55,127 [ERROR] AppliInfo:139 - Unknown STM32CubeMX version: 6.16.0
2025-12-27 11:18:55,127 [ERROR] AppliInfo:139 - Unknown STM32CubeMX version: 6.16.0
2025-12-27 11:18:55,127 [ERROR] AppliInfo:139 - Unknown STM32CubeMX version: 6.16.0
2025-12-27 11:18:55,127 [ERROR] AppliInfo:139 - Unknown STM32CubeMX version: 6.16.0
2025-12-27 11:18:55,127 [ERROR] AppliInfo:139 - Unknown STM32CubeMX version: 6.16.0
2025-12-27 11:18:55,127 [ERROR] AppliInfo:139 - Unknown STM32CubeMX version: 6.16.0
2025-12-27 11:18:55,177 [ERROR] AppliInfo:139 - Unknown STM32CubeMX version: 6.16.0
2025-12-27 11:18:55,183 [ERROR] AppliInfo:139 - Unknown STM32CubeMX version: 6.16.0
2025-12-27 11:18:55,183 [ERROR] AppliInfo:139 - Unknown STM32CubeMX version: 6.16.0
2025-12-27 11:18:55,183 [ERROR] AppliInfo:139 - Unknown STM32CubeMX version: 6.16.0
2025-12-27 11:18:55,183 [ERROR] AppliInfo:139 - Unknown STM32CubeMX version: 6.16.0
2025-12-27 11:18:55,184 [ERROR] AppliInfo:139 - Unknown STM32CubeMX version: 6.16.0
2025-12-27 11:18:55,184 [ERROR] AppliInfo:139 - Unknown STM32CubeMX version: 6.16.0
2025-12-27 11:18:55,184 [ERROR] AppliInfo:139 - Unknown STM32CubeMX version: 6.16.0
2025-12-27 11:18:55,184 [ERROR] AppliInfo:139 - Unknown STM32CubeMX version: 6.16.0
2025-12-27 11:18:55,184 [ERROR] AppliInfo:139 - Unknown STM32CubeMX version: 6.16.0
2025-12-27 11:18:55,185 [ERROR] AppliInfo:139 - Unknown STM32CubeMX version: 6.16.0
2025-12-27 11:18:55,185 [ERROR] AppliInfo:139 - Unknown STM32CubeMX version: 6.16.0
2025-12-27 11:18:55,185 [ERROR] AppliInfo:139 - Unknown STM32CubeMX version: 6.16.0
2025-12-27 11:18:55,185 [ERROR] AppliInfo:139 - Unknown STM32CubeMX version: 6.16.0
2025-12-27 11:18:55,185 [ERROR] AppliInfo:139 - Unknown STM32CubeMX version: 6.16.0
2025-12-27 11:18:55,185 [ERROR] AppliInfo:139 - Unknown STM32CubeMX version: 6.16.0
2025-12-27 11:18:55,186 [ERROR] AppliInfo:139 - Unknown STM32CubeMX version: 6.16.0
2025-12-27 11:18:55,186 [ERROR] AppliInfo:139 - Unknown STM32CubeMX version: 6.16.0
2025-12-27 11:18:55,186 [ERROR] AppliInfo:139 - Unknown STM32CubeMX version: 6.16.0
2025-12-27 11:18:55,186 [ERROR] AppliInfo:139 - Unknown STM32CubeMX version: 6.16.0
2025-12-27 11:18:55,186 [ERROR] AppliInfo:139 - Unknown STM32CubeMX version: 6.16.0
2025-12-27 11:18:55,187 [ERROR] AppliInfo:139 - Unknown STM32CubeMX version: 6.16.0
2025-12-27 11:18:55,187 [ERROR] AppliInfo:139 - Unknown STM32CubeMX version: 6.16.0
2025-12-27 11:18:55,187 [ERROR] AppliInfo:139 - Unknown STM32CubeMX version: 6.16.0
2025-12-27 11:18:55,188 [ERROR] AppliInfo:139 - Unknown STM32CubeMX version: 6.16.0
2025-12-27 11:18:55,188 [ERROR] AppliInfo:139 - Unknown STM32CubeMX version: 6.16.0
2025-12-27 11:18:55,188 [ERROR] AppliInfo:139 - Unknown STM32CubeMX version: 6.16.0
2025-12-27 11:18:55,188 [ERROR] AppliInfo:139 - Unknown STM32CubeMX version: 6.16.0
2025-12-27 11:18:55,188 [ERROR] AppliInfo:139 - Unknown STM32CubeMX version: 6.16.0
2025-12-27 11:18:55,188 [ERROR] AppliInfo:139 - Unknown STM32CubeMX version: 6.16.0
2025-12-27 11:18:55,188 [ERROR] AppliInfo:139 - Unknown STM32CubeMX version: 6.16.0
2025-12-27 11:18:55,189 [ERROR] AppliInfo:139 - Unknown STM32CubeMX version: 6.16.0
2025-12-27 11:18:55,189 [ERROR] AppliInfo:139 - Unknown STM32CubeMX version: 6.16.0
2025-12-27 11:18:55,189 [ERROR] AppliInfo:139 - Unknown STM32CubeMX version: 6.16.0
2025-12-27 11:18:55,189 [ERROR] AppliInfo:139 - Unknown STM32CubeMX version: 6.16.0
2025-12-27 11:18:55,189 [ERROR] AppliInfo:139 - Unknown STM32CubeMX version: 6.16.0
2025-12-27 11:18:55,189 [ERROR] AppliInfo:139 - Unknown STM32CubeMX version: 6.16.0
2025-12-27 11:18:55,189 [ERROR] AppliInfo:139 - Unknown STM32CubeMX version: 6.16.0
2025-12-27 11:18:55,189 [ERROR] AppliInfo:139 - Unknown STM32CubeMX version: 6.16.0
2025-12-27 11:18:55,190 [ERROR] AppliInfo:139 - Unknown STM32CubeMX version: 6.16.0
2025-12-27 11:18:55,190 [ERROR] AppliInfo:139 - Unknown STM32CubeMX version: 6.16.0
2025-12-27 11:18:55,190 [ERROR] AppliInfo:139 - Unknown STM32CubeMX version: 6.16.0
2025-12-27 11:18:55,190 [ERROR] AppliInfo:139 - Unknown STM32CubeMX version: 6.16.0
2025-12-27 11:18:55,190 [ERROR] AppliInfo:139 - Unknown STM32CubeMX version: 6.16.0
2025-12-27 11:18:55,190 [ERROR] AppliInfo:139 - Unknown STM32CubeMX version: 6.16.0
2025-12-27 11:18:55,191 [ERROR] AppliInfo:139 - Unknown STM32CubeMX version: 6.16.0
2025-12-27 11:18:55,191 [ERROR] AppliInfo:139 - Unknown STM32CubeMX version: 6.16.0
2025-12-27 11:18:55,191 [ERROR] AppliInfo:139 - Unknown STM32CubeMX version: 6.16.0
2025-12-27 11:18:55,192 [ERROR] AppliInfo:139 - Unknown STM32CubeMX version: 6.15.0
2025-12-27 11:18:55,192 [ERROR] AppliInfo:139 - Unknown STM32CubeMX version: 6.16.0
2025-12-27 11:18:55,192 [ERROR] AppliInfo:139 - Unknown STM32CubeMX version: 6.16.0
2025-12-27 11:18:55,192 [ERROR] AppliInfo:139 - Unknown STM32CubeMX version: 6.16.0
2025-12-27 11:18:55,192 [ERROR] AppliInfo:139 - Unknown STM32CubeMX version: 6.16.0
2025-12-27 11:18:55,192 [ERROR] AppliInfo:139 - Unknown STM32CubeMX version: 6.16.0
2025-12-27 11:18:55,192 [ERROR] AppliInfo:139 - Unknown STM32CubeMX version: 6.16.0
2025-12-27 11:18:55,192 [ERROR] AppliInfo:139 - Unknown STM32CubeMX version: 6.16.0
2025-12-27 11:18:55,192 [ERROR] AppliInfo:139 - Unknown STM32CubeMX version: 6.16.0
2025-12-27 11:18:55,193 [ERROR] AppliInfo:139 - Unknown STM32CubeMX version: 6.16.0
2025-12-27 11:18:55,193 [ERROR] AppliInfo:139 - Unknown STM32CubeMX version: 6.15.0
2025-12-27 11:18:55,193 [ERROR] AppliInfo:139 - Unknown STM32CubeMX version: 6.16.0
2025-12-27 11:18:55,193 [ERROR] AppliInfo:139 - Unknown STM32CubeMX version: 6.16.0
2025-12-27 11:18:55,193 [ERROR] AppliInfo:139 - Unknown STM32CubeMX version: 6.15.0
2025-12-27 11:18:55,193 [ERROR] AppliInfo:139 - Unknown STM32CubeMX version: 6.16.0
2025-12-27 11:18:55,193 [ERROR] AppliInfo:139 - Unknown STM32CubeMX version: 6.16.0
2025-12-27 11:18:55,193 [ERROR] AppliInfo:139 - Unknown STM32CubeMX version: 6.15.0
2025-12-27 11:18:55,193 [ERROR] AppliInfo:139 - Unknown STM32CubeMX version: 6.15.0
2025-12-27 11:18:55,193 [ERROR] AppliInfo:139 - Unknown STM32CubeMX version: 6.16.0
2025-12-27 11:18:55,194 [ERROR] AppliInfo:139 - Unknown STM32CubeMX version: 6.16.0
2025-12-27 11:18:55,194 [ERROR] AppliInfo:139 - Unknown STM32CubeMX version: 6.16.0
2025-12-27 11:18:55,194 [ERROR] AppliInfo:139 - Unknown STM32CubeMX version: 6.16.0
2025-12-27 11:18:55,194 [ERROR] AppliInfo:139 - Unknown STM32CubeMX version: 6.16.0
2025-12-27 11:18:55,194 [ERROR] AppliInfo:139 - Unknown STM32CubeMX version: 6.16.0
2025-12-27 11:18:55,199 [ERROR] AppliInfo:139 - Unknown STM32CubeMX version: 6.16.0
2025-12-27 11:18:55,200 [ERROR] AppliInfo:139 - Unknown STM32CubeMX version: 6.16.0
2025-12-27 11:18:55,207 [ERROR] AppliInfo:139 - Unknown STM32CubeMX version: 6.16.0
2025-12-27 11:18:55,207 [ERROR] AppliInfo:139 - Unknown STM32CubeMX version: 6.16.0
2025-12-27 11:18:55,208 [ERROR] AppliInfo:139 - Unknown STM32CubeMX version: 6.16.0
2025-12-27 11:18:55,208 [ERROR] AppliInfo:139 - Unknown STM32CubeMX version: 6.16.0
2025-12-27 11:18:55,208 [ERROR] AppliInfo:139 - Unknown STM32CubeMX version: 6.16.0
2025-12-27 11:18:55,208 [ERROR] AppliInfo:139 - Unknown STM32CubeMX version: 6.16.0
2025-12-27 11:18:55,208 [ERROR] AppliInfo:139 - Unknown STM32CubeMX version: 6.16.0
2025-12-27 11:18:55,208 [ERROR] AppliInfo:139 - Unknown STM32CubeMX version: 6.16.0
2025-12-27 11:18:55,208 [ERROR] AppliInfo:139 - Unknown STM32CubeMX version: 6.16.0
2025-12-27 11:18:55,209 [ERROR] AppliInfo:139 - Unknown STM32CubeMX version: 6.16.0
2025-12-27 11:18:55,209 [ERROR] AppliInfo:139 - Unknown STM32CubeMX version: 6.15.0
2025-12-27 11:18:55,209 [ERROR] AppliInfo:139 - Unknown STM32CubeMX version: 6.15.0
2025-12-27 11:18:55,209 [ERROR] AppliInfo:139 - Unknown STM32CubeMX version: 6.15.0
2025-12-27 11:18:55,210 [ERROR] AppliInfo:139 - Unknown STM32CubeMX version: 6.15.0
2025-12-27 11:18:55,210 [ERROR] AppliInfo:139 - Unknown STM32CubeMX version: 6.15.0
2025-12-27 11:18:55,210 [ERROR] AppliInfo:139 - Unknown STM32CubeMX version: 6.16.0
2025-12-27 11:18:55,210 [ERROR] AppliInfo:139 - Unknown STM32CubeMX version: 6.16.0
2025-12-27 11:18:55,210 [ERROR] AppliInfo:139 - Unknown STM32CubeMX version: 6.16.0
2025-12-27 11:18:55,210 [ERROR] AppliInfo:139 - Unknown STM32CubeMX version: 6.16.0
2025-12-27 11:18:55,210 [ERROR] AppliInfo:139 - Unknown STM32CubeMX version: 6.16.0
2025-12-27 11:18:55,210 [ERROR] AppliInfo:139 - Unknown STM32CubeMX version: 6.16.0
2025-12-27 11:18:55,210 [ERROR] AppliInfo:139 - Unknown STM32CubeMX version: 6.16.0
2025-12-27 11:18:55,211 [ERROR] AppliInfo:139 - Unknown STM32CubeMX version: 6.16.0
2025-12-27 11:18:55,211 [ERROR] AppliInfo:139 - Unknown STM32CubeMX version: 6.16.0
2025-12-27 11:18:55,211 [ERROR] AppliInfo:139 - Unknown STM32CubeMX version: 6.16.0
2025-12-27 11:18:55,211 [ERROR] AppliInfo:139 - Unknown STM32CubeMX version: 6.16.0
2025-12-27 11:18:55,211 [ERROR] AppliInfo:139 - Unknown STM32CubeMX version: 6.16.0
2025-12-27 11:18:55,211 [ERROR] AppliInfo:139 - Unknown STM32CubeMX version: 6.16.0
2025-12-27 11:18:55,211 [ERROR] AppliInfo:139 - Unknown STM32CubeMX version: 6.16.0
2025-12-27 11:18:55,211 [ERROR] AppliInfo:139 - Unknown STM32CubeMX version: 6.16.0
2025-12-27 11:18:55,211 [ERROR] AppliInfo:139 - Unknown STM32CubeMX version: 6.16.0
2025-12-27 11:18:55,211 [ERROR] AppliInfo:139 - Unknown STM32CubeMX version: 6.16.0
2025-12-27 11:18:55,212 [ERROR] AppliInfo:139 - Unknown STM32CubeMX version: 6.16.0
2025-12-27 11:18:55,212 [ERROR] AppliInfo:139 - Unknown STM32CubeMX version: 6.16.0
2025-12-27 11:18:55,212 [ERROR] AppliInfo:139 - Unknown STM32CubeMX version: 6.16.0
2025-12-27 11:18:55,212 [ERROR] AppliInfo:139 - Unknown STM32CubeMX version: 6.16.0
2025-12-27 11:18:55,212 [ERROR] AppliInfo:139 - Unknown STM32CubeMX version: 6.16.0
2025-12-27 11:18:55,212 [ERROR] AppliInfo:139 - Unknown STM32CubeMX version: 6.16.0
2025-12-27 11:18:55,212 [ERROR] AppliInfo:139 - Unknown STM32CubeMX version: 6.16.0
2025-12-27 11:18:55,212 [ERROR] AppliInfo:139 - Unknown STM32CubeMX version: 6.16.0
2025-12-27 11:18:55,212 [ERROR] AppliInfo:139 - Unknown STM32CubeMX version: 6.16.0
2025-12-27 11:18:55,213 [ERROR] AppliInfo:139 - Unknown STM32CubeMX version: 6.16.0
2025-12-27 11:18:55,213 [ERROR] AppliInfo:139 - Unknown STM32CubeMX version: 6.16.0
2025-12-27 11:18:55,213 [ERROR] AppliInfo:139 - Unknown STM32CubeMX version: 6.16.0
2025-12-27 11:18:55,213 [ERROR] AppliInfo:139 - Unknown STM32CubeMX version: 6.16.0
2025-12-27 11:18:55,214 [ERROR] AppliInfo:139 - Unknown STM32CubeMX version: 6.15.0
2025-12-27 11:18:55,214 [ERROR] AppliInfo:139 - Unknown STM32CubeMX version: 6.15.0
2025-12-27 11:18:55,214 [ERROR] AppliInfo:139 - Unknown STM32CubeMX version: 6.15.0
2025-12-27 11:18:55,214 [ERROR] AppliInfo:139 - Unknown STM32CubeMX version: 6.15.0
2025-12-27 11:18:55,214 [ERROR] AppliInfo:139 - Unknown STM32CubeMX version: 6.16.0
2025-12-27 11:18:55,214 [ERROR] AppliInfo:139 - Unknown STM32CubeMX version: 6.16.0
2025-12-27 11:18:55,215 [ERROR] AppliInfo:139 - Unknown STM32CubeMX version: 6.16.0
2025-12-27 11:18:55,215 [ERROR] AppliInfo:139 - Unknown STM32CubeMX version: 6.16.0
2025-12-27 11:18:55,215 [ERROR] AppliInfo:139 - Unknown STM32CubeMX version: 6.16.0
2025-12-27 11:18:55,215 [ERROR] AppliInfo:139 - Unknown STM32CubeMX version: 6.16.0
2025-12-27 11:18:55,215 [ERROR] AppliInfo:139 - Unknown STM32CubeMX version: 6.16.0
2025-12-27 11:18:55,215 [ERROR] AppliInfo:139 - Unknown STM32CubeMX version: 6.16.0
2025-12-27 11:18:55,215 [ERROR] AppliInfo:139 - Unknown STM32CubeMX version: 6.16.0
2025-12-27 11:18:55,215 [ERROR] AppliInfo:139 - Unknown STM32CubeMX version: 6.16.0
2025-12-27 11:18:55,215 [ERROR] AppliInfo:139 - Unknown STM32CubeMX version: 6.16.0
2025-12-27 11:18:55,216 [ERROR] AppliInfo:139 - Unknown STM32CubeMX version: 6.16.0
2025-12-27 11:18:55,216 [ERROR] AppliInfo:139 - Unknown STM32CubeMX version: 6.16.0
2025-12-27 11:18:55,216 [ERROR] AppliInfo:139 - Unknown STM32CubeMX version: 6.16.0
2025-12-27 11:18:55,216 [ERROR] AppliInfo:139 - Unknown STM32CubeMX version: 6.16.0
2025-12-27 11:18:55,216 [ERROR] AppliInfo:139 - Unknown STM32CubeMX version: 6.16.0
2025-12-27 11:18:55,216 [ERROR] AppliInfo:139 - Unknown STM32CubeMX version: 6.16.0
2025-12-27 11:18:55,216 [ERROR] AppliInfo:139 - Unknown STM32CubeMX version: 6.16.0
2025-12-27 11:18:55,216 [ERROR] AppliInfo:139 - Unknown STM32CubeMX version: 6.16.0
2025-12-27 11:18:55,216 [ERROR] AppliInfo:139 - Unknown STM32CubeMX version: 6.16.0
2025-12-27 11:18:55,216 [ERROR] AppliInfo:139 - Unknown STM32CubeMX version: 6.16.0
2025-12-27 11:18:55,217 [ERROR] AppliInfo:139 - Unknown STM32CubeMX version: 6.16.0
2025-12-27 11:18:55,217 [ERROR] AppliInfo:139 - Unknown STM32CubeMX version: 6.15.0
2025-12-27 11:18:55,217 [ERROR] AppliInfo:139 - Unknown STM32CubeMX version: 6.16.0
2025-12-27 11:18:55,217 [ERROR] AppliInfo:139 - Unknown STM32CubeMX version: 6.16.0
2025-12-27 11:18:55,217 [ERROR] AppliInfo:139 - Unknown STM32CubeMX version: 6.16.0
2025-12-27 11:18:55,217 [ERROR] AppliInfo:139 - Unknown STM32CubeMX version: 6.16.0
2025-12-27 11:18:55,217 [ERROR] AppliInfo:139 - Unknown STM32CubeMX version: 6.16.0
2025-12-27 11:18:55,218 [ERROR] AppliInfo:139 - Unknown STM32CubeMX version: 6.15.0
2025-12-27 11:18:55,218 [ERROR] AppliInfo:139 - Unknown STM32CubeMX version: 6.16.0
2025-12-27 11:18:55,218 [ERROR] AppliInfo:139 - Unknown STM32CubeMX version: 6.16.0
2025-12-27 11:18:55,218 [ERROR] AppliInfo:139 - Unknown STM32CubeMX version: 6.16.0
2025-12-27 11:18:55,218 [ERROR] AppliInfo:139 - Unknown STM32CubeMX version: 6.16.0
2025-12-27 11:18:55,218 [ERROR] AppliInfo:139 - Unknown STM32CubeMX version: 6.15.0
2025-12-27 11:18:55,218 [ERROR] AppliInfo:139 - Unknown STM32CubeMX version: 6.16.0
2025-12-27 11:18:55,218 [ERROR] AppliInfo:139 - Unknown STM32CubeMX version: 6.16.0
2025-12-27 11:18:55,218 [ERROR] AppliInfo:139 - Unknown STM32CubeMX version: 6.15.0
2025-12-27 11:18:55,218 [ERROR] AppliInfo:139 - Unknown STM32CubeMX version: 6.16.0
2025-12-27 11:18:55,219 [ERROR] AppliInfo:139 - Unknown STM32CubeMX version: 6.15.0
2025-12-27 11:18:55,219 [ERROR] AppliInfo:139 - Unknown STM32CubeMX version: 6.16.0
2025-12-27 11:18:55,219 [ERROR] AppliInfo:139 - Unknown STM32CubeMX version: 6.16.0
2025-12-27 11:18:55,219 [ERROR] AppliInfo:139 - Unknown STM32CubeMX version: 6.16.0
2025-12-27 11:18:55,219 [ERROR] AppliInfo:139 - Unknown STM32CubeMX version: 6.16.0
2025-12-27 11:18:55,219 [ERROR] AppliInfo:139 - Unknown STM32CubeMX version: 6.16.0
2025-12-27 11:18:55,219 [ERROR] AppliInfo:139 - Unknown STM32CubeMX version: 6.15.0
2025-12-27 11:18:55,219 [ERROR] AppliInfo:139 - Unknown STM32CubeMX version: 6.15.0
2025-12-27 11:18:55,219 [ERROR] AppliInfo:139 - Unknown STM32CubeMX version: 6.16.0
2025-12-27 11:18:55,220 [ERROR] AppliInfo:139 - Unknown STM32CubeMX version: 6.16.0
2025-12-27 11:18:55,220 [ERROR] AppliInfo:139 - Unknown STM32CubeMX version: 6.16.0
2025-12-27 11:18:55,220 [ERROR] AppliInfo:139 - Unknown STM32CubeMX version: 6.16.0
2025-12-27 11:18:55,220 [ERROR] AppliInfo:139 - Unknown STM32CubeMX version: 6.16.0
2025-12-27 11:18:55,220 [ERROR] AppliInfo:139 - Unknown STM32CubeMX version: 6.16.0
2025-12-27 11:18:55,220 [ERROR] AppliInfo:139 - Unknown STM32CubeMX version: 6.16.0
2025-12-27 11:18:55,220 [ERROR] AppliInfo:139 - Unknown STM32CubeMX version: 6.16.0
2025-12-27 11:18:55,220 [ERROR] AppliInfo:139 - Unknown STM32CubeMX version: 6.16.0
2025-12-27 11:18:55,221 [ERROR] AppliInfo:139 - Unknown STM32CubeMX version: 6.16.0
2025-12-27 11:18:55,221 [ERROR] AppliInfo:139 - Unknown STM32CubeMX version: 6.16.0
2025-12-27 11:18:55,221 [ERROR] AppliInfo:139 - Unknown STM32CubeMX version: 6.16.0
2025-12-27 11:18:55,221 [ERROR] AppliInfo:139 - Unknown STM32CubeMX version: 6.16.0
2025-12-27 11:18:55,221 [ERROR] AppliInfo:139 - Unknown STM32CubeMX version: 6.16.0
2025-12-27 11:18:55,221 [ERROR] AppliInfo:139 - Unknown STM32CubeMX version: 6.16.0
2025-12-27 11:18:55,221 [ERROR] AppliInfo:139 - Unknown STM32CubeMX version: 6.16.0
2025-12-27 11:18:55,221 [ERROR] AppliInfo:139 - Unknown STM32CubeMX version: 6.16.0
2025-12-27 11:18:55,221 [ERROR] AppliInfo:139 - Unknown STM32CubeMX version: 6.16.0
2025-12-27 11:18:55,223 [ERROR] AppliInfo:139 - Unknown STM32CubeMX version: 6.16.0
2025-12-27 11:18:55,223 [ERROR] AppliInfo:139 - Unknown STM32CubeMX version: 6.16.0
2025-12-27 11:18:55,223 [ERROR] AppliInfo:139 - Unknown STM32CubeMX version: 6.16.0
2025-12-27 11:18:55,224 [ERROR] AppliInfo:139 - Unknown STM32CubeMX version: 6.16.0
2025-12-27 11:18:55,224 [ERROR] AppliInfo:139 - Unknown STM32CubeMX version: 6.16.0
2025-12-27 11:18:55,224 [ERROR] AppliInfo:139 - Unknown STM32CubeMX version: 6.16.0
2025-12-27 11:18:55,224 [ERROR] AppliInfo:139 - Unknown STM32CubeMX version: 6.16.0
2025-12-27 11:18:55,224 [ERROR] AppliInfo:139 - Unknown STM32CubeMX version: 6.16.0
2025-12-27 11:18:55,224 [ERROR] AppliInfo:139 - Unknown STM32CubeMX version: 6.16.0
2025-12-27 11:18:55,224 [ERROR] AppliInfo:139 - Unknown STM32CubeMX version: 6.16.0
2025-12-27 11:18:55,227 [ERROR] AppliInfo:139 - Unknown STM32CubeMX version: 6.16.0
2025-12-27 11:18:55,227 [ERROR] AppliInfo:139 - Unknown STM32CubeMX version: 6.16.0
2025-12-27 11:18:55,227 [ERROR] AppliInfo:139 - Unknown STM32CubeMX version: 6.16.0
2025-12-27 11:18:55,227 [ERROR] AppliInfo:139 - Unknown STM32CubeMX version: 6.16.0
2025-12-27 11:18:55,227 [ERROR] AppliInfo:139 - Unknown STM32CubeMX version: 6.16.0
2025-12-27 11:18:55,227 [ERROR] AppliInfo:139 - Unknown STM32CubeMX version: 6.16.0
2025-12-27 11:18:55,227 [ERROR] AppliInfo:139 - Unknown STM32CubeMX version: 6.16.0
2025-12-27 11:18:55,228 [ERROR] AppliInfo:139 - Unknown STM32CubeMX version: 6.16.0
2025-12-27 11:18:55,228 [ERROR] AppliInfo:139 - Unknown STM32CubeMX version: 6.16.0
2025-12-27 11:18:55,228 [ERROR] AppliInfo:139 - Unknown STM32CubeMX version: 6.16.0
2025-12-27 11:18:55,228 [ERROR] AppliInfo:139 - Unknown STM32CubeMX version: 6.16.0
2025-12-27 11:18:55,228 [ERROR] AppliInfo:139 - Unknown STM32CubeMX version: 6.16.0
2025-12-27 11:18:55,228 [ERROR] AppliInfo:139 - Unknown STM32CubeMX version: 6.16.0
2025-12-27 11:18:55,228 [ERROR] AppliInfo:139 - Unknown STM32CubeMX version: 6.16.0
2025-12-27 11:18:55,229 [ERROR] AppliInfo:139 - Unknown STM32CubeMX version: 6.16.0
2025-12-27 11:18:55,229 [ERROR] AppliInfo:139 - Unknown STM32CubeMX version: 6.16.0
2025-12-27 11:18:55,229 [ERROR] AppliInfo:139 - Unknown STM32CubeMX version: 6.16.0
2025-12-27 11:18:55,230 [ERROR] AppliInfo:139 - Unknown STM32CubeMX version: 6.16.0
2025-12-27 11:18:55,230 [ERROR] AppliInfo:139 - Unknown STM32CubeMX version: 6.16.0
2025-12-27 11:18:55,230 [ERROR] AppliInfo:139 - Unknown STM32CubeMX version: 6.16.0
2025-12-27 11:18:55,230 [ERROR] AppliInfo:139 - Unknown STM32CubeMX version: 6.16.0
2025-12-27 11:18:55,230 [ERROR] AppliInfo:139 - Unknown STM32CubeMX version: 6.16.0
2025-12-27 11:18:55,231 [ERROR] AppliInfo:139 - Unknown STM32CubeMX version: 6.16.0
2025-12-27 11:18:55,231 [ERROR] AppliInfo:139 - Unknown STM32CubeMX version: 6.15.0
2025-12-27 11:18:55,231 [ERROR] AppliInfo:139 - Unknown STM32CubeMX version: 6.15.0
2025-12-27 11:18:55,231 [ERROR] AppliInfo:139 - Unknown STM32CubeMX version: 6.15.0
2025-12-27 11:18:55,231 [ERROR] AppliInfo:139 - Unknown STM32CubeMX version: 6.15.0
2025-12-27 11:18:55,231 [ERROR] AppliInfo:139 - Unknown STM32CubeMX version: 6.15.0
2025-12-27 11:18:55,231 [ERROR] AppliInfo:139 - Unknown STM32CubeMX version: 6.16.0
2025-12-27 11:18:55,231 [ERROR] AppliInfo:139 - Unknown STM32CubeMX version: 6.16.0
2025-12-27 11:18:55,232 [ERROR] AppliInfo:139 - Unknown STM32CubeMX version: 6.16.0
2025-12-27 11:18:55,232 [ERROR] AppliInfo:139 - Unknown STM32CubeMX version: 6.16.0
2025-12-27 11:18:55,232 [ERROR] AppliInfo:139 - Unknown STM32CubeMX version: 6.16.0
2025-12-27 11:18:55,232 [ERROR] AppliInfo:139 - Unknown STM32CubeMX version: 6.16.0
2025-12-27 11:18:55,232 [ERROR] AppliInfo:139 - Unknown STM32CubeMX version: 6.16.0
2025-12-27 11:18:55,233 [ERROR] AppliInfo:139 - Unknown STM32CubeMX version: 6.16.0
2025-12-27 11:18:55,233 [ERROR] AppliInfo:139 - Unknown STM32CubeMX version: 6.16.0
2025-12-27 11:18:55,233 [ERROR] AppliInfo:139 - Unknown STM32CubeMX version: 6.16.0
2025-12-27 11:18:55,233 [ERROR] AppliInfo:139 - Unknown STM32CubeMX version: 6.16.0
2025-12-27 11:18:55,233 [ERROR] AppliInfo:139 - Unknown STM32CubeMX version: 6.16.0
2025-12-27 11:18:55,233 [ERROR] AppliInfo:139 - Unknown STM32CubeMX version: 6.16.0
2025-12-27 11:18:55,233 [ERROR] AppliInfo:139 - Unknown STM32CubeMX version: 6.16.0
2025-12-27 11:18:55,233 [ERROR] AppliInfo:139 - Unknown STM32CubeMX version: 6.16.0
2025-12-27 11:18:55,233 [ERROR] AppliInfo:139 - Unknown STM32CubeMX version: 6.16.0
2025-12-27 11:18:55,234 [ERROR] AppliInfo:139 - Unknown STM32CubeMX version: 6.16.0
2025-12-27 11:18:55,234 [ERROR] AppliInfo:139 - Unknown STM32CubeMX version: 6.16.0
2025-12-27 11:18:55,234 [ERROR] AppliInfo:139 - Unknown STM32CubeMX version: 6.16.0
2025-12-27 11:18:55,234 [ERROR] AppliInfo:139 - Unknown STM32CubeMX version: 6.16.0
2025-12-27 11:18:55,234 [ERROR] AppliInfo:139 - Unknown STM32CubeMX version: 6.16.0
2025-12-27 11:18:55,234 [ERROR] AppliInfo:139 - Unknown STM32CubeMX version: 6.16.0
2025-12-27 11:18:55,234 [ERROR] AppliInfo:139 - Unknown STM32CubeMX version: 6.16.0
2025-12-27 11:18:55,251 [ERROR] AppliInfo:139 - Unknown STM32CubeMX version: 6.16.0
2025-12-27 11:18:55,251 [ERROR] AppliInfo:139 - Unknown STM32CubeMX version: 6.16.0
2025-12-27 11:18:55,251 [ERROR] AppliInfo:139 - Unknown STM32CubeMX version: 6.16.0
2025-12-27 11:18:55,252 [ERROR] AppliInfo:139 - Unknown STM32CubeMX version: 6.16.0
2025-12-27 11:18:55,252 [ERROR] AppliInfo:139 - Unknown STM32CubeMX version: 6.16.0
2025-12-27 11:18:55,252 [ERROR] AppliInfo:139 - Unknown STM32CubeMX version: 6.16.0
2025-12-27 11:18:55,252 [ERROR] AppliInfo:139 - Unknown STM32CubeMX version: 6.16.0
2025-12-27 11:18:55,252 [ERROR] AppliInfo:139 - Unknown STM32CubeMX version: 6.16.0
2025-12-27 11:18:55,252 [ERROR] AppliInfo:139 - Unknown STM32CubeMX version: 6.16.0
2025-12-27 11:18:55,252 [ERROR] AppliInfo:139 - Unknown STM32CubeMX version: 6.16.0
2025-12-27 11:18:55,252 [ERROR] AppliInfo:139 - Unknown STM32CubeMX version: 6.16.0
2025-12-27 11:18:55,253 [ERROR] AppliInfo:139 - Unknown STM32CubeMX version: 6.16.0
2025-12-27 11:18:55,253 [ERROR] AppliInfo:139 - Unknown STM32CubeMX version: 6.16.0
2025-12-27 11:18:55,253 [ERROR] AppliInfo:139 - Unknown STM32CubeMX version: 6.16.0
2025-12-27 11:18:55,253 [ERROR] AppliInfo:139 - Unknown STM32CubeMX version: 6.16.0
2025-12-27 11:18:55,253 [ERROR] AppliInfo:139 - Unknown STM32CubeMX version: 6.16.0
2025-12-27 11:18:55,254 [ERROR] AppliInfo:139 - Unknown STM32CubeMX version: 6.16.0
2025-12-27 11:18:55,254 [ERROR] AppliInfo:139 - Unknown STM32CubeMX version: 6.16.0
2025-12-27 11:18:55,254 [ERROR] AppliInfo:139 - Unknown STM32CubeMX version: 6.16.0
2025-12-27 11:18:55,270 [ERROR] AppliInfo:139 - Unknown STM32CubeMX version: 6.16.0
2025-12-27 11:18:55,271 [ERROR] AppliInfo:139 - Unknown STM32CubeMX version: 6.16.0
2025-12-27 11:18:55,271 [ERROR] AppliInfo:139 - Unknown STM32CubeMX version: 6.16.0
2025-12-27 11:18:55,271 [ERROR] AppliInfo:139 - Unknown STM32CubeMX version: 6.16.0
2025-12-27 11:18:55,271 [ERROR] AppliInfo:139 - Unknown STM32CubeMX version: 6.16.0
2025-12-27 11:18:55,271 [ERROR] AppliInfo:139 - Unknown STM32CubeMX version: 6.16.0
2025-12-27 11:18:55,271 [ERROR] AppliInfo:139 - Unknown STM32CubeMX version: 6.16.0
2025-12-27 11:18:55,271 [ERROR] AppliInfo:139 - Unknown STM32CubeMX version: 6.16.0
2025-12-27 11:18:55,271 [ERROR] AppliInfo:139 - Unknown STM32CubeMX version: 6.16.0
2025-12-27 11:18:55,271 [ERROR] AppliInfo:139 - Unknown STM32CubeMX version: 6.16.0
2025-12-27 11:18:55,272 [ERROR] AppliInfo:139 - Unknown STM32CubeMX version: 6.16.0
2025-12-27 11:18:55,272 [ERROR] AppliInfo:139 - Unknown STM32CubeMX version: 6.16.0
2025-12-27 11:18:55,272 [ERROR] AppliInfo:139 - Unknown STM32CubeMX version: 6.16.0
2025-12-27 11:18:55,272 [ERROR] AppliInfo:139 - Unknown STM32CubeMX version: 6.16.0
2025-12-27 11:18:55,272 [ERROR] AppliInfo:139 - Unknown STM32CubeMX version: 6.16.0
2025-12-27 11:18:55,272 [ERROR] AppliInfo:139 - Unknown STM32CubeMX version: 6.16.0
2025-12-27 11:18:55,272 [ERROR] AppliInfo:139 - Unknown STM32CubeMX version: 6.16.0
2025-12-27 11:18:55,272 [ERROR] AppliInfo:139 - Unknown STM32CubeMX version: 6.16.0
2025-12-27 11:18:55,273 [ERROR] AppliInfo:139 - Unknown STM32CubeMX version: 6.16.0
2025-12-27 11:18:55,273 [ERROR] AppliInfo:139 - Unknown STM32CubeMX version: 6.15.0
2025-12-27 11:18:55,273 [ERROR] AppliInfo:139 - Unknown STM32CubeMX version: 6.15.0
2025-12-27 11:18:55,273 [ERROR] AppliInfo:139 - Unknown STM32CubeMX version: 6.15.0
2025-12-27 11:18:55,273 [ERROR] AppliInfo:139 - Unknown STM32CubeMX version: 6.15.0
2025-12-27 11:18:55,273 [ERROR] AppliInfo:139 - Unknown STM32CubeMX version: 6.15.0
2025-12-27 11:18:55,273 [ERROR] AppliInfo:139 - Unknown STM32CubeMX version: 6.15.0
2025-12-27 11:18:55,273 [ERROR] AppliInfo:139 - Unknown STM32CubeMX version: 6.15.0
2025-12-27 11:18:55,274 [ERROR] AppliInfo:139 - Unknown STM32CubeMX version: 6.16.0
2025-12-27 11:18:55,274 [ERROR] AppliInfo:139 - Unknown STM32CubeMX version: 6.16.0
2025-12-27 11:18:55,288 [ERROR] AppliInfo:139 - Unknown STM32CubeMX version: 6.15.0
2025-12-27 11:18:55,289 [ERROR] AppliInfo:139 - Unknown STM32CubeMX version: 6.15.0
2025-12-27 11:18:55,289 [ERROR] AppliInfo:139 - Unknown STM32CubeMX version: 6.15.0
2025-12-27 11:18:55,289 [ERROR] AppliInfo:139 - Unknown STM32CubeMX version: 6.15.0
2025-12-27 11:18:55,289 [ERROR] AppliInfo:139 - Unknown STM32CubeMX version: 6.15.0
2025-12-27 11:18:55,289 [ERROR] AppliInfo:139 - Unknown STM32CubeMX version: 6.15.0
2025-12-27 11:18:55,289 [ERROR] AppliInfo:139 - Unknown STM32CubeMX version: 6.15.0
2025-12-27 11:18:55,289 [ERROR] AppliInfo:139 - Unknown STM32CubeMX version: 6.15.0
2025-12-27 11:18:55,289 [ERROR] AppliInfo:139 - Unknown STM32CubeMX version: 6.15.0
2025-12-27 11:18:55,289 [ERROR] AppliInfo:139 - Unknown STM32CubeMX version: 6.15.0
2025-12-27 11:18:55,290 [ERROR] AppliInfo:139 - Unknown STM32CubeMX version: 6.15.0
2025-12-27 11:18:55,290 [ERROR] AppliInfo:139 - Unknown STM32CubeMX version: 6.15.0
2025-12-27 11:18:55,290 [ERROR] AppliInfo:139 - Unknown STM32CubeMX version: 6.15.0
2025-12-27 11:18:55,294 [ERROR] AppliInfo:139 - Unknown STM32CubeMX version: 6.16.0
2025-12-27 11:18:55,294 [ERROR] AppliInfo:139 - Unknown STM32CubeMX version: 6.15.0
2025-12-27 11:18:55,295 [ERROR] AppliInfo:139 - Unknown STM32CubeMX version: 6.15.0
2025-12-27 11:18:55,295 [ERROR] AppliInfo:139 - Unknown STM32CubeMX version: 6.15.0
2025-12-27 11:18:55,295 [ERROR] AppliInfo:139 - Unknown STM32CubeMX version: 6.15.0
2025-12-27 11:18:55,295 [ERROR] AppliInfo:139 - Unknown STM32CubeMX version: 6.15.0
2025-12-27 11:18:55,295 [ERROR] AppliInfo:139 - Unknown STM32CubeMX version: 6.15.0
2025-12-27 11:18:55,295 [ERROR] AppliInfo:139 - Unknown STM32CubeMX version: 6.15.0
2025-12-27 11:18:55,295 [ERROR] AppliInfo:139 - Unknown STM32CubeMX version: 6.16.0
2025-12-27 11:18:55,295 [ERROR] AppliInfo:139 - Unknown STM32CubeMX version: 6.16.0
2025-12-27 11:18:55,298 [ERROR] AppliInfo:139 - Unknown STM32CubeMX version: 6.15.0
2025-12-27 11:18:55,298 [ERROR] AppliInfo:139 - Unknown STM32CubeMX version: 6.15.0
2025-12-27 11:18:55,298 [ERROR] AppliInfo:139 - Unknown STM32CubeMX version: 6.15.0
2025-12-27 11:18:55,298 [ERROR] AppliInfo:139 - Unknown STM32CubeMX version: 6.15.0
2025-12-27 11:18:55,298 [ERROR] AppliInfo:139 - Unknown STM32CubeMX version: 6.15.0
2025-12-27 11:18:55,298 [ERROR] AppliInfo:139 - Unknown STM32CubeMX version: 6.15.0
2025-12-27 11:18:55,298 [ERROR] AppliInfo:139 - Unknown STM32CubeMX version: 6.15.0
2025-12-27 11:18:55,298 [ERROR] AppliInfo:139 - Unknown STM32CubeMX version: 6.15.0
2025-12-27 11:18:55,298 [ERROR] AppliInfo:139 - Unknown STM32CubeMX version: 6.15.0
2025-12-27 11:18:55,298 [ERROR] AppliInfo:139 - Unknown STM32CubeMX version: 6.15.0
2025-12-27 11:18:55,298 [ERROR] AppliInfo:139 - Unknown STM32CubeMX version: 6.15.0
2025-12-27 11:18:55,298 [ERROR] AppliInfo:139 - Unknown STM32CubeMX version: 6.15.0
2025-12-27 11:18:55,299 [ERROR] AppliInfo:139 - Unknown STM32CubeMX version: 6.15.0
2025-12-27 11:18:55,301 [ERROR] AppliInfo:139 - Unknown STM32CubeMX version: 6.16.0
2025-12-27 11:18:55,301 [ERROR] AppliInfo:139 - Unknown STM32CubeMX version: 6.16.0
2025-12-27 11:18:55,301 [ERROR] AppliInfo:139 - Unknown STM32CubeMX version: 6.16.0
2025-12-27 11:18:55,301 [ERROR] AppliInfo:139 - Unknown STM32CubeMX version: 6.16.0
2025-12-27 11:18:55,302 [ERROR] AppliInfo:139 - Unknown STM32CubeMX version: 6.16.0
2025-12-27 11:18:55,302 [ERROR] AppliInfo:139 - Unknown STM32CubeMX version: 6.16.0
2025-12-27 11:18:55,302 [ERROR] AppliInfo:139 - Unknown STM32CubeMX version: 6.16.0
2025-12-27 11:18:55,302 [ERROR] AppliInfo:139 - Unknown STM32CubeMX version: 6.16.0
2025-12-27 11:18:55,302 [ERROR] AppliInfo:139 - Unknown STM32CubeMX version: 6.16.0
2025-12-27 11:18:55,302 [ERROR] AppliInfo:139 - Unknown STM32CubeMX version: 6.16.0
2025-12-27 11:18:55,302 [ERROR] AppliInfo:139 - Unknown STM32CubeMX version: 6.16.0
2025-12-27 11:18:55,302 [ERROR] AppliInfo:139 - Unknown STM32CubeMX version: 6.16.0
2025-12-27 11:18:55,303 [ERROR] AppliInfo:139 - Unknown STM32CubeMX version: 6.16.0
2025-12-27 11:18:55,303 [ERROR] AppliInfo:139 - Unknown STM32CubeMX version: 6.16.0
2025-12-27 11:18:55,303 [ERROR] AppliInfo:139 - Unknown STM32CubeMX version: 6.16.0
2025-12-27 11:18:55,303 [ERROR] AppliInfo:139 - Unknown STM32CubeMX version: 6.16.0
2025-12-27 11:18:55,303 [ERROR] AppliInfo:139 - Unknown STM32CubeMX version: 6.16.0
2025-12-27 11:18:55,303 [ERROR] AppliInfo:139 - Unknown STM32CubeMX version: 6.16.0
2025-12-27 11:18:55,303 [ERROR] AppliInfo:139 - Unknown STM32CubeMX version: 6.16.0
2025-12-27 11:18:55,303 [ERROR] AppliInfo:139 - Unknown STM32CubeMX version: 6.16.0
2025-12-27 11:18:55,304 [ERROR] AppliInfo:139 - Unknown STM32CubeMX version: 6.16.0
2025-12-27 11:18:55,304 [ERROR] AppliInfo:139 - Unknown STM32CubeMX version: 6.16.0
2025-12-27 11:18:55,304 [ERROR] AppliInfo:139 - Unknown STM32CubeMX version: 6.16.0
2025-12-27 11:18:55,304 [ERROR] AppliInfo:139 - Unknown STM32CubeMX version: 6.16.0
2025-12-27 11:18:55,304 [ERROR] AppliInfo:139 - Unknown STM32CubeMX version: 6.16.0
2025-12-27 11:18:55,304 [ERROR] AppliInfo:139 - Unknown STM32CubeMX version: 6.16.0
2025-12-27 11:18:55,304 [ERROR] AppliInfo:139 - Unknown STM32CubeMX version: 6.16.0
2025-12-27 11:18:55,304 [ERROR] AppliInfo:139 - Unknown STM32CubeMX version: 6.16.0
2025-12-27 11:18:55,304 [ERROR] AppliInfo:139 - Unknown STM32CubeMX version: 6.16.0
2025-12-27 11:18:55,304 [ERROR] AppliInfo:139 - Unknown STM32CubeMX version: 6.16.0
2025-12-27 11:18:55,304 [ERROR] AppliInfo:139 - Unknown STM32CubeMX version: 6.16.0
2025-12-27 11:18:55,305 [ERROR] AppliInfo:139 - Unknown STM32CubeMX version: 6.16.0
2025-12-27 11:18:55,305 [ERROR] AppliInfo:139 - Unknown STM32CubeMX version: 6.16.0
2025-12-27 11:18:55,305 [ERROR] AppliInfo:139 - Unknown STM32CubeMX version: 6.16.0
2025-12-27 11:18:55,305 [ERROR] AppliInfo:139 - Unknown STM32CubeMX version: 6.16.0
2025-12-27 11:18:55,305 [ERROR] AppliInfo:139 - Unknown STM32CubeMX version: 6.16.0
2025-12-27 11:18:55,305 [ERROR] AppliInfo:139 - Unknown STM32CubeMX version: 6.16.0
2025-12-27 11:18:55,305 [ERROR] AppliInfo:139 - Unknown STM32CubeMX version: 6.16.0
2025-12-27 11:18:55,305 [ERROR] AppliInfo:139 - Unknown STM32CubeMX version: 6.16.0
2025-12-27 11:18:55,305 [ERROR] AppliInfo:139 - Unknown STM32CubeMX version: 6.16.0
2025-12-27 11:18:55,305 [ERROR] AppliInfo:139 - Unknown STM32CubeMX version: 6.16.0
2025-12-27 11:18:55,305 [ERROR] AppliInfo:139 - Unknown STM32CubeMX version: 6.16.0
2025-12-27 11:18:55,305 [ERROR] AppliInfo:139 - Unknown STM32CubeMX version: 6.16.0
2025-12-27 11:18:55,306 [ERROR] AppliInfo:139 - Unknown STM32CubeMX version: 6.16.0
2025-12-27 11:18:55,306 [ERROR] AppliInfo:139 - Unknown STM32CubeMX version: 6.16.0
2025-12-27 11:18:55,306 [ERROR] AppliInfo:139 - Unknown STM32CubeMX version: 6.16.0
2025-12-27 11:18:55,306 [ERROR] AppliInfo:139 - Unknown STM32CubeMX version: 6.16.0
2025-12-27 11:18:55,306 [ERROR] AppliInfo:139 - Unknown STM32CubeMX version: 6.16.0
2025-12-27 11:18:55,306 [ERROR] AppliInfo:139 - Unknown STM32CubeMX version: 6.16.0
2025-12-27 11:18:55,306 [ERROR] AppliInfo:139 - Unknown STM32CubeMX version: 6.16.0
2025-12-27 11:18:55,306 [ERROR] AppliInfo:139 - Unknown STM32CubeMX version: 6.16.0
2025-12-27 11:18:55,306 [ERROR] AppliInfo:139 - Unknown STM32CubeMX version: 6.16.0
2025-12-27 11:18:55,306 [ERROR] AppliInfo:139 - Unknown STM32CubeMX version: 6.16.0
2025-12-27 11:18:55,306 [ERROR] AppliInfo:139 - Unknown STM32CubeMX version: 6.16.0
2025-12-27 11:18:55,306 [ERROR] AppliInfo:139 - Unknown STM32CubeMX version: 6.16.0
2025-12-27 11:18:55,307 [ERROR] AppliInfo:139 - Unknown STM32CubeMX version: 6.16.0
2025-12-27 11:18:55,307 [ERROR] AppliInfo:139 - Unknown STM32CubeMX version: 6.16.0
2025-12-27 11:18:55,307 [ERROR] AppliInfo:139 - Unknown STM32CubeMX version: 6.16.0
2025-12-27 11:18:55,307 [ERROR] AppliInfo:139 - Unknown STM32CubeMX version: 6.16.0
2025-12-27 11:18:55,307 [ERROR] AppliInfo:139 - Unknown STM32CubeMX version: 6.16.0
2025-12-27 11:18:55,314 [ERROR] AppliInfo:139 - Unknown STM32CubeMX version: 6.15.0
2025-12-27 11:18:55,314 [ERROR] AppliInfo:139 - Unknown STM32CubeMX version: 6.15.0
2025-12-27 11:18:55,314 [ERROR] AppliInfo:139 - Unknown STM32CubeMX version: 6.15.0
2025-12-27 11:18:55,314 [ERROR] AppliInfo:139 - Unknown STM32CubeMX version: 6.15.0
2025-12-27 11:18:55,314 [ERROR] AppliInfo:139 - Unknown STM32CubeMX version: 6.15.0
2025-12-27 11:18:55,314 [ERROR] AppliInfo:139 - Unknown STM32CubeMX version: 6.15.0
2025-12-27 11:18:55,314 [ERROR] AppliInfo:139 - Unknown STM32CubeMX version: 6.15.0
2025-12-27 11:18:55,314 [ERROR] AppliInfo:139 - Unknown STM32CubeMX version: 6.15.0
2025-12-27 11:18:55,314 [ERROR] AppliInfo:139 - Unknown STM32CubeMX version: 6.15.0
2025-12-27 11:18:55,315 [ERROR] AppliInfo:139 - Unknown STM32CubeMX version: 6.15.0
2025-12-27 11:18:55,315 [ERROR] AppliInfo:139 - Unknown STM32CubeMX version: 6.15.0
2025-12-27 11:18:55,315 [ERROR] AppliInfo:139 - Unknown STM32CubeMX version: 6.15.0
2025-12-27 11:18:55,315 [ERROR] AppliInfo:139 - Unknown STM32CubeMX version: 6.15.0
2025-12-27 11:18:55,315 [ERROR] AppliInfo:139 - Unknown STM32CubeMX version: 6.15.0
2025-12-27 11:18:55,315 [ERROR] AppliInfo:139 - Unknown STM32CubeMX version: 6.15.0
2025-12-27 11:18:55,315 [ERROR] AppliInfo:139 - Unknown STM32CubeMX version: 6.15.0
2025-12-27 11:18:55,315 [ERROR] AppliInfo:139 - Unknown STM32CubeMX version: 6.15.0
2025-12-27 11:18:55,315 [ERROR] AppliInfo:139 - Unknown STM32CubeMX version: 6.15.0
2025-12-27 11:18:55,315 [ERROR] AppliInfo:139 - Unknown STM32CubeMX version: 6.15.0
2025-12-27 11:18:55,315 [ERROR] AppliInfo:139 - Unknown STM32CubeMX version: 6.15.0
2025-12-27 11:18:55,316 [ERROR] AppliInfo:139 - Unknown STM32CubeMX version: 6.15.0
2025-12-27 11:18:55,316 [ERROR] AppliInfo:139 - Unknown STM32CubeMX version: 6.15.0
2025-12-27 11:18:55,316 [ERROR] AppliInfo:139 - Unknown STM32CubeMX version: 6.15.0
2025-12-27 11:18:55,316 [ERROR] AppliInfo:139 - Unknown STM32CubeMX version: 6.15.0
2025-12-27 11:18:55,316 [ERROR] AppliInfo:139 - Unknown STM32CubeMX version: 6.15.0
2025-12-27 11:18:55,316 [ERROR] AppliInfo:139 - Unknown STM32CubeMX version: 6.15.0
2025-12-27 11:18:55,316 [ERROR] AppliInfo:139 - Unknown STM32CubeMX version: 6.15.0
2025-12-27 11:18:55,316 [ERROR] AppliInfo:139 - Unknown STM32CubeMX version: 6.15.0
2025-12-27 11:18:55,316 [ERROR] AppliInfo:139 - Unknown STM32CubeMX version: 6.15.0
2025-12-27 11:18:55,317 [ERROR] AppliInfo:139 - Unknown STM32CubeMX version: 6.15.0
2025-12-27 11:18:55,317 [ERROR] AppliInfo:139 - Unknown STM32CubeMX version: 6.15.0
2025-12-27 11:18:55,317 [ERROR] AppliInfo:139 - Unknown STM32CubeMX version: 6.15.0
2025-12-27 11:18:55,317 [ERROR] AppliInfo:139 - Unknown STM32CubeMX version: 6.15.0
2025-12-27 11:18:55,317 [ERROR] AppliInfo:139 - Unknown STM32CubeMX version: 6.15.0
2025-12-27 11:18:55,317 [ERROR] AppliInfo:139 - Unknown STM32CubeMX version: 6.15.0
2025-12-27 11:18:55,317 [ERROR] AppliInfo:139 - Unknown STM32CubeMX version: 6.15.0
2025-12-27 11:18:55,317 [ERROR] AppliInfo:139 - Unknown STM32CubeMX version: 6.15.0
2025-12-27 11:18:55,317 [ERROR] AppliInfo:139 - Unknown STM32CubeMX version: 6.15.0
2025-12-27 11:18:55,317 [ERROR] AppliInfo:139 - Unknown STM32CubeMX version: 6.15.0
2025-12-27 11:18:55,318 [ERROR] AppliInfo:139 - Unknown STM32CubeMX version: 6.15.0
2025-12-27 11:18:55,318 [ERROR] AppliInfo:139 - Unknown STM32CubeMX version: 6.15.0
2025-12-27 11:18:55,318 [ERROR] AppliInfo:139 - Unknown STM32CubeMX version: 6.15.0
2025-12-27 11:18:55,318 [ERROR] AppliInfo:139 - Unknown STM32CubeMX version: 6.15.0
2025-12-27 11:18:55,325 [ERROR] AppliInfo:139 - Unknown STM32CubeMX version: 6.14.1
2025-12-27 11:18:55,325 [ERROR] AppliInfo:139 - Unknown STM32CubeMX version: 6.14.1
2025-12-27 11:18:55,325 [ERROR] AppliInfo:139 - Unknown STM32CubeMX version: 6.14.1
2025-12-27 11:18:55,326 [ERROR] AppliInfo:139 - Unknown STM32CubeMX version: 6.14.1
2025-12-27 11:18:55,326 [ERROR] AppliInfo:139 - Unknown STM32CubeMX version: 6.14.1
2025-12-27 11:18:55,326 [ERROR] AppliInfo:139 - Unknown STM32CubeMX version: 6.14.1
2025-12-27 11:18:55,326 [ERROR] AppliInfo:139 - Unknown STM32CubeMX version: 6.14.1
2025-12-27 11:18:55,326 [ERROR] AppliInfo:139 - Unknown STM32CubeMX version: 6.14.1
2025-12-27 11:18:55,326 [ERROR] AppliInfo:139 - Unknown STM32CubeMX version: 6.14.1
2025-12-27 11:18:55,326 [ERROR] AppliInfo:139 - Unknown STM32CubeMX version: 6.14.1
2025-12-27 11:18:55,326 [ERROR] AppliInfo:139 - Unknown STM32CubeMX version: 6.14.1
2025-12-27 11:18:55,326 [ERROR] AppliInfo:139 - Unknown STM32CubeMX version: 6.14.1
2025-12-27 11:18:55,326 [ERROR] AppliInfo:139 - Unknown STM32CubeMX version: 6.14.1
2025-12-27 11:18:55,326 [ERROR] AppliInfo:139 - Unknown STM32CubeMX version: 6.14.1
2025-12-27 11:18:55,327 [ERROR] AppliInfo:139 - Unknown STM32CubeMX version: 6.14.1
2025-12-27 11:18:55,327 [ERROR] AppliInfo:139 - Unknown STM32CubeMX version: 6.14.1
2025-12-27 11:18:55,327 [ERROR] AppliInfo:139 - Unknown STM32CubeMX version: 6.14.1
2025-12-27 11:18:55,327 [ERROR] AppliInfo:139 - Unknown STM32CubeMX version: 6.14.1
2025-12-27 11:18:55,327 [ERROR] AppliInfo:139 - Unknown STM32CubeMX version: 6.14.1
2025-12-27 11:18:55,328 [ERROR] AppliInfo:139 - Unknown STM32CubeMX version: 6.14.1
2025-12-27 11:18:55,328 [ERROR] AppliInfo:139 - Unknown STM32CubeMX version: 6.14.1
2025-12-27 11:18:55,328 [ERROR] AppliInfo:139 - Unknown STM32CubeMX version: 6.14.1
2025-12-27 11:18:55,328 [ERROR] AppliInfo:139 - Unknown STM32CubeMX version: 6.14.1
2025-12-27 11:18:55,328 [ERROR] AppliInfo:139 - Unknown STM32CubeMX version: 6.14.1
2025-12-27 11:18:55,328 [ERROR] AppliInfo:139 - Unknown STM32CubeMX version: 6.14.1
2025-12-27 11:18:55,328 [ERROR] AppliInfo:139 - Unknown STM32CubeMX version: 6.14.1
2025-12-27 11:18:55,328 [ERROR] AppliInfo:139 - Unknown STM32CubeMX version: 6.14.1
2025-12-27 11:18:55,328 [ERROR] AppliInfo:139 - Unknown STM32CubeMX version: 6.14.1
2025-12-27 11:18:55,328 [ERROR] AppliInfo:139 - Unknown STM32CubeMX version: 6.14.1
2025-12-27 11:18:55,329 [ERROR] AppliInfo:139 - Unknown STM32CubeMX version: 6.14.1
2025-12-27 11:18:55,329 [ERROR] AppliInfo:139 - Unknown STM32CubeMX version: 6.14.1
2025-12-27 11:18:55,329 [ERROR] AppliInfo:139 - Unknown STM32CubeMX version: 6.14.1
2025-12-27 11:18:55,329 [ERROR] AppliInfo:139 - Unknown STM32CubeMX version: 6.14.1
2025-12-27 11:18:55,329 [ERROR] AppliInfo:139 - Unknown STM32CubeMX version: 6.14.1
2025-12-27 11:18:55,329 [ERROR] AppliInfo:139 - Unknown STM32CubeMX version: 6.14.1
2025-12-27 11:18:55,329 [ERROR] AppliInfo:139 - Unknown STM32CubeMX version: 6.14.1
2025-12-27 11:18:55,330 [ERROR] AppliInfo:139 - Unknown STM32CubeMX version: 6.14.1
2025-12-27 11:18:55,330 [ERROR] AppliInfo:139 - Unknown STM32CubeMX version: 6.14.1
2025-12-27 11:18:55,330 [ERROR] AppliInfo:139 - Unknown STM32CubeMX version: 6.14.1
2025-12-27 11:18:55,330 [ERROR] AppliInfo:139 - Unknown STM32CubeMX version: 6.14.1
2025-12-27 11:18:55,330 [ERROR] AppliInfo:139 - Unknown STM32CubeMX version: 6.14.1
2025-12-27 11:18:55,330 [ERROR] AppliInfo:139 - Unknown STM32CubeMX version: 6.14.1
2025-12-27 11:18:55,331 [ERROR] AppliInfo:139 - Unknown STM32CubeMX version: 6.14.1
2025-12-27 11:18:55,331 [ERROR] AppliInfo:139 - Unknown STM32CubeMX version: 6.14.1
2025-12-27 11:18:55,331 [ERROR] AppliInfo:139 - Unknown STM32CubeMX version: 6.14.1
2025-12-27 11:18:55,331 [ERROR] AppliInfo:139 - Unknown STM32CubeMX version: 6.14.1
2025-12-27 11:18:55,331 [ERROR] AppliInfo:139 - Unknown STM32CubeMX version: 6.14.1
2025-12-27 11:18:55,331 [ERROR] AppliInfo:139 - Unknown STM32CubeMX version: 6.14.1
2025-12-27 11:18:55,331 [ERROR] AppliInfo:139 - Unknown STM32CubeMX version: 6.14.1
2025-12-27 11:18:55,331 [ERROR] AppliInfo:139 - Unknown STM32CubeMX version: 6.14.1
2025-12-27 11:18:55,331 [ERROR] AppliInfo:139 - Unknown STM32CubeMX version: 6.14.1
2025-12-27 11:18:55,331 [ERROR] AppliInfo:139 - Unknown STM32CubeMX version: 6.14.1
2025-12-27 11:18:55,331 [ERROR] AppliInfo:139 - Unknown STM32CubeMX version: 6.14.1
2025-12-27 11:18:55,331 [ERROR] AppliInfo:139 - Unknown STM32CubeMX version: 6.14.1
2025-12-27 11:18:55,332 [ERROR] AppliInfo:139 - Unknown STM32CubeMX version: 6.14.1
2025-12-27 11:18:55,332 [ERROR] AppliInfo:139 - Unknown STM32CubeMX version: 6.14.1
2025-12-27 11:18:55,332 [ERROR] AppliInfo:139 - Unknown STM32CubeMX version: 6.14.1
2025-12-27 11:18:55,332 [ERROR] AppliInfo:139 - Unknown STM32CubeMX version: 6.14.1
2025-12-27 11:18:55,332 [ERROR] AppliInfo:139 - Unknown STM32CubeMX version: 6.14.1
2025-12-27 11:18:55,332 [ERROR] AppliInfo:139 - Unknown STM32CubeMX version: 6.14.1
2025-12-27 11:18:55,332 [ERROR] AppliInfo:139 - Unknown STM32CubeMX version: 6.14.1
2025-12-27 11:18:55,332 [ERROR] AppliInfo:139 - Unknown STM32CubeMX version: 6.14.1
2025-12-27 11:18:55,332 [ERROR] AppliInfo:139 - Unknown STM32CubeMX version: 6.14.1
2025-12-27 11:18:55,332 [ERROR] AppliInfo:139 - Unknown STM32CubeMX version: 6.14.1
2025-12-27 11:18:55,333 [ERROR] AppliInfo:139 - Unknown STM32CubeMX version: 6.14.1
2025-12-27 11:18:55,333 [ERROR] AppliInfo:139 - Unknown STM32CubeMX version: 6.14.1
2025-12-27 11:18:55,333 [ERROR] AppliInfo:139 - Unknown STM32CubeMX version: 6.14.1
2025-12-27 11:18:55,333 [ERROR] AppliInfo:139 - Unknown STM32CubeMX version: 6.14.1
2025-12-27 11:18:55,333 [ERROR] AppliInfo:139 - Unknown STM32CubeMX version: 6.14.1
2025-12-27 11:18:55,333 [ERROR] AppliInfo:139 - Unknown STM32CubeMX version: 6.14.1
2025-12-27 11:18:55,333 [ERROR] AppliInfo:139 - Unknown STM32CubeMX version: 6.14.1
2025-12-27 11:18:55,333 [ERROR] AppliInfo:139 - Unknown STM32CubeMX version: 6.14.1
2025-12-27 11:18:55,333 [ERROR] AppliInfo:139 - Unknown STM32CubeMX version: 6.14.1
2025-12-27 11:18:55,333 [ERROR] AppliInfo:139 - Unknown STM32CubeMX version: 6.14.1
2025-12-27 11:18:55,334 [ERROR] AppliInfo:139 - Unknown STM32CubeMX version: 6.14.1
2025-12-27 11:18:55,334 [ERROR] AppliInfo:139 - Unknown STM32CubeMX version: 6.14.1
2025-12-27 11:18:55,334 [ERROR] AppliInfo:139 - Unknown STM32CubeMX version: 6.14.1
2025-12-27 11:18:55,334 [ERROR] AppliInfo:139 - Unknown STM32CubeMX version: 6.14.1
2025-12-27 11:18:55,334 [ERROR] AppliInfo:139 - Unknown STM32CubeMX version: 6.14.1
2025-12-27 11:18:55,334 [ERROR] AppliInfo:139 - Unknown STM32CubeMX version: 6.14.1
2025-12-27 11:18:55,334 [ERROR] AppliInfo:139 - Unknown STM32CubeMX version: 6.14.1
2025-12-27 11:18:55,334 [ERROR] AppliInfo:139 - Unknown STM32CubeMX version: 6.14.1
2025-12-27 11:18:55,334 [ERROR] AppliInfo:139 - Unknown STM32CubeMX version: 6.14.1
2025-12-27 11:18:55,334 [ERROR] AppliInfo:139 - Unknown STM32CubeMX version: 6.14.1
2025-12-27 11:18:55,334 [ERROR] AppliInfo:139 - Unknown STM32CubeMX version: 6.14.1
2025-12-27 11:18:55,335 [ERROR] AppliInfo:139 - Unknown STM32CubeMX version: 6.14.1
2025-12-27 11:18:55,335 [ERROR] AppliInfo:139 - Unknown STM32CubeMX version: 6.14.1
2025-12-27 11:18:55,335 [ERROR] AppliInfo:139 - Unknown STM32CubeMX version: 6.14.1
2025-12-27 11:18:55,335 [ERROR] AppliInfo:139 - Unknown STM32CubeMX version: 6.14.1
2025-12-27 11:18:55,335 [ERROR] AppliInfo:139 - Unknown STM32CubeMX version: 6.14.1
2025-12-27 11:18:55,335 [ERROR] AppliInfo:139 - Unknown STM32CubeMX version: 6.14.1
2025-12-27 11:18:55,335 [ERROR] AppliInfo:139 - Unknown STM32CubeMX version: 6.14.1
2025-12-27 11:18:55,335 [ERROR] AppliInfo:139 - Unknown STM32CubeMX version: 6.14.1
2025-12-27 11:18:55,335 [ERROR] AppliInfo:139 - Unknown STM32CubeMX version: 6.14.1
2025-12-27 11:18:55,335 [ERROR] AppliInfo:139 - Unknown STM32CubeMX version: 6.14.1
2025-12-27 11:18:55,335 [ERROR] AppliInfo:139 - Unknown STM32CubeMX version: 6.14.1
2025-12-27 11:18:55,336 [ERROR] AppliInfo:139 - Unknown STM32CubeMX version: 6.14.1
2025-12-27 11:18:55,336 [ERROR] AppliInfo:139 - Unknown STM32CubeMX version: 6.14.1
2025-12-27 11:18:55,336 [ERROR] AppliInfo:139 - Unknown STM32CubeMX version: 6.14.1
2025-12-27 11:18:55,336 [ERROR] AppliInfo:139 - Unknown STM32CubeMX version: 6.14.1
2025-12-27 11:18:55,336 [ERROR] AppliInfo:139 - Unknown STM32CubeMX version: 6.14.1
2025-12-27 11:18:55,336 [ERROR] AppliInfo:139 - Unknown STM32CubeMX version: 6.14.1
2025-12-27 11:18:55,336 [ERROR] AppliInfo:139 - Unknown STM32CubeMX version: 6.14.1
2025-12-27 11:18:55,336 [ERROR] AppliInfo:139 - Unknown STM32CubeMX version: 6.14.1
2025-12-27 11:18:55,336 [ERROR] AppliInfo:139 - Unknown STM32CubeMX version: 6.14.1
2025-12-27 11:18:55,336 [ERROR] AppliInfo:139 - Unknown STM32CubeMX version: 6.14.1
2025-12-27 11:18:55,336 [ERROR] AppliInfo:139 - Unknown STM32CubeMX version: 6.14.1
2025-12-27 11:18:55,337 [ERROR] AppliInfo:139 - Unknown STM32CubeMX version: 6.14.1
2025-12-27 11:18:55,337 [ERROR] AppliInfo:139 - Unknown STM32CubeMX version: 6.14.1
2025-12-27 11:18:55,337 [ERROR] AppliInfo:139 - Unknown STM32CubeMX version: 6.14.1
2025-12-27 11:18:55,337 [ERROR] AppliInfo:139 - Unknown STM32CubeMX version: 6.14.1
2025-12-27 11:18:55,337 [ERROR] AppliInfo:139 - Unknown STM32CubeMX version: 6.14.1
2025-12-27 11:18:55,337 [ERROR] AppliInfo:139 - Unknown STM32CubeMX version: 6.14.1
2025-12-27 11:18:55,337 [ERROR] AppliInfo:139 - Unknown STM32CubeMX version: 6.14.1
2025-12-27 11:18:55,337 [ERROR] AppliInfo:139 - Unknown STM32CubeMX version: 6.14.1
2025-12-27 11:18:55,337 [ERROR] AppliInfo:139 - Unknown STM32CubeMX version: 6.14.1
2025-12-27 11:18:55,337 [ERROR] AppliInfo:139 - Unknown STM32CubeMX version: 6.14.1
2025-12-27 11:18:55,337 [ERROR] AppliInfo:139 - Unknown STM32CubeMX version: 6.14.1
2025-12-27 11:18:55,337 [ERROR] AppliInfo:139 - Unknown STM32CubeMX version: 6.14.1
2025-12-27 11:18:55,338 [ERROR] AppliInfo:139 - Unknown STM32CubeMX version: 6.14.1
2025-12-27 11:18:55,338 [ERROR] AppliInfo:139 - Unknown STM32CubeMX version: 6.14.1
2025-12-27 11:18:55,338 [ERROR] AppliInfo:139 - Unknown STM32CubeMX version: 6.14.1
2025-12-27 11:18:55,338 [ERROR] AppliInfo:139 - Unknown STM32CubeMX version: 6.14.1
2025-12-27 11:18:55,338 [ERROR] AppliInfo:139 - Unknown STM32CubeMX version: 6.14.1
2025-12-27 11:18:55,338 [ERROR] AppliInfo:139 - Unknown STM32CubeMX version: 6.14.1
2025-12-27 11:18:55,338 [ERROR] AppliInfo:139 - Unknown STM32CubeMX version: 6.14.1
2025-12-27 11:18:55,338 [ERROR] AppliInfo:139 - Unknown STM32CubeMX version: 6.14.1
2025-12-27 11:18:55,338 [ERROR] AppliInfo:139 - Unknown STM32CubeMX version: 6.14.1
2025-12-27 11:18:55,338 [ERROR] AppliInfo:139 - Unknown STM32CubeMX version: 6.14.1
2025-12-27 11:18:55,339 [ERROR] AppliInfo:139 - Unknown STM32CubeMX version: 6.14.1
2025-12-27 11:18:55,339 [ERROR] AppliInfo:139 - Unknown STM32CubeMX version: 6.14.1
2025-12-27 11:18:55,339 [ERROR] AppliInfo:139 - Unknown STM32CubeMX version: 6.14.1
2025-12-27 11:18:55,339 [ERROR] AppliInfo:139 - Unknown STM32CubeMX version: 6.14.1
2025-12-27 11:18:55,339 [ERROR] AppliInfo:139 - Unknown STM32CubeMX version: 6.14.1
2025-12-27 11:18:55,339 [ERROR] AppliInfo:139 - Unknown STM32CubeMX version: 6.14.1
2025-12-27 11:18:55,339 [ERROR] AppliInfo:139 - Unknown STM32CubeMX version: 6.14.1
2025-12-27 11:18:55,339 [ERROR] AppliInfo:139 - Unknown STM32CubeMX version: 6.14.1
2025-12-27 11:18:55,339 [ERROR] AppliInfo:139 - Unknown STM32CubeMX version: 6.14.1
2025-12-27 11:18:55,339 [ERROR] AppliInfo:139 - Unknown STM32CubeMX version: 6.14.1
2025-12-27 11:18:55,339 [ERROR] AppliInfo:139 - Unknown STM32CubeMX version: 6.14.1
2025-12-27 11:18:55,340 [ERROR] AppliInfo:139 - Unknown STM32CubeMX version: 6.14.1
2025-12-27 11:18:55,340 [ERROR] AppliInfo:139 - Unknown STM32CubeMX version: 6.14.1
2025-12-27 11:18:55,340 [ERROR] AppliInfo:139 - Unknown STM32CubeMX version: 6.14.1
2025-12-27 11:18:55,340 [ERROR] AppliInfo:139 - Unknown STM32CubeMX version: 6.14.1
2025-12-27 11:18:55,340 [ERROR] AppliInfo:139 - Unknown STM32CubeMX version: 6.14.1
2025-12-27 11:18:55,340 [ERROR] AppliInfo:139 - Unknown STM32CubeMX version: 6.14.1
2025-12-27 11:18:55,340 [ERROR] AppliInfo:139 - Unknown STM32CubeMX version: 6.14.1
2025-12-27 11:18:55,340 [ERROR] AppliInfo:139 - Unknown STM32CubeMX version: 6.14.1
2025-12-27 11:18:55,340 [ERROR] AppliInfo:139 - Unknown STM32CubeMX version: 6.14.1
2025-12-27 11:18:55,340 [ERROR] AppliInfo:139 - Unknown STM32CubeMX version: 6.14.1
2025-12-27 11:18:55,340 [ERROR] AppliInfo:139 - Unknown STM32CubeMX version: 6.14.1
2025-12-27 11:18:55,340 [ERROR] AppliInfo:139 - Unknown STM32CubeMX version: 6.14.1
2025-12-27 11:18:55,341 [ERROR] AppliInfo:139 - Unknown STM32CubeMX version: 6.14.1
2025-12-27 11:18:55,341 [ERROR] AppliInfo:139 - Unknown STM32CubeMX version: 6.14.1
2025-12-27 11:18:55,341 [ERROR] AppliInfo:139 - Unknown STM32CubeMX version: 6.14.1
2025-12-27 11:18:55,341 [ERROR] AppliInfo:139 - Unknown STM32CubeMX version: 6.14.1
2025-12-27 11:18:55,341 [ERROR] AppliInfo:139 - Unknown STM32CubeMX version: 6.14.1
2025-12-27 11:18:55,341 [ERROR] AppliInfo:139 - Unknown STM32CubeMX version: 6.14.1
2025-12-27 11:18:55,341 [ERROR] AppliInfo:139 - Unknown STM32CubeMX version: 6.14.1
2025-12-27 11:18:55,341 [ERROR] AppliInfo:139 - Unknown STM32CubeMX version: 6.14.1
2025-12-27 11:18:55,341 [ERROR] AppliInfo:139 - Unknown STM32CubeMX version: 6.14.1
2025-12-27 11:18:55,341 [ERROR] AppliInfo:139 - Unknown STM32CubeMX version: 6.14.1
2025-12-27 11:18:55,342 [ERROR] AppliInfo:139 - Unknown STM32CubeMX version: 6.14.1
2025-12-27 11:18:55,342 [ERROR] AppliInfo:139 - Unknown STM32CubeMX version: 6.14.1
2025-12-27 11:18:55,342 [ERROR] AppliInfo:139 - Unknown STM32CubeMX version: 6.14.1
2025-12-27 11:18:55,342 [ERROR] AppliInfo:139 - Unknown STM32CubeMX version: 6.14.1
2025-12-27 11:18:55,342 [ERROR] AppliInfo:139 - Unknown STM32CubeMX version: 6.14.1
2025-12-27 11:18:55,342 [ERROR] AppliInfo:139 - Unknown STM32CubeMX version: 6.14.1
2025-12-27 11:18:55,342 [ERROR] AppliInfo:139 - Unknown STM32CubeMX version: 6.14.1
2025-12-27 11:18:55,342 [ERROR] AppliInfo:139 - Unknown STM32CubeMX version: 6.14.1
2025-12-27 11:18:55,342 [ERROR] AppliInfo:139 - Unknown STM32CubeMX version: 6.14.1
2025-12-27 11:18:55,342 [ERROR] AppliInfo:139 - Unknown STM32CubeMX version: 6.14.1
2025-12-27 11:18:55,343 [ERROR] AppliInfo:139 - Unknown STM32CubeMX version: 6.14.1
2025-12-27 11:18:55,343 [ERROR] AppliInfo:139 - Unknown STM32CubeMX version: 6.14.1
2025-12-27 11:18:55,343 [ERROR] AppliInfo:139 - Unknown STM32CubeMX version: 6.14.1
2025-12-27 11:18:55,343 [ERROR] AppliInfo:139 - Unknown STM32CubeMX version: 6.14.1
2025-12-27 11:18:55,343 [ERROR] AppliInfo:139 - Unknown STM32CubeMX version: 6.14.1
2025-12-27 11:18:55,343 [ERROR] AppliInfo:139 - Unknown STM32CubeMX version: 6.14.1
2025-12-27 11:18:55,343 [ERROR] AppliInfo:139 - Unknown STM32CubeMX version: 6.14.1
2025-12-27 11:18:55,343 [ERROR] AppliInfo:139 - Unknown STM32CubeMX version: 6.14.1
2025-12-27 11:18:55,344 [ERROR] AppliInfo:139 - Unknown STM32CubeMX version: 6.14.1
2025-12-27 11:18:55,344 [ERROR] AppliInfo:139 - Unknown STM32CubeMX version: 6.14.1
2025-12-27 11:18:55,344 [ERROR] AppliInfo:139 - Unknown STM32CubeMX version: 6.14.1
2025-12-27 11:18:55,344 [ERROR] AppliInfo:139 - Unknown STM32CubeMX version: 6.14.1
2025-12-27 11:18:55,344 [ERROR] AppliInfo:139 - Unknown STM32CubeMX version: 6.14.1
2025-12-27 11:18:55,344 [ERROR] AppliInfo:139 - Unknown STM32CubeMX version: 6.14.1
2025-12-27 11:18:55,344 [ERROR] AppliInfo:139 - Unknown STM32CubeMX version: 6.14.1
2025-12-27 11:18:55,344 [ERROR] AppliInfo:139 - Unknown STM32CubeMX version: 6.14.1
2025-12-27 11:18:55,344 [ERROR] AppliInfo:139 - Unknown STM32CubeMX version: 6.14.1
2025-12-27 11:18:55,344 [ERROR] AppliInfo:139 - Unknown STM32CubeMX version: 6.14.1
2025-12-27 11:18:55,344 [ERROR] AppliInfo:139 - Unknown STM32CubeMX version: 6.14.1
2025-12-27 11:18:55,345 [ERROR] AppliInfo:139 - Unknown STM32CubeMX version: 6.14.1
2025-12-27 11:18:55,345 [ERROR] AppliInfo:139 - Unknown STM32CubeMX version: 6.14.1
2025-12-27 11:18:55,345 [ERROR] AppliInfo:139 - Unknown STM32CubeMX version: 6.14.1
2025-12-27 11:18:55,345 [ERROR] AppliInfo:139 - Unknown STM32CubeMX version: 6.14.1
2025-12-27 11:18:55,345 [ERROR] AppliInfo:139 - Unknown STM32CubeMX version: 6.14.1
2025-12-27 11:18:55,345 [ERROR] AppliInfo:139 - Unknown STM32CubeMX version: 6.14.1
2025-12-27 11:18:55,345 [ERROR] AppliInfo:139 - Unknown STM32CubeMX version: 6.14.1
2025-12-27 11:18:55,345 [ERROR] AppliInfo:139 - Unknown STM32CubeMX version: 6.14.1
2025-12-27 11:18:55,345 [ERROR] AppliInfo:139 - Unknown STM32CubeMX version: 6.14.1
2025-12-27 11:18:55,345 [ERROR] AppliInfo:139 - Unknown STM32CubeMX version: 6.14.1
2025-12-27 11:18:55,346 [ERROR] AppliInfo:139 - Unknown STM32CubeMX version: 6.14.1
2025-12-27 11:18:55,346 [ERROR] AppliInfo:139 - Unknown STM32CubeMX version: 6.14.1
2025-12-27 11:18:55,346 [ERROR] AppliInfo:139 - Unknown STM32CubeMX version: 6.14.1
2025-12-27 11:18:55,346 [ERROR] AppliInfo:139 - Unknown STM32CubeMX version: 6.14.1
2025-12-27 11:18:55,346 [ERROR] AppliInfo:139 - Unknown STM32CubeMX version: 6.14.1
2025-12-27 11:18:55,346 [ERROR] AppliInfo:139 - Unknown STM32CubeMX version: 6.14.1
2025-12-27 11:18:55,346 [ERROR] AppliInfo:139 - Unknown STM32CubeMX version: 6.14.1
2025-12-27 11:18:55,346 [ERROR] AppliInfo:139 - Unknown STM32CubeMX version: 6.14.1
2025-12-27 11:18:55,346 [ERROR] AppliInfo:139 - Unknown STM32CubeMX version: 6.14.1
2025-12-27 11:18:55,346 [ERROR] AppliInfo:139 - Unknown STM32CubeMX version: 6.14.1
2025-12-27 11:18:55,346 [ERROR] AppliInfo:139 - Unknown STM32CubeMX version: 6.14.1
2025-12-27 11:18:55,347 [ERROR] AppliInfo:139 - Unknown STM32CubeMX version: 6.14.1
2025-12-27 11:18:55,347 [ERROR] AppliInfo:139 - Unknown STM32CubeMX version: 6.14.1
2025-12-27 11:18:55,347 [ERROR] AppliInfo:139 - Unknown STM32CubeMX version: 6.14.1
2025-12-27 11:18:55,347 [ERROR] AppliInfo:139 - Unknown STM32CubeMX version: 6.14.1
2025-12-27 11:18:55,347 [ERROR] AppliInfo:139 - Unknown STM32CubeMX version: 6.14.1
2025-12-27 11:18:55,347 [ERROR] AppliInfo:139 - Unknown STM32CubeMX version: 6.14.1
2025-12-27 11:18:55,347 [ERROR] AppliInfo:139 - Unknown STM32CubeMX version: 6.14.1
2025-12-27 11:18:55,347 [ERROR] AppliInfo:139 - Unknown STM32CubeMX version: 6.14.1
2025-12-27 11:18:55,347 [ERROR] AppliInfo:139 - Unknown STM32CubeMX version: 6.14.1
2025-12-27 11:18:55,347 [ERROR] AppliInfo:139 - Unknown STM32CubeMX version: 6.14.1
2025-12-27 11:18:55,347 [ERROR] AppliInfo:139 - Unknown STM32CubeMX version: 6.14.1
2025-12-27 11:18:55,347 [ERROR] AppliInfo:139 - Unknown STM32CubeMX version: 6.14.1
2025-12-27 11:18:55,348 [ERROR] AppliInfo:139 - Unknown STM32CubeMX version: 6.14.1
2025-12-27 11:18:55,348 [ERROR] AppliInfo:139 - Unknown STM32CubeMX version: 6.14.1
2025-12-27 11:18:55,348 [ERROR] AppliInfo:139 - Unknown STM32CubeMX version: 6.14.1
2025-12-27 11:18:55,348 [ERROR] AppliInfo:139 - Unknown STM32CubeMX version: 6.14.1
2025-12-27 11:18:55,348 [ERROR] AppliInfo:139 - Unknown STM32CubeMX version: 6.14.1
2025-12-27 11:18:55,348 [ERROR] AppliInfo:139 - Unknown STM32CubeMX version: 6.14.1
2025-12-27 11:18:55,348 [ERROR] AppliInfo:139 - Unknown STM32CubeMX version: 6.14.1
2025-12-27 11:18:55,348 [ERROR] AppliInfo:139 - Unknown STM32CubeMX version: 6.14.1
2025-12-27 11:18:55,348 [ERROR] AppliInfo:139 - Unknown STM32CubeMX version: 6.14.1
2025-12-27 11:18:55,348 [ERROR] AppliInfo:139 - Unknown STM32CubeMX version: 6.14.1
2025-12-27 11:18:55,349 [ERROR] AppliInfo:139 - Unknown STM32CubeMX version: 6.14.1
2025-12-27 11:18:55,349 [ERROR] AppliInfo:139 - Unknown STM32CubeMX version: 6.14.1
2025-12-27 11:18:55,349 [ERROR] AppliInfo:139 - Unknown STM32CubeMX version: 6.14.1
2025-12-27 11:18:55,349 [ERROR] AppliInfo:139 - Unknown STM32CubeMX version: 6.14.1
2025-12-27 11:18:55,349 [ERROR] AppliInfo:139 - Unknown STM32CubeMX version: 6.14.1
2025-12-27 11:18:55,349 [ERROR] AppliInfo:139 - Unknown STM32CubeMX version: 6.14.1
2025-12-27 11:18:55,349 [ERROR] AppliInfo:139 - Unknown STM32CubeMX version: 6.14.1
2025-12-27 11:18:55,349 [ERROR] AppliInfo:139 - Unknown STM32CubeMX version: 6.14.1
2025-12-27 11:18:55,349 [ERROR] AppliInfo:139 - Unknown STM32CubeMX version: 6.14.1
2025-12-27 11:18:55,349 [ERROR] AppliInfo:139 - Unknown STM32CubeMX version: 6.14.1
2025-12-27 11:18:55,350 [ERROR] AppliInfo:139 - Unknown STM32CubeMX version: 6.14.1
2025-12-27 11:18:55,350 [ERROR] AppliInfo:139 - Unknown STM32CubeMX version: 6.14.1
2025-12-27 11:18:55,350 [ERROR] AppliInfo:139 - Unknown STM32CubeMX version: 6.14.1
2025-12-27 11:18:55,350 [ERROR] AppliInfo:139 - Unknown STM32CubeMX version: 6.14.1
2025-12-27 11:18:55,350 [ERROR] AppliInfo:139 - Unknown STM32CubeMX version: 6.14.1
2025-12-27 11:18:55,350 [ERROR] AppliInfo:139 - Unknown STM32CubeMX version: 6.14.1
2025-12-27 11:18:55,350 [ERROR] AppliInfo:139 - Unknown STM32CubeMX version: 6.14.1
2025-12-27 11:18:55,350 [ERROR] AppliInfo:139 - Unknown STM32CubeMX version: 6.14.1
2025-12-27 11:18:55,350 [ERROR] AppliInfo:139 - Unknown STM32CubeMX version: 6.14.1
2025-12-27 11:18:55,350 [ERROR] AppliInfo:139 - Unknown STM32CubeMX version: 6.14.1
2025-12-27 11:18:55,351 [ERROR] AppliInfo:139 - Unknown STM32CubeMX version: 6.14.1
2025-12-27 11:18:55,351 [ERROR] AppliInfo:139 - Unknown STM32CubeMX version: 6.14.1
2025-12-27 11:18:55,351 [ERROR] AppliInfo:139 - Unknown STM32CubeMX version: 6.14.1
2025-12-27 11:18:55,351 [ERROR] AppliInfo:139 - Unknown STM32CubeMX version: 6.14.1
2025-12-27 11:18:55,351 [ERROR] AppliInfo:139 - Unknown STM32CubeMX version: 6.14.1
2025-12-27 11:18:55,351 [ERROR] AppliInfo:139 - Unknown STM32CubeMX version: 6.14.1
2025-12-27 11:18:55,355 [ERROR] AppliInfo:139 - Unknown STM32CubeMX version: 6.15.0
2025-12-27 11:18:55,356 [ERROR] AppliInfo:139 - Unknown STM32CubeMX version: 6.15.0
2025-12-27 11:18:55,356 [ERROR] AppliInfo:139 - Unknown STM32CubeMX version: 6.15.0
2025-12-27 11:18:55,356 [ERROR] AppliInfo:139 - Unknown STM32CubeMX version: 6.15.0
2025-12-27 11:18:55,356 [ERROR] AppliInfo:139 - Unknown STM32CubeMX version: 6.15.0
2025-12-27 11:18:55,356 [ERROR] AppliInfo:139 - Unknown STM32CubeMX version: 6.15.0
2025-12-27 11:18:55,356 [ERROR] AppliInfo:139 - Unknown STM32CubeMX version: 6.15.0
2025-12-27 11:18:55,356 [ERROR] AppliInfo:139 - Unknown STM32CubeMX version: 6.15.0
2025-12-27 11:18:55,356 [ERROR] AppliInfo:139 - Unknown STM32CubeMX version: 6.15.0
2025-12-27 11:18:55,356 [ERROR] AppliInfo:139 - Unknown STM32CubeMX version: 6.15.0
2025-12-27 11:18:55,356 [ERROR] AppliInfo:139 - Unknown STM32CubeMX version: 6.15.0
2025-12-27 11:18:55,357 [ERROR] AppliInfo:139 - Unknown STM32CubeMX version: 6.15.0
2025-12-27 11:18:55,357 [ERROR] AppliInfo:139 - Unknown STM32CubeMX version: 6.15.0
2025-12-27 11:18:55,357 [ERROR] AppliInfo:139 - Unknown STM32CubeMX version: 6.15.0
2025-12-27 11:18:55,357 [ERROR] AppliInfo:139 - Unknown STM32CubeMX version: 6.15.0
2025-12-27 11:18:55,357 [ERROR] AppliInfo:139 - Unknown STM32CubeMX version: 6.15.0
2025-12-27 11:18:55,357 [ERROR] AppliInfo:139 - Unknown STM32CubeMX version: 6.15.0
2025-12-27 11:18:55,357 [ERROR] AppliInfo:139 - Unknown STM32CubeMX version: 6.15.0
2025-12-27 11:18:55,357 [ERROR] AppliInfo:139 - Unknown STM32CubeMX version: 6.15.0
2025-12-27 11:18:55,357 [ERROR] AppliInfo:139 - Unknown STM32CubeMX version: 6.15.0
2025-12-27 11:19:00,296 [ERROR] AppliInfo:139 - Unknown STM32CubeMX version: 6.14.1
2025-12-27 11:19:00,296 [ERROR] AppliInfo:139 - Unknown STM32CubeMX version: 6.14.1
2025-12-27 11:19:00,296 [ERROR] AppliInfo:139 - Unknown STM32CubeMX version: 6.14.1
2025-12-27 11:19:00,296 [ERROR] AppliInfo:139 - Unknown STM32CubeMX version: 6.14.1
2025-12-27 11:19:00,296 [ERROR] AppliInfo:139 - Unknown STM32CubeMX version: 6.14.1
2025-12-27 11:19:00,296 [ERROR] AppliInfo:139 - Unknown STM32CubeMX version: 6.14.1
2025-12-27 11:19:00,296 [ERROR] AppliInfo:139 - Unknown STM32CubeMX version: 6.14.1
2025-12-27 11:19:00,401 [ERROR] AppliInfo:139 - Unknown STM32CubeMX version: 6.16.0
2025-12-27 11:19:00,401 [ERROR] AppliInfo:139 - Unknown STM32CubeMX version: 6.16.0
2025-12-27 11:19:00,401 [ERROR] AppliInfo:139 - Unknown STM32CubeMX version: 6.16.0
2025-12-27 11:19:00,401 [ERROR] AppliInfo:139 - Unknown STM32CubeMX version: 6.16.0
2025-12-27 11:19:00,401 [ERROR] AppliInfo:139 - Unknown STM32CubeMX version: 6.16.0
2025-12-27 11:19:00,402 [ERROR] AppliInfo:139 - Unknown STM32CubeMX version: 6.15.0
2025-12-27 11:19:00,402 [ERROR] AppliInfo:139 - Unknown STM32CubeMX version: 6.15.0
2025-12-27 11:19:00,402 [ERROR] AppliInfo:139 - Unknown STM32CubeMX version: 6.15.0
2025-12-27 11:19:00,403 [ERROR] AppliInfo:139 - Unknown STM32CubeMX version: 6.15.0
2025-12-27 11:19:00,403 [ERROR] AppliInfo:139 - Unknown STM32CubeMX version: 6.15.0
2025-12-27 11:19:00,409 [ERROR] AppliInfo:139 - Unknown STM32CubeMX version: 6.16.0
2025-12-27 11:19:00,409 [ERROR] AppliInfo:139 - Unknown STM32CubeMX version: 6.16.0
2025-12-27 11:19:00,409 [ERROR] AppliInfo:139 - Unknown STM32CubeMX version: 6.16.0
2025-12-27 11:19:00,410 [ERROR] AppliInfo:139 - Unknown STM32CubeMX version: 6.16.0
2025-12-27 11:19:00,479 [ERROR] AppliInfo:139 - Unknown STM32CubeMX version: 6.16.0
2025-12-27 11:19:00,481 [ERROR] AppliInfo:139 - Unknown STM32CubeMX version: 6.16.0
2025-12-27 11:19:00,512 [ERROR] AppliInfo:139 - Unknown STM32CubeMX version: 6.16.0
2025-12-27 11:19:00,513 [ERROR] AppliInfo:139 - Unknown STM32CubeMX version: 6.16.0
2025-12-27 11:19:00,514 [ERROR] AppliInfo:139 - Unknown STM32CubeMX version: 6.16.0
2025-12-27 11:19:00,514 [ERROR] AppliInfo:139 - Unknown STM32CubeMX version: 6.16.0
2025-12-27 11:19:00,514 [ERROR] AppliInfo:139 - Unknown STM32CubeMX version: 6.16.0
2025-12-27 11:19:00,515 [ERROR] AppliInfo:139 - Unknown STM32CubeMX version: 6.16.0
2025-12-27 11:19:00,515 [ERROR] AppliInfo:139 - Unknown STM32CubeMX version: 6.16.0
2025-12-27 11:19:00,515 [ERROR] AppliInfo:139 - Unknown STM32CubeMX version: 6.16.0
2025-12-27 11:19:00,515 [ERROR] AppliInfo:139 - Unknown STM32CubeMX version: 6.16.0
2025-12-27 11:19:00,515 [ERROR] AppliInfo:139 - Unknown STM32CubeMX version: 6.15.0
2025-12-27 11:19:00,515 [ERROR] AppliInfo:139 - Unknown STM32CubeMX version: 6.15.0
2025-12-27 11:19:00,515 [ERROR] AppliInfo:139 - Unknown STM32CubeMX version: 6.15.0
2025-12-27 11:19:00,516 [ERROR] AppliInfo:139 - Unknown STM32CubeMX version: 6.15.0
2025-12-27 11:19:00,516 [ERROR] AppliInfo:139 - Unknown STM32CubeMX version: 6.15.0
2025-12-27 11:19:00,517 [ERROR] AppliInfo:139 - Unknown STM32CubeMX version: 6.16.0
2025-12-27 11:19:00,517 [ERROR] AppliInfo:139 - Unknown STM32CubeMX version: 6.16.0
2025-12-27 11:19:00,517 [ERROR] AppliInfo:139 - Unknown STM32CubeMX version: 6.15.0
2025-12-27 11:19:00,517 [ERROR] AppliInfo:139 - Unknown STM32CubeMX version: 6.16.0
2025-12-27 11:19:00,517 [ERROR] AppliInfo:139 - Unknown STM32CubeMX version: 6.16.0
2025-12-27 11:19:00,518 [ERROR] AppliInfo:139 - Unknown STM32CubeMX version: 6.16.0
2025-12-27 11:19:00,519 [ERROR] AppliInfo:139 - Unknown STM32CubeMX version: 6.16.0
2025-12-27 11:19:00,519 [ERROR] AppliInfo:139 - Unknown STM32CubeMX version: 6.16.0
2025-12-27 11:19:00,519 [ERROR] AppliInfo:139 - Unknown STM32CubeMX version: 6.16.0
2025-12-27 11:19:00,519 [ERROR] AppliInfo:139 - Unknown STM32CubeMX version: 6.16.0
2025-12-27 11:19:00,540 [ERROR] AppliInfo:139 - Unknown STM32CubeMX version: 6.15.0
2025-12-27 11:19:00,540 [ERROR] AppliInfo:139 - Unknown STM32CubeMX version: 6.15.0
2025-12-27 11:19:00,548 [ERROR] AppliInfo:139 - Unknown STM32CubeMX version: 6.15.0
2025-12-27 11:19:00,554 [ERROR] AppliInfo:139 - Unknown STM32CubeMX version: 6.16.0
2025-12-27 11:19:00,555 [ERROR] AppliInfo:139 - Unknown STM32CubeMX version: 6.16.0
2025-12-27 11:19:00,565 [ERROR] AppliInfo:139 - Unknown STM32CubeMX version: 6.16.0
2025-12-27 11:19:00,565 [ERROR] AppliInfo:139 - Unknown STM32CubeMX version: 6.16.0
2025-12-27 11:19:00,565 [ERROR] AppliInfo:139 - Unknown STM32CubeMX version: 6.16.0
2025-12-27 11:19:00,565 [ERROR] AppliInfo:139 - Unknown STM32CubeMX version: 6.16.0
2025-12-27 11:19:00,566 [ERROR] AppliInfo:139 - Unknown STM32CubeMX version: 6.16.0
2025-12-27 11:19:00,566 [ERROR] AppliInfo:139 - Unknown STM32CubeMX version: 6.16.0
2025-12-27 11:19:00,566 [ERROR] AppliInfo:139 - Unknown STM32CubeMX version: 6.16.0
2025-12-27 11:19:00,566 [ERROR] AppliInfo:139 - Unknown STM32CubeMX version: 6.16.0
2025-12-27 11:19:00,566 [ERROR] AppliInfo:139 - Unknown STM32CubeMX version: 6.16.0
2025-12-27 11:19:00,566 [ERROR] AppliInfo:139 - Unknown STM32CubeMX version: 6.16.0
2025-12-27 11:19:00,566 [ERROR] AppliInfo:139 - Unknown STM32CubeMX version: 6.16.0
2025-12-27 11:19:00,566 [ERROR] AppliInfo:139 - Unknown STM32CubeMX version: 6.16.0
2025-12-27 11:19:00,566 [ERROR] AppliInfo:139 - Unknown STM32CubeMX version: 6.16.0
2025-12-27 11:19:00,568 [ERROR] AppliInfo:139 - Unknown STM32CubeMX version: 6.16.0
2025-12-27 11:19:00,568 [ERROR] AppliInfo:139 - Unknown STM32CubeMX version: 6.16.0
2025-12-27 11:19:00,568 [ERROR] AppliInfo:139 - Unknown STM32CubeMX version: 6.16.0
2025-12-27 11:19:00,568 [ERROR] AppliInfo:139 - Unknown STM32CubeMX version: 6.16.0
2025-12-27 11:19:00,568 [ERROR] AppliInfo:139 - Unknown STM32CubeMX version: 6.16.0
2025-12-27 11:19:00,568 [ERROR] AppliInfo:139 - Unknown STM32CubeMX version: 6.16.0
2025-12-27 11:19:00,568 [ERROR] AppliInfo:139 - Unknown STM32CubeMX version: 6.16.0
2025-12-27 11:19:00,568 [ERROR] AppliInfo:139 - Unknown STM32CubeMX version: 6.16.0
2025-12-27 11:19:00,568 [ERROR] AppliInfo:139 - Unknown STM32CubeMX version: 6.16.0
2025-12-27 11:19:00,568 [ERROR] AppliInfo:139 - Unknown STM32CubeMX version: 6.16.0
2025-12-27 11:19:00,569 [ERROR] AppliInfo:139 - Unknown STM32CubeMX version: 6.16.0
2025-12-27 11:19:00,569 [ERROR] AppliInfo:139 - Unknown STM32CubeMX version: 6.16.0
2025-12-27 11:19:00,569 [ERROR] AppliInfo:139 - Unknown STM32CubeMX version: 6.16.0
2025-12-27 11:19:00,569 [ERROR] AppliInfo:139 - Unknown STM32CubeMX version: 6.16.0
2025-12-27 11:19:00,569 [ERROR] AppliInfo:139 - Unknown STM32CubeMX version: 6.16.0
2025-12-27 11:19:00,570 [ERROR] AppliInfo:139 - Unknown STM32CubeMX version: 6.16.0
2025-12-27 11:19:00,570 [ERROR] AppliInfo:139 - Unknown STM32CubeMX version: 6.16.0
2025-12-27 11:19:00,570 [ERROR] AppliInfo:139 - Unknown STM32CubeMX version: 6.16.0
2025-12-27 11:19:00,570 [ERROR] AppliInfo:139 - Unknown STM32CubeMX version: 6.16.0
2025-12-27 11:19:00,571 [ERROR] AppliInfo:139 - Unknown STM32CubeMX version: 6.16.0
2025-12-27 11:19:00,571 [ERROR] AppliInfo:139 - Unknown STM32CubeMX version: 6.16.0
2025-12-27 11:19:00,571 [ERROR] AppliInfo:139 - Unknown STM32CubeMX version: 6.16.0
2025-12-27 11:19:00,571 [ERROR] AppliInfo:139 - Unknown STM32CubeMX version: 6.16.0
2025-12-27 11:19:00,571 [ERROR] AppliInfo:139 - Unknown STM32CubeMX version: 6.16.0
2025-12-27 11:19:00,571 [ERROR] AppliInfo:139 - Unknown STM32CubeMX version: 6.16.0
2025-12-27 11:19:00,571 [ERROR] AppliInfo:139 - Unknown STM32CubeMX version: 6.16.0
2025-12-27 11:19:00,571 [ERROR] AppliInfo:139 - Unknown STM32CubeMX version: 6.16.0
2025-12-27 11:19:00,571 [ERROR] AppliInfo:139 - Unknown STM32CubeMX version: 6.16.0
2025-12-27 11:19:00,571 [ERROR] AppliInfo:139 - Unknown STM32CubeMX version: 6.16.0
2025-12-27 11:19:00,571 [ERROR] AppliInfo:139 - Unknown STM32CubeMX version: 6.16.0
2025-12-27 11:19:00,574 [ERROR] AppliInfo:139 - Unknown STM32CubeMX version: 6.16.0
2025-12-27 11:19:00,574 [ERROR] AppliInfo:139 - Unknown STM32CubeMX version: 6.16.0
2025-12-27 11:19:00,574 [ERROR] AppliInfo:139 - Unknown STM32CubeMX version: 6.16.0
2025-12-27 11:19:00,574 [ERROR] AppliInfo:139 - Unknown STM32CubeMX version: 6.16.0
2025-12-27 11:19:00,575 [ERROR] AppliInfo:139 - Unknown STM32CubeMX version: 6.16.0
2025-12-27 11:19:00,575 [ERROR] AppliInfo:139 - Unknown STM32CubeMX version: 6.16.0
2025-12-27 11:19:00,575 [ERROR] AppliInfo:139 - Unknown STM32CubeMX version: 6.16.0
2025-12-27 11:19:00,576 [ERROR] AppliInfo:139 - Unknown STM32CubeMX version: 6.16.0
2025-12-27 11:19:00,576 [ERROR] AppliInfo:139 - Unknown STM32CubeMX version: 6.16.0
2025-12-27 11:19:00,576 [ERROR] AppliInfo:139 - Unknown STM32CubeMX version: 6.16.0
2025-12-27 11:19:00,577 [ERROR] AppliInfo:139 - Unknown STM32CubeMX version: 6.16.0
2025-12-27 11:19:00,577 [ERROR] AppliInfo:139 - Unknown STM32CubeMX version: 6.16.0
2025-12-27 11:19:00,577 [ERROR] AppliInfo:139 - Unknown STM32CubeMX version: 6.16.0
2025-12-27 11:19:00,577 [ERROR] AppliInfo:139 - Unknown STM32CubeMX version: 6.16.0
2025-12-27 11:19:00,577 [ERROR] AppliInfo:139 - Unknown STM32CubeMX version: 6.16.0
2025-12-27 11:19:00,577 [ERROR] AppliInfo:139 - Unknown STM32CubeMX version: 6.16.0
2025-12-27 11:19:00,578 [ERROR] AppliInfo:139 - Unknown STM32CubeMX version: 6.16.0
2025-12-27 11:19:00,578 [ERROR] AppliInfo:139 - Unknown STM32CubeMX version: 6.16.0
2025-12-27 11:19:00,578 [ERROR] AppliInfo:139 - Unknown STM32CubeMX version: 6.16.0
2025-12-27 11:19:00,578 [ERROR] AppliInfo:139 - Unknown STM32CubeMX version: 6.16.0
2025-12-27 11:19:00,578 [ERROR] AppliInfo:139 - Unknown STM32CubeMX version: 6.16.0
2025-12-27 11:19:00,578 [ERROR] AppliInfo:139 - Unknown STM32CubeMX version: 6.16.0
2025-12-27 11:19:00,578 [ERROR] AppliInfo:139 - Unknown STM32CubeMX version: 6.16.0
2025-12-27 11:19:00,579 [ERROR] AppliInfo:139 - Unknown STM32CubeMX version: 6.16.0
2025-12-27 11:19:00,579 [ERROR] AppliInfo:139 - Unknown STM32CubeMX version: 6.16.0
2025-12-27 11:19:00,579 [ERROR] AppliInfo:139 - Unknown STM32CubeMX version: 6.16.0
2025-12-27 11:19:00,579 [ERROR] AppliInfo:139 - Unknown STM32CubeMX version: 6.16.0
2025-12-27 11:19:00,579 [ERROR] AppliInfo:139 - Unknown STM32CubeMX version: 6.16.0
2025-12-27 11:19:00,579 [ERROR] AppliInfo:139 - Unknown STM32CubeMX version: 6.16.0
2025-12-27 11:19:00,580 [ERROR] AppliInfo:139 - Unknown STM32CubeMX version: 6.15.0
2025-12-27 11:19:00,580 [ERROR] AppliInfo:139 - Unknown STM32CubeMX version: 6.16.0
2025-12-27 11:19:00,580 [ERROR] AppliInfo:139 - Unknown STM32CubeMX version: 6.16.0
2025-12-27 11:19:00,580 [ERROR] AppliInfo:139 - Unknown STM32CubeMX version: 6.16.0
2025-12-27 11:19:00,580 [ERROR] AppliInfo:139 - Unknown STM32CubeMX version: 6.16.0
2025-12-27 11:19:00,580 [ERROR] AppliInfo:139 - Unknown STM32CubeMX version: 6.15.0
2025-12-27 11:19:00,580 [ERROR] AppliInfo:139 - Unknown STM32CubeMX version: 6.16.0
2025-12-27 11:19:00,580 [ERROR] AppliInfo:139 - Unknown STM32CubeMX version: 6.16.0
2025-12-27 11:19:00,581 [ERROR] AppliInfo:139 - Unknown STM32CubeMX version: 6.15.0
2025-12-27 11:19:00,581 [ERROR] AppliInfo:139 - Unknown STM32CubeMX version: 6.16.0
2025-12-27 11:19:00,581 [ERROR] AppliInfo:139 - Unknown STM32CubeMX version: 6.16.0
2025-12-27 11:19:00,581 [ERROR] AppliInfo:139 - Unknown STM32CubeMX version: 6.15.0
2025-12-27 11:19:00,581 [ERROR] AppliInfo:139 - Unknown STM32CubeMX version: 6.16.0
2025-12-27 11:19:00,581 [ERROR] AppliInfo:139 - Unknown STM32CubeMX version: 6.16.0
2025-12-27 11:19:00,581 [ERROR] AppliInfo:139 - Unknown STM32CubeMX version: 6.16.0
2025-12-27 11:19:00,584 [ERROR] AppliInfo:139 - Unknown STM32CubeMX version: 6.16.0
2025-12-27 11:19:00,584 [ERROR] AppliInfo:139 - Unknown STM32CubeMX version: 6.16.0
2025-12-27 11:19:00,588 [ERROR] AppliInfo:139 - Unknown STM32CubeMX version: 6.16.0
2025-12-27 11:19:00,588 [ERROR] AppliInfo:139 - Unknown STM32CubeMX version: 6.16.0
2025-12-27 11:19:00,588 [ERROR] AppliInfo:139 - Unknown STM32CubeMX version: 6.16.0
2025-12-27 11:19:00,588 [ERROR] AppliInfo:139 - Unknown STM32CubeMX version: 6.16.0
2025-12-27 11:19:00,588 [ERROR] AppliInfo:139 - Unknown STM32CubeMX version: 6.16.0
2025-12-27 11:19:00,588 [ERROR] AppliInfo:139 - Unknown STM32CubeMX version: 6.16.0
2025-12-27 11:19:00,589 [ERROR] AppliInfo:139 - Unknown STM32CubeMX version: 6.16.0
2025-12-27 11:19:00,589 [ERROR] AppliInfo:139 - Unknown STM32CubeMX version: 6.15.0
2025-12-27 11:19:00,589 [ERROR] AppliInfo:139 - Unknown STM32CubeMX version: 6.15.0
2025-12-27 11:19:00,589 [ERROR] AppliInfo:139 - Unknown STM32CubeMX version: 6.15.0
2025-12-27 11:19:00,589 [ERROR] AppliInfo:139 - Unknown STM32CubeMX version: 6.15.0
2025-12-27 11:19:00,589 [ERROR] AppliInfo:139 - Unknown STM32CubeMX version: 6.16.0
2025-12-27 11:19:00,590 [ERROR] AppliInfo:139 - Unknown STM32CubeMX version: 6.16.0
2025-12-27 11:19:00,590 [ERROR] AppliInfo:139 - Unknown STM32CubeMX version: 6.16.0
2025-12-27 11:19:00,590 [ERROR] AppliInfo:139 - Unknown STM32CubeMX version: 6.16.0
2025-12-27 11:19:00,590 [ERROR] AppliInfo:139 - Unknown STM32CubeMX version: 6.16.0
2025-12-27 11:19:00,590 [ERROR] AppliInfo:139 - Unknown STM32CubeMX version: 6.16.0
2025-12-27 11:19:00,590 [ERROR] AppliInfo:139 - Unknown STM32CubeMX version: 6.16.0
2025-12-27 11:19:00,590 [ERROR] AppliInfo:139 - Unknown STM32CubeMX version: 6.16.0
2025-12-27 11:19:00,590 [ERROR] AppliInfo:139 - Unknown STM32CubeMX version: 6.16.0
2025-12-27 11:19:00,591 [ERROR] AppliInfo:139 - Unknown STM32CubeMX version: 6.15.0
2025-12-27 11:19:00,591 [ERROR] AppliInfo:139 - Unknown STM32CubeMX version: 6.15.0
2025-12-27 11:19:00,591 [ERROR] AppliInfo:139 - Unknown STM32CubeMX version: 6.15.0
2025-12-27 11:19:00,591 [ERROR] AppliInfo:139 - Unknown STM32CubeMX version: 6.16.0
2025-12-27 11:19:00,591 [ERROR] AppliInfo:139 - Unknown STM32CubeMX version: 6.16.0
2025-12-27 11:19:00,591 [ERROR] AppliInfo:139 - Unknown STM32CubeMX version: 6.16.0
2025-12-27 11:19:00,591 [ERROR] AppliInfo:139 - Unknown STM32CubeMX version: 6.16.0
2025-12-27 11:19:00,592 [ERROR] AppliInfo:139 - Unknown STM32CubeMX version: 6.16.0
2025-12-27 11:19:00,592 [ERROR] AppliInfo:139 - Unknown STM32CubeMX version: 6.16.0
2025-12-27 11:19:00,592 [ERROR] AppliInfo:139 - Unknown STM32CubeMX version: 6.16.0
2025-12-27 11:19:00,592 [ERROR] AppliInfo:139 - Unknown STM32CubeMX version: 6.16.0
2025-12-27 11:19:00,592 [ERROR] AppliInfo:139 - Unknown STM32CubeMX version: 6.16.0
2025-12-27 11:19:00,592 [ERROR] AppliInfo:139 - Unknown STM32CubeMX version: 6.16.0
2025-12-27 11:19:00,592 [ERROR] AppliInfo:139 - Unknown STM32CubeMX version: 6.16.0
2025-12-27 11:19:00,593 [ERROR] AppliInfo:139 - Unknown STM32CubeMX version: 6.15.0
2025-12-27 11:19:00,593 [ERROR] AppliInfo:139 - Unknown STM32CubeMX version: 6.16.0
2025-12-27 11:19:00,593 [ERROR] AppliInfo:139 - Unknown STM32CubeMX version: 6.16.0
2025-12-27 11:19:00,593 [ERROR] AppliInfo:139 - Unknown STM32CubeMX version: 6.15.0
2025-12-27 11:19:00,593 [ERROR] AppliInfo:139 - Unknown STM32CubeMX version: 6.16.0
2025-12-27 11:19:00,593 [ERROR] AppliInfo:139 - Unknown STM32CubeMX version: 6.16.0
2025-12-27 11:19:00,593 [ERROR] AppliInfo:139 - Unknown STM32CubeMX version: 6.15.0
2025-12-27 11:19:00,593 [ERROR] AppliInfo:139 - Unknown STM32CubeMX version: 6.16.0
2025-12-27 11:19:00,593 [ERROR] AppliInfo:139 - Unknown STM32CubeMX version: 6.15.0
2025-12-27 11:19:00,594 [ERROR] AppliInfo:139 - Unknown STM32CubeMX version: 6.16.0
2025-12-27 11:19:00,594 [ERROR] AppliInfo:139 - Unknown STM32CubeMX version: 6.16.0
2025-12-27 11:19:00,594 [ERROR] AppliInfo:139 - Unknown STM32CubeMX version: 6.16.0
2025-12-27 11:19:00,594 [ERROR] AppliInfo:139 - Unknown STM32CubeMX version: 6.16.0
2025-12-27 11:19:00,594 [ERROR] AppliInfo:139 - Unknown STM32CubeMX version: 6.16.0
2025-12-27 11:19:00,594 [ERROR] AppliInfo:139 - Unknown STM32CubeMX version: 6.15.0
2025-12-27 11:19:00,594 [ERROR] AppliInfo:139 - Unknown STM32CubeMX version: 6.16.0
2025-12-27 11:19:00,594 [ERROR] AppliInfo:139 - Unknown STM32CubeMX version: 6.16.0
2025-12-27 11:19:00,594 [ERROR] AppliInfo:139 - Unknown STM32CubeMX version: 6.16.0
2025-12-27 11:19:00,595 [ERROR] AppliInfo:139 - Unknown STM32CubeMX version: 6.16.0
2025-12-27 11:19:00,595 [ERROR] AppliInfo:139 - Unknown STM32CubeMX version: 6.16.0
2025-12-27 11:19:00,595 [ERROR] AppliInfo:139 - Unknown STM32CubeMX version: 6.16.0
2025-12-27 11:19:00,595 [ERROR] AppliInfo:139 - Unknown STM32CubeMX version: 6.16.0
2025-12-27 11:19:00,595 [ERROR] AppliInfo:139 - Unknown STM32CubeMX version: 6.16.0
2025-12-27 11:19:00,595 [ERROR] AppliInfo:139 - Unknown STM32CubeMX version: 6.16.0
2025-12-27 11:19:00,596 [ERROR] AppliInfo:139 - Unknown STM32CubeMX version: 6.16.0
2025-12-27 11:19:00,596 [ERROR] AppliInfo:139 - Unknown STM32CubeMX version: 6.16.0
2025-12-27 11:19:00,596 [ERROR] AppliInfo:139 - Unknown STM32CubeMX version: 6.16.0
2025-12-27 11:19:00,596 [ERROR] AppliInfo:139 - Unknown STM32CubeMX version: 6.16.0
2025-12-27 11:19:00,597 [ERROR] AppliInfo:139 - Unknown STM32CubeMX version: 6.16.0
2025-12-27 11:19:00,597 [ERROR] AppliInfo:139 - Unknown STM32CubeMX version: 6.16.0
2025-12-27 11:19:00,597 [ERROR] AppliInfo:139 - Unknown STM32CubeMX version: 6.16.0
2025-12-27 11:19:00,597 [ERROR] AppliInfo:139 - Unknown STM32CubeMX version: 6.16.0
2025-12-27 11:19:00,599 [ERROR] AppliInfo:139 - Unknown STM32CubeMX version: 6.16.0
2025-12-27 11:19:00,599 [ERROR] AppliInfo:139 - Unknown STM32CubeMX version: 6.16.0
2025-12-27 11:19:00,599 [ERROR] AppliInfo:139 - Unknown STM32CubeMX version: 6.16.0
2025-12-27 11:19:00,600 [ERROR] AppliInfo:139 - Unknown STM32CubeMX version: 6.16.0
2025-12-27 11:19:00,600 [ERROR] AppliInfo:139 - Unknown STM32CubeMX version: 6.15.0
2025-12-27 11:19:00,600 [ERROR] AppliInfo:139 - Unknown STM32CubeMX version: 6.15.0
2025-12-27 11:19:00,600 [ERROR] AppliInfo:139 - Unknown STM32CubeMX version: 6.15.0
2025-12-27 11:19:00,600 [ERROR] AppliInfo:139 - Unknown STM32CubeMX version: 6.15.0
2025-12-27 11:19:00,600 [ERROR] AppliInfo:139 - Unknown STM32CubeMX version: 6.16.0
2025-12-27 11:19:00,601 [ERROR] AppliInfo:139 - Unknown STM32CubeMX version: 6.16.0
2025-12-27 11:19:00,601 [ERROR] AppliInfo:139 - Unknown STM32CubeMX version: 6.16.0
2025-12-27 11:19:00,601 [ERROR] AppliInfo:139 - Unknown STM32CubeMX version: 6.16.0
2025-12-27 11:19:00,601 [ERROR] AppliInfo:139 - Unknown STM32CubeMX version: 6.16.0
2025-12-27 11:19:00,601 [ERROR] AppliInfo:139 - Unknown STM32CubeMX version: 6.16.0
2025-12-27 11:19:00,601 [ERROR] AppliInfo:139 - Unknown STM32CubeMX version: 6.16.0
2025-12-27 11:19:00,601 [ERROR] AppliInfo:139 - Unknown STM32CubeMX version: 6.16.0
2025-12-27 11:19:00,625 [ERROR] AppliInfo:139 - Unknown STM32CubeMX version: 6.16.0
2025-12-27 11:19:00,625 [ERROR] AppliInfo:139 - Unknown STM32CubeMX version: 6.16.0
2025-12-27 11:19:00,625 [ERROR] AppliInfo:139 - Unknown STM32CubeMX version: 6.16.0
2025-12-27 11:19:00,625 [ERROR] AppliInfo:139 - Unknown STM32CubeMX version: 6.16.0
2025-12-27 11:19:00,625 [ERROR] AppliInfo:139 - Unknown STM32CubeMX version: 6.16.0
2025-12-27 11:19:00,625 [ERROR] AppliInfo:139 - Unknown STM32CubeMX version: 6.16.0
2025-12-27 11:19:00,625 [ERROR] AppliInfo:139 - Unknown STM32CubeMX version: 6.16.0
2025-12-27 11:19:00,633 [ERROR] AppliInfo:139 - Unknown STM32CubeMX version: 6.16.0
2025-12-27 11:19:00,633 [ERROR] AppliInfo:139 - Unknown STM32CubeMX version: 6.16.0
2025-12-27 11:19:00,633 [ERROR] AppliInfo:139 - Unknown STM32CubeMX version: 6.16.0
2025-12-27 11:19:00,633 [ERROR] AppliInfo:139 - Unknown STM32CubeMX version: 6.16.0
2025-12-27 11:19:00,633 [ERROR] AppliInfo:139 - Unknown STM32CubeMX version: 6.16.0
2025-12-27 11:19:00,633 [ERROR] AppliInfo:139 - Unknown STM32CubeMX version: 6.16.0
2025-12-27 11:19:00,634 [ERROR] AppliInfo:139 - Unknown STM32CubeMX version: 6.16.0
2025-12-27 11:19:00,634 [ERROR] AppliInfo:139 - Unknown STM32CubeMX version: 6.16.0
2025-12-27 11:19:00,634 [ERROR] AppliInfo:139 - Unknown STM32CubeMX version: 6.16.0
2025-12-27 11:19:00,634 [ERROR] AppliInfo:139 - Unknown STM32CubeMX version: 6.16.0
2025-12-27 11:19:00,634 [ERROR] AppliInfo:139 - Unknown STM32CubeMX version: 6.15.0
2025-12-27 11:19:00,634 [ERROR] AppliInfo:139 - Unknown STM32CubeMX version: 6.15.0
2025-12-27 11:19:00,634 [ERROR] AppliInfo:139 - Unknown STM32CubeMX version: 6.15.0
2025-12-27 11:19:00,634 [ERROR] AppliInfo:139 - Unknown STM32CubeMX version: 6.16.0
2025-12-27 11:19:00,634 [ERROR] AppliInfo:139 - Unknown STM32CubeMX version: 6.16.0
2025-12-27 11:19:00,635 [ERROR] AppliInfo:139 - Unknown STM32CubeMX version: 6.15.0
2025-12-27 11:19:00,636 [ERROR] AppliInfo:139 - Unknown STM32CubeMX version: 6.15.0
2025-12-27 11:19:00,637 [ERROR] AppliInfo:139 - Unknown STM32CubeMX version: 6.15.0
2025-12-27 11:19:00,637 [ERROR] AppliInfo:139 - Unknown STM32CubeMX version: 6.15.0
2025-12-27 11:19:00,637 [ERROR] AppliInfo:139 - Unknown STM32CubeMX version: 6.16.0
2025-12-27 11:19:00,637 [ERROR] AppliInfo:139 - Unknown STM32CubeMX version: 6.16.0
2025-12-27 11:19:00,638 [ERROR] AppliInfo:139 - Unknown STM32CubeMX version: 6.15.0
2025-12-27 11:19:00,639 [ERROR] AppliInfo:139 - Unknown STM32CubeMX version: 6.16.0
2025-12-27 11:19:00,639 [ERROR] AppliInfo:139 - Unknown STM32CubeMX version: 6.16.0
2025-12-27 11:19:00,639 [ERROR] AppliInfo:139 - Unknown STM32CubeMX version: 6.16.0
2025-12-27 11:19:00,639 [ERROR] AppliInfo:139 - Unknown STM32CubeMX version: 6.16.0
2025-12-27 11:19:00,639 [ERROR] AppliInfo:139 - Unknown STM32CubeMX version: 6.16.0
2025-12-27 11:19:00,639 [ERROR] AppliInfo:139 - Unknown STM32CubeMX version: 6.16.0
2025-12-27 11:19:00,639 [ERROR] AppliInfo:139 - Unknown STM32CubeMX version: 6.16.0
2025-12-27 11:19:00,640 [ERROR] AppliInfo:139 - Unknown STM32CubeMX version: 6.16.0
2025-12-27 11:19:00,640 [ERROR] AppliInfo:139 - Unknown STM32CubeMX version: 6.16.0
2025-12-27 11:19:00,640 [ERROR] AppliInfo:139 - Unknown STM32CubeMX version: 6.16.0
2025-12-27 11:19:00,640 [ERROR] AppliInfo:139 - Unknown STM32CubeMX version: 6.16.0
2025-12-27 11:19:00,640 [ERROR] AppliInfo:139 - Unknown STM32CubeMX version: 6.16.0
2025-12-27 11:19:00,640 [ERROR] AppliInfo:139 - Unknown STM32CubeMX version: 6.16.0
2025-12-27 11:19:00,640 [ERROR] AppliInfo:139 - Unknown STM32CubeMX version: 6.16.0
2025-12-27 11:19:00,640 [ERROR] AppliInfo:139 - Unknown STM32CubeMX version: 6.16.0
2025-12-27 11:19:00,640 [ERROR] AppliInfo:139 - Unknown STM32CubeMX version: 6.16.0
2025-12-27 11:19:00,640 [ERROR] AppliInfo:139 - Unknown STM32CubeMX version: 6.16.0
2025-12-27 11:19:00,640 [ERROR] AppliInfo:139 - Unknown STM32CubeMX version: 6.16.0
2025-12-27 11:19:00,640 [ERROR] AppliInfo:139 - Unknown STM32CubeMX version: 6.16.0
2025-12-27 11:19:00,640 [ERROR] AppliInfo:139 - Unknown STM32CubeMX version: 6.16.0
2025-12-27 11:19:00,641 [ERROR] AppliInfo:139 - Unknown STM32CubeMX version: 6.16.0
2025-12-27 11:19:00,641 [ERROR] AppliInfo:139 - Unknown STM32CubeMX version: 6.16.0
2025-12-27 11:19:00,641 [ERROR] AppliInfo:139 - Unknown STM32CubeMX version: 6.16.0
2025-12-27 11:19:00,641 [ERROR] AppliInfo:139 - Unknown STM32CubeMX version: 6.16.0
2025-12-27 11:19:00,641 [ERROR] AppliInfo:139 - Unknown STM32CubeMX version: 6.16.0
2025-12-27 11:19:00,641 [ERROR] AppliInfo:139 - Unknown STM32CubeMX version: 6.16.0
2025-12-27 11:19:00,641 [ERROR] AppliInfo:139 - Unknown STM32CubeMX version: 6.16.0
2025-12-27 11:19:00,642 [ERROR] AppliInfo:139 - Unknown STM32CubeMX version: 6.15.0
2025-12-27 11:19:00,642 [ERROR] AppliInfo:139 - Unknown STM32CubeMX version: 6.15.0
2025-12-27 11:19:00,642 [ERROR] AppliInfo:139 - Unknown STM32CubeMX version: 6.15.0
2025-12-27 11:19:00,642 [ERROR] AppliInfo:139 - Unknown STM32CubeMX version: 6.15.0
2025-12-27 11:19:00,642 [ERROR] AppliInfo:139 - Unknown STM32CubeMX version: 6.15.0
2025-12-27 11:19:00,643 [ERROR] AppliInfo:139 - Unknown STM32CubeMX version: 6.15.0
2025-12-27 11:19:00,643 [ERROR] AppliInfo:139 - Unknown STM32CubeMX version: 6.15.0
2025-12-27 11:19:00,643 [ERROR] AppliInfo:139 - Unknown STM32CubeMX version: 6.15.0
2025-12-27 11:19:00,643 [ERROR] AppliInfo:139 - Unknown STM32CubeMX version: 6.15.0
2025-12-27 11:19:00,643 [ERROR] AppliInfo:139 - Unknown STM32CubeMX version: 6.15.0
2025-12-27 11:19:00,643 [ERROR] AppliInfo:139 - Unknown STM32CubeMX version: 6.15.0
2025-12-27 11:19:00,643 [ERROR] AppliInfo:139 - Unknown STM32CubeMX version: 6.15.0
2025-12-27 11:19:00,645 [ERROR] AppliInfo:139 - Unknown STM32CubeMX version: 6.14.1
2025-12-27 11:19:00,646 [ERROR] AppliInfo:139 - Unknown STM32CubeMX version: 6.14.1
2025-12-27 11:19:00,646 [ERROR] AppliInfo:139 - Unknown STM32CubeMX version: 6.14.1
2025-12-27 11:19:00,646 [ERROR] AppliInfo:139 - Unknown STM32CubeMX version: 6.14.1
2025-12-27 11:19:00,646 [ERROR] AppliInfo:139 - Unknown STM32CubeMX version: 6.14.1
2025-12-27 11:19:00,646 [ERROR] AppliInfo:139 - Unknown STM32CubeMX version: 6.14.1
2025-12-27 11:19:00,646 [ERROR] AppliInfo:139 - Unknown STM32CubeMX version: 6.14.1
2025-12-27 11:19:00,647 [ERROR] AppliInfo:139 - Unknown STM32CubeMX version: 6.14.1
2025-12-27 11:19:00,647 [ERROR] AppliInfo:139 - Unknown STM32CubeMX version: 6.14.1
2025-12-27 11:19:00,647 [ERROR] AppliInfo:139 - Unknown STM32CubeMX version: 6.14.1
2025-12-27 11:19:00,647 [ERROR] AppliInfo:139 - Unknown STM32CubeMX version: 6.14.1
2025-12-27 11:19:00,647 [ERROR] AppliInfo:139 - Unknown STM32CubeMX version: 6.14.1
2025-12-27 11:19:00,647 [ERROR] AppliInfo:139 - Unknown STM32CubeMX version: 6.14.1
2025-12-27 11:19:00,647 [ERROR] AppliInfo:139 - Unknown STM32CubeMX version: 6.14.1
2025-12-27 11:19:00,647 [ERROR] AppliInfo:139 - Unknown STM32CubeMX version: 6.14.1
2025-12-27 11:19:00,647 [ERROR] AppliInfo:139 - Unknown STM32CubeMX version: 6.14.1
2025-12-27 11:19:00,648 [ERROR] AppliInfo:139 - Unknown STM32CubeMX version: 6.14.1
2025-12-27 11:19:00,648 [ERROR] AppliInfo:139 - Unknown STM32CubeMX version: 6.14.1
2025-12-27 11:19:00,648 [ERROR] AppliInfo:139 - Unknown STM32CubeMX version: 6.14.1
2025-12-27 11:19:00,648 [ERROR] AppliInfo:139 - Unknown STM32CubeMX version: 6.14.1
2025-12-27 11:19:00,648 [ERROR] AppliInfo:139 - Unknown STM32CubeMX version: 6.14.1
2025-12-27 11:19:00,648 [ERROR] AppliInfo:139 - Unknown STM32CubeMX version: 6.14.1
2025-12-27 11:19:00,648 [ERROR] AppliInfo:139 - Unknown STM32CubeMX version: 6.14.1
2025-12-27 11:19:00,649 [ERROR] AppliInfo:139 - Unknown STM32CubeMX version: 6.14.1
2025-12-27 11:19:00,649 [ERROR] AppliInfo:139 - Unknown STM32CubeMX version: 6.14.1
2025-12-27 11:19:00,649 [ERROR] AppliInfo:139 - Unknown STM32CubeMX version: 6.14.1
2025-12-27 11:19:00,649 [ERROR] AppliInfo:139 - Unknown STM32CubeMX version: 6.14.1
2025-12-27 11:19:00,649 [ERROR] AppliInfo:139 - Unknown STM32CubeMX version: 6.14.1
2025-12-27 11:19:00,649 [ERROR] AppliInfo:139 - Unknown STM32CubeMX version: 6.14.1
2025-12-27 11:19:00,649 [ERROR] AppliInfo:139 - Unknown STM32CubeMX version: 6.14.1
2025-12-27 11:19:00,649 [ERROR] AppliInfo:139 - Unknown STM32CubeMX version: 6.14.1
2025-12-27 11:19:00,649 [ERROR] AppliInfo:139 - Unknown STM32CubeMX version: 6.14.1
2025-12-27 11:19:00,649 [ERROR] AppliInfo:139 - Unknown STM32CubeMX version: 6.14.1
2025-12-27 11:19:00,649 [ERROR] AppliInfo:139 - Unknown STM32CubeMX version: 6.14.1
2025-12-27 11:19:00,649 [ERROR] AppliInfo:139 - Unknown STM32CubeMX version: 6.14.1
2025-12-27 11:19:00,649 [ERROR] AppliInfo:139 - Unknown STM32CubeMX version: 6.14.1
2025-12-27 11:19:00,649 [ERROR] AppliInfo:139 - Unknown STM32CubeMX version: 6.14.1
2025-12-27 11:19:00,650 [ERROR] AppliInfo:139 - Unknown STM32CubeMX version: 6.14.1
2025-12-27 11:19:00,650 [ERROR] AppliInfo:139 - Unknown STM32CubeMX version: 6.14.1
2025-12-27 11:19:00,650 [ERROR] AppliInfo:139 - Unknown STM32CubeMX version: 6.14.1
2025-12-27 11:19:00,650 [ERROR] AppliInfo:139 - Unknown STM32CubeMX version: 6.14.1
2025-12-27 11:19:00,650 [ERROR] AppliInfo:139 - Unknown STM32CubeMX version: 6.14.1
2025-12-27 11:19:00,650 [ERROR] AppliInfo:139 - Unknown STM32CubeMX version: 6.14.1
2025-12-27 11:19:00,650 [ERROR] AppliInfo:139 - Unknown STM32CubeMX version: 6.14.1
2025-12-27 11:19:00,650 [ERROR] AppliInfo:139 - Unknown STM32CubeMX version: 6.14.1
2025-12-27 11:19:00,650 [ERROR] AppliInfo:139 - Unknown STM32CubeMX version: 6.14.1
2025-12-27 11:19:00,650 [ERROR] AppliInfo:139 - Unknown STM32CubeMX version: 6.14.1
2025-12-27 11:19:00,650 [ERROR] AppliInfo:139 - Unknown STM32CubeMX version: 6.14.1
2025-12-27 11:19:00,650 [ERROR] AppliInfo:139 - Unknown STM32CubeMX version: 6.14.1
2025-12-27 11:19:00,650 [ERROR] AppliInfo:139 - Unknown STM32CubeMX version: 6.14.1
2025-12-27 11:19:00,650 [ERROR] AppliInfo:139 - Unknown STM32CubeMX version: 6.14.1
2025-12-27 11:19:00,651 [ERROR] AppliInfo:139 - Unknown STM32CubeMX version: 6.14.1
2025-12-27 11:19:00,651 [ERROR] AppliInfo:139 - Unknown STM32CubeMX version: 6.14.1
2025-12-27 11:19:00,651 [ERROR] AppliInfo:139 - Unknown STM32CubeMX version: 6.14.1
2025-12-27 11:19:00,651 [ERROR] AppliInfo:139 - Unknown STM32CubeMX version: 6.14.1
2025-12-27 11:19:00,651 [ERROR] AppliInfo:139 - Unknown STM32CubeMX version: 6.14.1
2025-12-27 11:19:00,651 [ERROR] AppliInfo:139 - Unknown STM32CubeMX version: 6.14.1
2025-12-27 11:19:00,651 [ERROR] AppliInfo:139 - Unknown STM32CubeMX version: 6.14.1
2025-12-27 11:19:00,651 [ERROR] AppliInfo:139 - Unknown STM32CubeMX version: 6.14.1
2025-12-27 11:19:00,651 [ERROR] AppliInfo:139 - Unknown STM32CubeMX version: 6.14.1
2025-12-27 11:19:00,651 [ERROR] AppliInfo:139 - Unknown STM32CubeMX version: 6.14.1
2025-12-27 11:19:00,651 [ERROR] AppliInfo:139 - Unknown STM32CubeMX version: 6.14.1
2025-12-27 11:19:00,651 [ERROR] AppliInfo:139 - Unknown STM32CubeMX version: 6.14.1
2025-12-27 11:19:00,651 [ERROR] AppliInfo:139 - Unknown STM32CubeMX version: 6.14.1
2025-12-27 11:19:00,651 [ERROR] AppliInfo:139 - Unknown STM32CubeMX version: 6.14.1
2025-12-27 11:19:00,652 [ERROR] AppliInfo:139 - Unknown STM32CubeMX version: 6.14.1
2025-12-27 11:19:00,652 [ERROR] AppliInfo:139 - Unknown STM32CubeMX version: 6.14.1
2025-12-27 11:19:00,652 [ERROR] AppliInfo:139 - Unknown STM32CubeMX version: 6.14.1
2025-12-27 11:19:00,652 [ERROR] AppliInfo:139 - Unknown STM32CubeMX version: 6.14.1
2025-12-27 11:19:00,652 [ERROR] AppliInfo:139 - Unknown STM32CubeMX version: 6.14.1
2025-12-27 11:19:00,652 [ERROR] AppliInfo:139 - Unknown STM32CubeMX version: 6.14.1
2025-12-27 11:19:00,652 [ERROR] AppliInfo:139 - Unknown STM32CubeMX version: 6.14.1
2025-12-27 11:19:00,652 [ERROR] AppliInfo:139 - Unknown STM32CubeMX version: 6.14.1
2025-12-27 11:19:00,652 [ERROR] AppliInfo:139 - Unknown STM32CubeMX version: 6.14.1
2025-12-27 11:19:00,652 [ERROR] AppliInfo:139 - Unknown STM32CubeMX version: 6.14.1
2025-12-27 11:19:00,652 [ERROR] AppliInfo:139 - Unknown STM32CubeMX version: 6.14.1
2025-12-27 11:19:00,652 [ERROR] AppliInfo:139 - Unknown STM32CubeMX version: 6.14.1
2025-12-27 11:19:00,652 [ERROR] AppliInfo:139 - Unknown STM32CubeMX version: 6.14.1
2025-12-27 11:19:00,652 [ERROR] AppliInfo:139 - Unknown STM32CubeMX version: 6.14.1
2025-12-27 11:19:00,653 [ERROR] AppliInfo:139 - Unknown STM32CubeMX version: 6.14.1
2025-12-27 11:19:00,653 [ERROR] AppliInfo:139 - Unknown STM32CubeMX version: 6.14.1
2025-12-27 11:19:00,653 [ERROR] AppliInfo:139 - Unknown STM32CubeMX version: 6.14.1
2025-12-27 11:19:00,653 [ERROR] AppliInfo:139 - Unknown STM32CubeMX version: 6.14.1
2025-12-27 11:19:00,653 [ERROR] AppliInfo:139 - Unknown STM32CubeMX version: 6.14.1
2025-12-27 11:19:00,653 [ERROR] AppliInfo:139 - Unknown STM32CubeMX version: 6.14.1
2025-12-27 11:19:00,653 [ERROR] AppliInfo:139 - Unknown STM32CubeMX version: 6.14.1
2025-12-27 11:19:00,653 [ERROR] AppliInfo:139 - Unknown STM32CubeMX version: 6.14.1
2025-12-27 11:19:00,653 [ERROR] AppliInfo:139 - Unknown STM32CubeMX version: 6.14.1
2025-12-27 11:19:00,653 [ERROR] AppliInfo:139 - Unknown STM32CubeMX version: 6.14.1
2025-12-27 11:19:00,653 [ERROR] AppliInfo:139 - Unknown STM32CubeMX version: 6.14.1
2025-12-27 11:19:00,653 [ERROR] AppliInfo:139 - Unknown STM32CubeMX version: 6.14.1
2025-12-27 11:19:00,653 [ERROR] AppliInfo:139 - Unknown STM32CubeMX version: 6.14.1
2025-12-27 11:19:00,653 [ERROR] AppliInfo:139 - Unknown STM32CubeMX version: 6.14.1
2025-12-27 11:19:00,653 [ERROR] AppliInfo:139 - Unknown STM32CubeMX version: 6.14.1
2025-12-27 11:19:00,654 [ERROR] AppliInfo:139 - Unknown STM32CubeMX version: 6.14.1
2025-12-27 11:19:00,654 [ERROR] AppliInfo:139 - Unknown STM32CubeMX version: 6.14.1
2025-12-27 11:19:00,655 [ERROR] AppliInfo:139 - Unknown STM32CubeMX version: 6.15.0
2025-12-27 11:19:00,655 [ERROR] AppliInfo:139 - Unknown STM32CubeMX version: 6.15.0
2025-12-27 11:19:00,655 [ERROR] AppliInfo:139 - Unknown STM32CubeMX version: 6.15.0
2025-12-27 11:19:00,655 [ERROR] AppliInfo:139 - Unknown STM32CubeMX version: 6.15.0
2025-12-27 11:19:00,656 [ERROR] AppliInfo:139 - Unknown STM32CubeMX version: 6.15.0
2025-12-27 11:19:00,656 [ERROR] AppliInfo:139 - Unknown STM32CubeMX version: 6.15.0
2025-12-27 11:19:00,656 [ERROR] AppliInfo:139 - Unknown STM32CubeMX version: 6.15.0
2025-12-27 11:19:00,656 [ERROR] AppliInfo:139 - Unknown STM32CubeMX version: 6.15.0
2025-12-27 11:19:00,781 [ERROR] AppliInfo:139 - Unknown STM32CubeMX version: 6.16.0
2025-12-27 11:19:00,781 [ERROR] AppliInfo:139 - Unknown STM32CubeMX version: 6.16.0
2025-12-27 11:19:00,781 [ERROR] AppliInfo:139 - Unknown STM32CubeMX version: 6.16.0
2025-12-27 11:19:00,781 [ERROR] AppliInfo:139 - Unknown STM32CubeMX version: 6.16.0
2025-12-27 11:19:00,781 [ERROR] AppliInfo:139 - Unknown STM32CubeMX version: 6.16.0
2025-12-27 11:19:00,781 [ERROR] AppliInfo:139 - Unknown STM32CubeMX version: 6.16.0
2025-12-27 11:19:00,781 [ERROR] AppliInfo:139 - Unknown STM32CubeMX version: 6.16.0
2025-12-27 11:19:00,781 [ERROR] AppliInfo:139 - Unknown STM32CubeMX version: 6.16.0
2025-12-27 11:19:00,782 [ERROR] AppliInfo:139 - Unknown STM32CubeMX version: 6.16.0
2025-12-27 11:19:00,782 [ERROR] AppliInfo:139 - Unknown STM32CubeMX version: 6.16.0
2025-12-27 11:19:00,782 [ERROR] AppliInfo:139 - Unknown STM32CubeMX version: 6.16.0
2025-12-27 11:19:00,782 [ERROR] AppliInfo:139 - Unknown STM32CubeMX version: 6.16.0
2025-12-27 11:19:00,782 [ERROR] AppliInfo:139 - Unknown STM32CubeMX version: 6.16.0
2025-12-27 11:19:00,782 [ERROR] AppliInfo:139 - Unknown STM32CubeMX version: 6.16.0
2025-12-27 11:19:00,782 [ERROR] AppliInfo:139 - Unknown STM32CubeMX version: 6.16.0
2025-12-27 11:19:00,782 [ERROR] AppliInfo:139 - Unknown STM32CubeMX version: 6.16.0
2025-12-27 11:19:00,782 [ERROR] AppliInfo:139 - Unknown STM32CubeMX version: 6.16.0
2025-12-27 11:19:00,782 [ERROR] AppliInfo:139 - Unknown STM32CubeMX version: 6.16.0
2025-12-27 11:19:00,782 [ERROR] AppliInfo:139 - Unknown STM32CubeMX version: 6.16.0
2025-12-27 11:19:00,783 [ERROR] AppliInfo:139 - Unknown STM32CubeMX version: 6.15.0
2025-12-27 11:19:00,783 [ERROR] AppliInfo:139 - Unknown STM32CubeMX version: 6.16.0
2025-12-27 11:19:00,783 [ERROR] AppliInfo:139 - Unknown STM32CubeMX version: 6.16.0
2025-12-27 11:19:00,783 [ERROR] AppliInfo:139 - Unknown STM32CubeMX version: 6.15.0
2025-12-27 11:19:00,783 [ERROR] AppliInfo:139 - Unknown STM32CubeMX version: 6.16.0
2025-12-27 11:19:00,783 [ERROR] AppliInfo:139 - Unknown STM32CubeMX version: 6.16.0
2025-12-27 11:19:00,783 [ERROR] AppliInfo:139 - Unknown STM32CubeMX version: 6.16.0
2025-12-27 11:19:00,783 [ERROR] AppliInfo:139 - Unknown STM32CubeMX version: 6.16.0
2025-12-27 11:19:00,783 [ERROR] AppliInfo:139 - Unknown STM32CubeMX version: 6.15.0
2025-12-27 11:19:00,783 [ERROR] AppliInfo:139 - Unknown STM32CubeMX version: 6.16.0
2025-12-27 11:19:00,783 [ERROR] AppliInfo:139 - Unknown STM32CubeMX version: 6.16.0
2025-12-27 11:19:00,783 [ERROR] AppliInfo:139 - Unknown STM32CubeMX version: 6.15.0
2025-12-27 11:19:00,783 [ERROR] AppliInfo:139 - Unknown STM32CubeMX version: 6.16.0
2025-12-27 11:19:00,783 [ERROR] AppliInfo:139 - Unknown STM32CubeMX version: 6.15.0
2025-12-27 11:19:00,783 [ERROR] AppliInfo:139 - Unknown STM32CubeMX version: 6.16.0
2025-12-27 11:19:00,784 [ERROR] AppliInfo:139 - Unknown STM32CubeMX version: 6.16.0
2025-12-27 11:19:00,784 [ERROR] AppliInfo:139 - Unknown STM32CubeMX version: 6.16.0
2025-12-27 11:19:00,784 [ERROR] AppliInfo:139 - Unknown STM32CubeMX version: 6.15.0
2025-12-27 11:19:00,784 [ERROR] AppliInfo:139 - Unknown STM32CubeMX version: 6.15.0
2025-12-27 11:19:07,631 [INFO] SoftwarePacks:190 - Size of SW pack 'STM32Cube_FW_WB_V1.24.0' is: 170.0 MB
2025-12-27 11:19:31,891 [INFO] MainUpdater:2872 - connection check result : 10
2025-12-27 11:19:31,891 [INFO] UserAuth:486 - Internet connection configuration mode: 1
2025-12-27 11:19:31,910 [INFO] JxBrowserEngine:152 - Initiate JxBrowser Engine with user profile folder
2025-12-27 11:19:36,766 [INFO] WebApp:169 - Instantiating new browser for Auth
2025-12-27 11:19:37,332 [INFO] WebApp:463 - Apply proxy settings
2025-12-27 11:19:37,332 [INFO] WebApp:548 - Chromium requires no authentication
2025-12-27 11:19:37,340 [INFO] WebApp:491 - Direct internet connection detected
2025-12-27 11:19:37,364 [INFO] WebApp:894 - Register for checkConnection events
2025-12-27 11:19:37,364 [INFO] WebApp:463 - Apply proxy settings
2025-12-27 11:19:37,364 [INFO] WebApp:548 - Chromium requires no authentication
2025-12-27 11:19:37,365 [INFO] WebApp:491 - Direct internet connection detected
2025-12-27 11:19:37,509 [INFO] WebApp:225 - Starting web application
2025-12-27 11:19:37,509 [INFO] WebApp:593 - Web application path used C:\ST\STM32CubeIDE_1.18.0\STM32CubeIDE\plugins\com.st.stm32cube.common.mx_6.14.0.202502271554\db\plugins\mcufinder\reactClient1\index.html
2025-12-27 11:19:37,644 [INFO] WebApp:191 - Connection restablished
2025-12-27 11:19:38,774 [INFO] ServerAccessManage:473 - Download File stm32cube_db_v60161.zip
2025-12-27 11:19:44,652 [INFO] FileExtend:242 - Unzip File : stm32cube_db_v60161.zip
2025-12-27 11:19:44,652 [INFO] FileExtend:257 - Standard Zip Deflate
2025-12-27 11:19:49,740 [INFO] ServerAccessManage:473 - Download File stm32cube_fw_wb_v1240.zip
2025-12-27 11:21:15,107 [INFO] AnalyticsPlugin:368 - Accepted License(s): [FW.WB.1.24.0]
2025-12-27 11:21:15,108 [INFO] FileExtend:242 - Unzip File : stm32cube_fw_wb_v1240.zip
2025-12-27 11:21:15,108 [INFO] FileExtend:257 - Standard Zip Deflate
2025-12-27 11:21:35,590 [INFO] MainUpdater:3566 - Updater definition file requires update
2025-12-27 11:21:35,591 [INFO] LoadServerPackagesThread:196 - End of LoadServerPackages Thread
2025-12-27 11:21:35,866 [INFO] ServerAccessManage:473 - Download File updaters.zip
2025-12-27 11:21:36,048 [INFO] FileExtend:242 - Unzip File : updaters.zip
2025-12-27 11:21:36,048 [INFO] FileExtend:257 - Standard Zip Deflate
2025-12-27 11:21:36,387 [INFO] ServerAccessManage:473 - Download File PacksControlFlags.xml
2025-12-27 11:21:36,520 [INFO] ServerAccessManage:473 - Download File cubemx.pidx
2025-12-27 11:21:36,620 [INFO] ThirdPartyModel:298 - Start build external matchings
2025-12-27 11:21:36,828 [INFO] CheckServerUpdateThread:120 - End of CheckServer Thread
2025-12-27 11:21:37,470 [INFO] TargetSelectorAdapter:740 - Download 'STM32Cube FW_WB V1.24.0' COMPLETED
2025-12-27 11:21:37,965 [INFO] ExampleToolKit:674 - [info] 2025/12/27 11:21:37
2025-12-27 11:21:37,965 [INFO] ExampleToolKit:722 - [info] Start Project: BLE_p2pClient
2025-12-27 11:21:37,966 [WARN] ExampleToolKit:784 - [WARNING] IDE PROJECT 'SW4STM32' NOT FOUND
2025-12-27 11:21:37,967 [INFO] ExampleToolKit:816 - [info] Project path: C:\Users\jaowe\Documents\Projects\DeltaTPlus_STM32WB55RG_Workspace\BLE_p2pClient
2025-12-27 11:21:38,339 [WARN] ExampleToolKit:2161 - [WARNING] IDE PROJECT 'SW4STM32'NOT FOUND
2025-12-27 11:21:38,369 [INFO] ExampleToolKit:1069 - [info] SW Package located in: C:\Users\jaowe\STM32Cube\Repository\STM32Cube_FW_WB_V1.24.0
2025-12-27 11:21:38,369 [INFO] ExampleToolKit:1074 - [info] SW Package copy: LITE
2025-12-27 11:21:39,501 [INFO] ThirdPartyModel:316 - End build external matchings
2025-12-27 11:21:39,548 [INFO] LoadServerUpdatesThread:375 - End of LoadServerUpdate Thread
2025-12-27 11:21:52,329 [ERROR] ExampleToolKit:1598 - File not found: ../3rdparty/p256-m/p256-m_driver_entrypoints.h
2025-12-27 11:21:52,386 [INFO] ExampleToolKit:893 - [WARNING] Project 'BLE_p2pClient' installed with Warning(s)/Error(s)
2025-12-27 11:21:52,386 [INFO] ExampleToolKit:914 - [info] 2025/12/27 11:21:52
2025-12-27 11:21:52,386 [INFO] ExampleToolKit:1033 - [info] Elapsed time: 0h 0m 14s 841ms
2025-12-27 11:22:00,602 [INFO] ExampleToolKit:674 - [info] 2025/12/27 11:22:00
2025-12-27 11:22:00,603 [INFO] ExampleToolKit:722 - [info] Start Project: BLE_p2pClient
2025-12-27 11:22:00,604 [WARN] ExampleToolKit:784 - [WARNING] IDE PROJECT 'SW4STM32' NOT FOUND
2025-12-27 11:22:00,604 [ERROR] ExampleToolKit:807 - [WARNING] PROJECT ALREADY EXISTS: C:\Users\jaowe\Documents\Projects\DeltaTPlus_STM32WB55RG_Workspace\BLE_p2pClient
2025-12-27 11:22:02,245 [INFO] ExampleToolKit:674 - [info] 2025/12/27 11:22:02
2025-12-27 11:22:02,245 [INFO] ExampleToolKit:722 - [info] Start Project: BLE_p2pClient
2025-12-27 11:22:02,246 [WARN] ExampleToolKit:784 - [WARNING] IDE PROJECT 'SW4STM32' NOT FOUND
2025-12-27 11:22:02,246 [ERROR] ExampleToolKit:807 - [WARNING] PROJECT ALREADY EXISTS: C:\Users\jaowe\Documents\Projects\DeltaTPlus_STM32WB55RG_Workspace\BLE_p2pClient
2025-12-27 11:22:02,902 [INFO] McuFinderGlobals:76 - Set McuFinderConnectedMode to true
2025-12-27 11:22:03,252 [INFO] ApiDb:448 - Save user favorites file C:\Users\jaowe/.stm32cubeide/favorites.mcus.txt: 0 item(s)
2025-12-27 11:22:03,252 [INFO] ApiDb:452 - User favorites MCUs=[]
2025-12-27 11:22:03,252 [INFO] ApiDb:448 - Save user favorites file C:\Users\jaowe/.stm32cubeide/favorites.boards.txt: 0 item(s)
2025-12-27 11:22:03,252 [INFO] ApiDb:452 - User favorites Boards=[]
2025-12-27 11:22:03,269 [INFO] ApiDb:448 - Save user favorites file C:\Users\jaowe/.stm32cubeide/favorites.examples.txt: 1 item(s)
2025-12-27 11:22:03,269 [INFO] ApiDb:452 - User favorites Examples=[STM32CUBEWB-SWX-18594]
2025-12-27 11:35:56,240 [INFO] MainUpdater:2872 - connection check result : 10
2025-12-27 11:35:56,343 [INFO] McuFinderGlobals:76 - Set McuFinderConnectedMode to true
2025-12-27 11:35:56,345 [INFO] MultiScanPanel:200 - Auto-refresh data requested => check proxy status ongoing
2025-12-27 11:35:56,347 [INFO] FinderPluginLoader:95 - Searching for filters in installed packs
2025-12-27 11:35:58,190 [INFO] LoadUrlFilesThread:185 - End of LoadServerUrlFiles without Thread
2025-12-27 11:35:58,191 [INFO] DetailPanel:341 - Set advertising image to C:/Users/jaowe/STM32Cube/Repository/\en.prom-st67w-expansion-board.png
2025-12-27 11:36:03,922 [INFO] MultiScanPanel:200 - Auto-refresh data requested => check proxy status ongoing
2025-12-27 11:36:03,970 [INFO] LoadUrlFilesThread:185 - End of LoadServerUrlFiles without Thread
2025-12-27 11:36:03,970 [INFO] DetailPanel:341 - Set advertising image to C:/Users/jaowe/STM32Cube/Repository/\en.prom-st67w-expansion-board.png
2025-12-27 11:36:04,004 [INFO] MultiScanPanel:200 - Auto-refresh data requested => check proxy status ongoing
2025-12-27 11:36:04,016 [INFO] ApiDb:581 - Connected to CubeFinder SQLite database (C:\Users\jaowe\.stmcufinder\plugins\mcufinder\mcu\cube-finder-db.db)
2025-12-27 11:36:04,088 [INFO] ApiDb:668 - CubeFinder database Data Model version=2.1
2025-12-27 11:36:04,088 [INFO] ApiDb:669 - CubeFinder database Configuration version=3.0.39
2025-12-27 11:36:04,088 [INFO] ApiDb:670 - CubeFinder database generation date=2025-11-05 (1762334721)
2025-12-27 11:36:04,088 [INFO] ApiDb:671 - CubeFinder database FW Pack versions=[FP-ATR-ASTRA1_V2.0.0, FP-SNS-FLIGHT1_V5.1.0, FP-SNS-MOTENV1_V5.1.0, FP-SNS-MOTENVWB1_V1.4.0, FP-SNS-SMARTAG2_V1.2.0, FP-SNS-STBOX1_V2.1.0, STM32Cube_FW_C0_V1.4.0, STM32Cube_FW_F4_V1.28.3, STM32Cube_FW_F7_V1.17.4, STM32Cube_FW_G0_V1.6.2, STM32Cube_FW_G4_V1.6.1, STM32Cube_FW_H5_V1.5.1, STM32Cube_FW_H7RS_V1.3.0, STM32Cube_FW_H7_V1.12.1, STM32Cube_FW_L0_V1.12.2, STM32Cube_FW_L4_V1.18.1, STM32Cube_FW_L5_V1.6.0, STM32Cube_FW_N6_V1.3.0, STM32Cube_FW_U0_V1.3.0, STM32Cube_FW_U3_V1.2.1, STM32Cube_FW_U5_V1.8.0, STM32Cube_FW_WB0_V1.4.0, STM32Cube_FW_WBA_V1.8.0, STM32Cube_FW_WB_V1.24.0, STM32Cube_FW_WL3_V1.3.0, STM32Cube_FW_WL_V1.4.0, X-CUBE-ALGOBUILD_V1.4.0, X-CUBE-ALS_V1.0.2, X-CUBE-AZRTOS-F4_V1.1.0, X-CUBE-AZRTOS-F7_V1.1.0, X-CUBE-AZRTOS-G0_V1.1.0, X-CUBE-AZRTOS-G4_V2.0.0, X-CUBE-AZRTOS-H7RS_V1.1.0, X-CUBE-AZRTOS-H7_V3.4.0, X-CUBE-AZRTOS-L4_V2.0.0, X-CUBE-AZRTOS-L5_V2.0.0, X-CUBE-AZRTOS-WB_V2.0.0, X-CUBE-AZRTOS-WL_V2.0.0, X-CUBE-BLE1_V7.1.0, X-CUBE-BLE2_V3.3.0, X-CUBE-BLEMGR_V4.1.0, X-CUBE-EEPRMA1_V5.2.0, X-CUBE-FREERTOS_V1.3.1, X-CUBE-GNSS1_V6.0.0, X-CUBE-MEMS1_V11.3.0, X-CUBE-NFC4_V3.0.0, X-CUBE-NFC7_V2.0.0, X-CUBE-SFXS2LP1_V4.0.0, X-CUBE-ST67W61_V1.1.0, X-CUBE-SUBG2_V5.0.0, X-CUBE-TOF1_V3.4.3]
2025-12-27 11:36:04,765 [ERROR] DbExamplesSqlite:437 - Missing JSON key: board_cpn
2025-12-27 11:36:04,766 [ERROR] DbExamplesSqlite:437 - Missing JSON key: board_cpn
2025-12-27 11:36:04,766 [ERROR] DbExamplesSqlite:437 - Missing JSON key: board_cpn
2025-12-27 11:36:04,766 [ERROR] DbExamplesSqlite:437 - Missing JSON key: board_cpn
2025-12-27 11:36:05,049 [ERROR] DbExamplesSqlite:437 - Missing JSON key: board_cpn
2025-12-27 11:36:05,050 [ERROR] DbExamplesSqlite:437 - Missing JSON key: board_cpn
2025-12-27 11:36:05,061 [INFO] DbExamplesSqlite:395 - Ignored 42 examples not supported by CubeIDE
2025-12-27 11:36:05,061 [INFO] DbExamplesSqlite:396 - Found 10883 examples active
2025-12-27 11:36:05,061 [INFO] DbExamplesSqlite:397 - Found 0 examples obsolete
2025-12-27 11:36:05,061 [INFO] DbExamplesSqlite:398 - Found 0 examples under development
2025-12-27 11:36:05,061 [INFO] DbExamplesSqlite:399 - Found 85 examples not building
2025-12-27 11:36:05,066 [INFO] DbExamples:125 - Found 10926 examples
2025-12-27 11:36:05,109 [ERROR] DbExamples:208 - Found 73 examples with invalid data (board or MCU)
2025-12-27 11:36:05,109 [INFO] DbExamples:222 - Found 134 boards with related examples
2025-12-27 11:36:05,111 [INFO] DbExamples:235 - Found 111 MCUs with related examples
2025-12-27 11:36:05,136 [INFO] ApiDb:423 - Load user favorites file C:\Users\jaowe/.stm32cubeide/favorites.examples.txt: 1 item(s)
2025-12-27 11:36:05,136 [INFO] ApiDb:427 - User favorites Examples=[STM32CUBEWB-SWX-18594]
2025-12-27 11:36:05,136 [INFO] DbExamples:250 - Set 1 / 1 favorites Examples
2025-12-27 11:36:05,813 [INFO] SoftwarePacks:127 - Download is needed for SW pack 'FP-ATR-ASTRA1_V2.0.0'
2025-12-27 11:36:05,816 [INFO] SoftwarePacks:127 - Download is needed for SW pack 'FP-SNS-FLIGHT1_V5.1.0'
2025-12-27 11:36:05,818 [INFO] SoftwarePacks:127 - Download is needed for SW pack 'FP-SNS-MOTENV1_V5.1.0'
2025-12-27 11:36:05,820 [INFO] SoftwarePacks:127 - Download is needed for SW pack 'FP-SNS-MOTENVWB1_V1.4.0'
2025-12-27 11:36:05,822 [INFO] SoftwarePacks:127 - Download is needed for SW pack 'FP-SNS-SMARTAG2_V1.2.0'
2025-12-27 11:36:05,827 [INFO] SoftwarePacks:127 - Download is needed for SW pack 'FP-SNS-STBOX1_V2.1.0'
2025-12-27 11:36:05,840 [INFO] SoftwarePacks:127 - Download is needed for SW pack 'STM32Cube_FW_C0_V1.4.0'
2025-12-27 11:36:05,846 [INFO] SoftwarePacks:127 - Download is needed for SW pack 'STM32Cube_FW_F4_V1.28.3'
2025-12-27 11:36:05,852 [INFO] SoftwarePacks:127 - Download is needed for SW pack 'STM32Cube_FW_F7_V1.17.4'
2025-12-27 11:36:05,859 [INFO] SoftwarePacks:127 - Download is needed for SW pack 'STM32Cube_FW_G0_V1.6.2'
2025-12-27 11:36:05,864 [INFO] SoftwarePacks:127 - Download is needed for SW pack 'STM32Cube_FW_G4_V1.6.1'
2025-12-27 11:36:05,870 [INFO] SoftwarePacks:127 - Download is needed for SW pack 'STM32Cube_FW_H5_V1.5.1'
2025-12-27 11:36:05,877 [INFO] SoftwarePacks:127 - Download is needed for SW pack 'STM32Cube_FW_H7RS_V1.3.0'
2025-12-27 11:36:05,883 [INFO] SoftwarePacks:127 - Download is needed for SW pack 'STM32Cube_FW_H7_V1.12.1'
2025-12-27 11:36:05,888 [INFO] SoftwarePacks:127 - Download is needed for SW pack 'STM32Cube_FW_L0_V1.12.2'
2025-12-27 11:36:05,895 [INFO] SoftwarePacks:127 - Download is needed for SW pack 'STM32Cube_FW_L4_V1.18.1'
2025-12-27 11:36:05,900 [INFO] SoftwarePacks:127 - Download is needed for SW pack 'STM32Cube_FW_L5_V1.6.0'
2025-12-27 11:36:05,904 [INFO] SoftwarePacks:127 - Download is needed for SW pack 'STM32Cube_FW_N6_V1.3.0'
2025-12-27 11:36:05,911 [INFO] SoftwarePacks:127 - Download is needed for SW pack 'STM32Cube_FW_U0_V1.3.0'
2025-12-27 11:36:05,916 [INFO] SoftwarePacks:127 - Download is needed for SW pack 'STM32Cube_FW_U3_V1.2.1'
2025-12-27 11:36:05,920 [INFO] SoftwarePacks:127 - Download is needed for SW pack 'STM32Cube_FW_U5_V1.8.0'
2025-12-27 11:36:05,925 [INFO] SoftwarePacks:127 - Download is needed for SW pack 'STM32Cube_FW_WB0_V1.4.0'
2025-12-27 11:36:05,930 [INFO] SoftwarePacks:127 - Download is needed for SW pack 'STM32Cube_FW_WBA_V1.8.0'
2025-12-27 11:36:05,936 [INFO] SoftwarePacks:131 - Found SW pack 'STM32Cube_FW_WB_V1.24.0' up-to-date on disk.
2025-12-27 11:36:05,943 [INFO] SoftwarePacks:127 - Download is needed for SW pack 'STM32Cube_FW_WL3_V1.3.0'
2025-12-27 11:36:05,948 [INFO] SoftwarePacks:127 - Download is needed for SW pack 'STM32Cube_FW_WL_V1.4.0'
2025-12-27 11:36:05,949 [INFO] SoftwarePacks:127 - Download is needed for SW pack 'X-CUBE-ALGOBUILD_V1.4.0'
2025-12-27 11:36:05,951 [INFO] SoftwarePacks:127 - Download is needed for SW pack 'X-CUBE-ALS_V1.0.2'
2025-12-27 11:36:05,952 [INFO] SoftwarePacks:127 - Download is needed for SW pack 'X-CUBE-AZRTOS-F4_V1.1.0'
2025-12-27 11:36:05,953 [INFO] SoftwarePacks:127 - Download is needed for SW pack 'X-CUBE-AZRTOS-F7_V1.1.0'
2025-12-27 11:36:05,955 [INFO] SoftwarePacks:127 - Download is needed for SW pack 'X-CUBE-AZRTOS-G0_V1.1.0'
2025-12-27 11:36:05,956 [INFO] SoftwarePacks:127 - Download is needed for SW pack 'X-CUBE-AZRTOS-G4_V2.0.0'
2025-12-27 11:36:05,958 [INFO] SoftwarePacks:127 - Download is needed for SW pack 'X-CUBE-AZRTOS-H7RS_V1.1.0'
2025-12-27 11:36:05,960 [INFO] SoftwarePacks:127 - Download is needed for SW pack 'X-CUBE-AZRTOS-H7_V3.4.0'
2025-12-27 11:36:05,961 [INFO] SoftwarePacks:127 - Download is needed for SW pack 'X-CUBE-AZRTOS-L4_V2.0.0'
2025-12-27 11:36:05,962 [INFO] SoftwarePacks:127 - Download is needed for SW pack 'X-CUBE-AZRTOS-L5_V2.0.0'
2025-12-27 11:36:05,964 [INFO] SoftwarePacks:127 - Download is needed for SW pack 'X-CUBE-AZRTOS-WB_V2.0.0'
2025-12-27 11:36:05,965 [INFO] SoftwarePacks:127 - Download is needed for SW pack 'X-CUBE-AZRTOS-WL_V2.0.0'
2025-12-27 11:36:05,967 [INFO] SoftwarePacks:127 - Download is needed for SW pack 'X-CUBE-BLE1_V7.1.0'
2025-12-27 11:36:05,968 [INFO] SoftwarePacks:127 - Download is needed for SW pack 'X-CUBE-BLE2_V3.3.0'
2025-12-27 11:36:05,969 [INFO] SoftwarePacks:127 - Download is needed for SW pack 'X-CUBE-BLEMGR_V4.1.0'
2025-12-27 11:36:05,970 [INFO] SoftwarePacks:127 - Download is needed for SW pack 'X-CUBE-EEPRMA1_V5.2.0'
2025-12-27 11:36:05,972 [INFO] SoftwarePacks:127 - Download is needed for SW pack 'X-CUBE-FREERTOS_V1.3.1'
2025-12-27 11:36:05,973 [INFO] SoftwarePacks:127 - Download is needed for SW pack 'X-CUBE-GNSS1_V6.0.0'
2025-12-27 11:36:05,975 [INFO] SoftwarePacks:127 - Download is needed for SW pack 'X-CUBE-MEMS1_V11.3.0'
2025-12-27 11:36:05,978 [INFO] SoftwarePacks:127 - Download is needed for SW pack 'X-CUBE-NFC4_V3.0.0'
2025-12-27 11:36:05,979 [INFO] SoftwarePacks:127 - Download is needed for SW pack 'X-CUBE-NFC7_V2.0.0'
2025-12-27 11:36:05,981 [INFO] SoftwarePacks:127 - Download is needed for SW pack 'X-CUBE-SFXS2LP1_V4.0.0'
2025-12-27 11:36:05,982 [INFO] SoftwarePacks:127 - Download is needed for SW pack 'X-CUBE-ST67W61_V1.1.0'
2025-12-27 11:36:05,983 [INFO] SoftwarePacks:127 - Download is needed for SW pack 'X-CUBE-SUBG2_V5.0.0'
2025-12-27 11:36:05,985 [INFO] SoftwarePacks:127 - Download is needed for SW pack 'X-CUBE-TOF1_V3.4.3'
2025-12-27 11:36:07,469 [INFO] LoadUrlFilesThread:185 - End of LoadServerUrlFiles without Thread
2025-12-27 11:36:07,469 [INFO] DetailPanel:341 - Set advertising image to C:/Users/jaowe/STM32Cube/Repository/\en.prom-st67w-expansion-board.png
2025-12-27 11:36:07,486 [ERROR] AppliInfo:139 - Unknown STM32CubeMX version: 6.15.0
2025-12-27 11:36:07,486 [ERROR] AppliInfo:139 - Unknown STM32CubeMX version: 6.15.0
2025-12-27 11:36:07,486 [ERROR] AppliInfo:139 - Unknown STM32CubeMX version: 6.15.0
2025-12-27 11:36:07,487 [ERROR] AppliInfo:139 - Unknown STM32CubeMX version: 6.15.0
2025-12-27 11:36:07,487 [ERROR] AppliInfo:139 - Unknown STM32CubeMX version: 6.15.0
2025-12-27 11:36:07,487 [ERROR] AppliInfo:139 - Unknown STM32CubeMX version: 6.15.0
2025-12-27 11:36:07,492 [ERROR] AppliInfo:139 - Unknown STM32CubeMX version: 6.14.1
2025-12-27 11:36:07,493 [ERROR] AppliInfo:139 - Unknown STM32CubeMX version: 6.14.1
2025-12-27 11:36:07,493 [ERROR] AppliInfo:139 - Unknown STM32CubeMX version: 6.14.1
2025-12-27 11:36:07,494 [ERROR] AppliInfo:139 - Unknown STM32CubeMX version: 6.14.1
2025-12-27 11:36:07,494 [ERROR] AppliInfo:139 - Unknown STM32CubeMX version: 6.14.1
2025-12-27 11:36:07,494 [ERROR] AppliInfo:139 - Unknown STM32CubeMX version: 6.14.1
2025-12-27 11:36:07,495 [ERROR] AppliInfo:139 - Unknown STM32CubeMX version: 6.14.1
2025-12-27 11:36:07,495 [ERROR] AppliInfo:139 - Unknown STM32CubeMX version: 6.14.1
2025-12-27 11:36:07,496 [ERROR] AppliInfo:139 - Unknown STM32CubeMX version: 6.14.1
2025-12-27 11:36:07,496 [ERROR] AppliInfo:139 - Unknown STM32CubeMX version: 6.14.1
2025-12-27 11:36:07,497 [ERROR] AppliInfo:139 - Unknown STM32CubeMX version: 6.14.1
2025-12-27 11:36:07,497 [ERROR] AppliInfo:139 - Unknown STM32CubeMX version: 6.14.1
2025-12-27 11:36:07,498 [ERROR] AppliInfo:139 - Unknown STM32CubeMX version: 6.14.1
2025-12-27 11:36:07,498 [ERROR] AppliInfo:139 - Unknown STM32CubeMX version: 6.14.1
2025-12-27 11:36:08,002 [ERROR] AppliInfo:139 - Unknown STM32CubeMX version: 6.16.0
2025-12-27 11:36:08,002 [ERROR] AppliInfo:139 - Unknown STM32CubeMX version: 6.16.0
2025-12-27 11:36:08,002 [ERROR] AppliInfo:139 - Unknown STM32CubeMX version: 6.16.0
2025-12-27 11:36:08,003 [ERROR] AppliInfo:139 - Unknown STM32CubeMX version: 6.16.0
2025-12-27 11:36:08,003 [ERROR] AppliInfo:139 - Unknown STM32CubeMX version: 6.16.0
2025-12-27 11:36:08,004 [ERROR] AppliInfo:139 - Unknown STM32CubeMX version: 6.15.0
2025-12-27 11:36:08,004 [ERROR] AppliInfo:139 - Unknown STM32CubeMX version: 6.15.0
2025-12-27 11:36:08,004 [ERROR] AppliInfo:139 - Unknown STM32CubeMX version: 6.15.0
2025-12-27 11:36:08,005 [ERROR] AppliInfo:139 - Unknown STM32CubeMX version: 6.15.0
2025-12-27 11:36:08,005 [ERROR] AppliInfo:139 - Unknown STM32CubeMX version: 6.15.0
2025-12-27 11:36:08,005 [ERROR] AppliInfo:139 - Unknown STM32CubeMX version: 6.15.0
2025-12-27 11:36:08,005 [ERROR] AppliInfo:139 - Unknown STM32CubeMX version: 6.15.0
2025-12-27 11:36:08,011 [ERROR] AppliInfo:139 - Unknown STM32CubeMX version: 6.15.0
2025-12-27 11:36:08,015 [ERROR] AppliInfo:139 - Unknown STM32CubeMX version: 6.16.0
2025-12-27 11:36:08,015 [ERROR] AppliInfo:139 - Unknown STM32CubeMX version: 6.16.0
2025-12-27 11:36:08,015 [ERROR] AppliInfo:139 - Unknown STM32CubeMX version: 6.16.0
2025-12-27 11:36:08,016 [ERROR] AppliInfo:139 - Unknown STM32CubeMX version: 6.16.0
2025-12-27 11:36:08,143 [ERROR] AppliInfo:139 - Unknown STM32CubeMX version: 6.16.0
2025-12-27 11:36:08,144 [ERROR] AppliInfo:139 - Unknown STM32CubeMX version: 6.16.0
2025-12-27 11:36:08,166 [ERROR] AppliInfo:139 - Unknown STM32CubeMX version: 6.16.0
2025-12-27 11:36:08,167 [ERROR] AppliInfo:139 - Unknown STM32CubeMX version: 6.16.0
2025-12-27 11:36:08,167 [ERROR] AppliInfo:139 - Unknown STM32CubeMX version: 6.16.0
2025-12-27 11:36:08,168 [ERROR] AppliInfo:139 - Unknown STM32CubeMX version: 6.16.0
2025-12-27 11:36:08,168 [ERROR] AppliInfo:139 - Unknown STM32CubeMX version: 6.16.0
2025-12-27 11:36:08,168 [ERROR] AppliInfo:139 - Unknown STM32CubeMX version: 6.16.0
2025-12-27 11:36:08,168 [ERROR] AppliInfo:139 - Unknown STM32CubeMX version: 6.16.0
2025-12-27 11:36:08,168 [ERROR] AppliInfo:139 - Unknown STM32CubeMX version: 6.16.0
2025-12-27 11:36:08,168 [ERROR] AppliInfo:139 - Unknown STM32CubeMX version: 6.16.0
2025-12-27 11:36:08,168 [ERROR] AppliInfo:139 - Unknown STM32CubeMX version: 6.16.0
2025-12-27 11:36:08,168 [ERROR] AppliInfo:139 - Unknown STM32CubeMX version: 6.16.0
2025-12-27 11:36:08,169 [ERROR] AppliInfo:139 - Unknown STM32CubeMX version: 6.15.0
2025-12-27 11:36:08,169 [ERROR] AppliInfo:139 - Unknown STM32CubeMX version: 6.16.0
2025-12-27 11:36:08,169 [ERROR] AppliInfo:139 - Unknown STM32CubeMX version: 6.15.0
2025-12-27 11:36:08,170 [ERROR] AppliInfo:139 - Unknown STM32CubeMX version: 6.16.0
2025-12-27 11:36:08,170 [ERROR] AppliInfo:139 - Unknown STM32CubeMX version: 6.16.0
2025-12-27 11:36:08,170 [ERROR] AppliInfo:139 - Unknown STM32CubeMX version: 6.15.0
2025-12-27 11:36:08,170 [ERROR] AppliInfo:139 - Unknown STM32CubeMX version: 6.15.0
2025-12-27 11:36:08,170 [ERROR] AppliInfo:139 - Unknown STM32CubeMX version: 6.16.0
2025-12-27 11:36:08,171 [ERROR] AppliInfo:139 - Unknown STM32CubeMX version: 6.16.0
2025-12-27 11:36:08,171 [ERROR] AppliInfo:139 - Unknown STM32CubeMX version: 6.16.0
2025-12-27 11:36:08,171 [ERROR] AppliInfo:139 - Unknown STM32CubeMX version: 6.16.0
2025-12-27 11:36:08,171 [ERROR] AppliInfo:139 - Unknown STM32CubeMX version: 6.15.0
2025-12-27 11:36:08,171 [ERROR] AppliInfo:139 - Unknown STM32CubeMX version: 6.15.0
2025-12-27 11:36:08,172 [ERROR] AppliInfo:139 - Unknown STM32CubeMX version: 6.15.0
2025-12-27 11:36:08,172 [ERROR] AppliInfo:139 - Unknown STM32CubeMX version: 6.15.0
2025-12-27 11:36:08,173 [ERROR] AppliInfo:139 - Unknown STM32CubeMX version: 6.15.0
2025-12-27 11:36:08,173 [ERROR] AppliInfo:139 - Unknown STM32CubeMX version: 6.15.0
2025-12-27 11:36:08,173 [ERROR] AppliInfo:139 - Unknown STM32CubeMX version: 6.16.0
2025-12-27 11:36:08,173 [ERROR] AppliInfo:139 - Unknown STM32CubeMX version: 6.16.0
2025-12-27 11:36:08,174 [ERROR] AppliInfo:139 - Unknown STM32CubeMX version: 6.16.0
2025-12-27 11:36:08,174 [ERROR] AppliInfo:139 - Unknown STM32CubeMX version: 6.16.0
2025-12-27 11:36:08,175 [ERROR] AppliInfo:139 - Unknown STM32CubeMX version: 6.16.0
2025-12-27 11:36:08,175 [ERROR] AppliInfo:139 - Unknown STM32CubeMX version: 6.16.0
2025-12-27 11:36:08,176 [ERROR] AppliInfo:139 - Unknown STM32CubeMX version: 6.16.0
2025-12-27 11:36:08,176 [ERROR] AppliInfo:139 - Unknown STM32CubeMX version: 6.16.0
2025-12-27 11:36:08,177 [ERROR] AppliInfo:139 - Unknown STM32CubeMX version: 6.15.0
2025-12-27 11:36:08,177 [ERROR] AppliInfo:139 - Unknown STM32CubeMX version: 6.15.0
2025-12-27 11:36:08,177 [ERROR] AppliInfo:139 - Unknown STM32CubeMX version: 6.16.0
2025-12-27 11:36:08,177 [ERROR] AppliInfo:139 - Unknown STM32CubeMX version: 6.16.0
2025-12-27 11:36:08,177 [ERROR] AppliInfo:139 - Unknown STM32CubeMX version: 6.16.0
2025-12-27 11:36:08,178 [ERROR] AppliInfo:139 - Unknown STM32CubeMX version: 6.15.0
2025-12-27 11:36:08,178 [ERROR] AppliInfo:139 - Unknown STM32CubeMX version: 6.15.0
2025-12-27 11:36:08,178 [ERROR] AppliInfo:139 - Unknown STM32CubeMX version: 6.15.0
2025-12-27 11:36:08,178 [ERROR] AppliInfo:139 - Unknown STM32CubeMX version: 6.16.0
2025-12-27 11:36:08,178 [ERROR] AppliInfo:139 - Unknown STM32CubeMX version: 6.16.0
2025-12-27 11:36:08,179 [ERROR] AppliInfo:139 - Unknown STM32CubeMX version: 6.16.0
2025-12-27 11:36:08,179 [ERROR] AppliInfo:139 - Unknown STM32CubeMX version: 6.16.0
2025-12-27 11:36:08,179 [ERROR] AppliInfo:139 - Unknown STM32CubeMX version: 6.16.0
2025-12-27 11:36:08,180 [ERROR] AppliInfo:139 - Unknown STM32CubeMX version: 6.16.0
2025-12-27 11:36:08,180 [ERROR] AppliInfo:139 - Unknown STM32CubeMX version: 6.16.0
2025-12-27 11:36:08,181 [ERROR] AppliInfo:139 - Unknown STM32CubeMX version: 6.16.0
2025-12-27 11:36:08,181 [ERROR] AppliInfo:139 - Unknown STM32CubeMX version: 6.16.0
2025-12-27 11:36:08,181 [ERROR] AppliInfo:139 - Unknown STM32CubeMX version: 6.16.0
2025-12-27 11:36:08,241 [ERROR] AppliInfo:139 - Unknown STM32CubeMX version: 6.15.0
2025-12-27 11:36:08,242 [ERROR] AppliInfo:139 - Unknown STM32CubeMX version: 6.15.0
2025-12-27 11:36:08,258 [ERROR] AppliInfo:139 - Unknown STM32CubeMX version: 6.15.0
2025-12-27 11:36:08,259 [ERROR] AppliInfo:139 - Unknown STM32CubeMX version: 6.15.0
2025-12-27 11:36:08,263 [ERROR] AppliInfo:139 - Unknown STM32CubeMX version: 6.15.0
2025-12-27 11:36:08,263 [ERROR] AppliInfo:139 - Unknown STM32CubeMX version: 6.15.0
2025-12-27 11:36:08,263 [ERROR] AppliInfo:139 - Unknown STM32CubeMX version: 6.15.0
2025-12-27 11:36:08,270 [ERROR] AppliInfo:139 - Unknown STM32CubeMX version: 6.15.0
2025-12-27 11:36:08,270 [ERROR] AppliInfo:139 - Unknown STM32CubeMX version: 6.15.0
2025-12-27 11:36:08,272 [ERROR] AppliInfo:139 - Unknown STM32CubeMX version: 6.16.0
2025-12-27 11:36:08,293 [ERROR] AppliInfo:139 - Unknown STM32CubeMX version: 6.16.0
2025-12-27 11:36:08,293 [ERROR] AppliInfo:139 - Unknown STM32CubeMX version: 6.16.0
2025-12-27 11:36:08,293 [ERROR] AppliInfo:139 - Unknown STM32CubeMX version: 6.16.0
2025-12-27 11:36:08,293 [ERROR] AppliInfo:139 - Unknown STM32CubeMX version: 6.16.0
2025-12-27 11:36:08,293 [ERROR] AppliInfo:139 - Unknown STM32CubeMX version: 6.16.0
2025-12-27 11:36:08,293 [ERROR] AppliInfo:139 - Unknown STM32CubeMX version: 6.16.0
2025-12-27 11:36:08,318 [ERROR] AppliInfo:139 - Unknown STM32CubeMX version: 6.12.1
2025-12-27 11:36:08,318 [ERROR] AppliInfo:139 - Unknown STM32CubeMX version: 6.16.0
2025-12-27 11:36:08,318 [ERROR] AppliInfo:139 - Unknown STM32CubeMX version: 6.16.0
2025-12-27 11:36:08,319 [ERROR] AppliInfo:139 - Unknown STM32CubeMX version: 6.16.0
2025-12-27 11:36:08,319 [ERROR] AppliInfo:139 - Unknown STM32CubeMX version: 6.16.0
2025-12-27 11:36:08,319 [ERROR] AppliInfo:139 - Unknown STM32CubeMX version: 6.16.0
2025-12-27 11:36:08,319 [ERROR] AppliInfo:139 - Unknown STM32CubeMX version: 6.16.0
2025-12-27 11:36:08,319 [ERROR] AppliInfo:139 - Unknown STM32CubeMX version: 6.16.0
2025-12-27 11:36:08,319 [ERROR] AppliInfo:139 - Unknown STM32CubeMX version: 6.16.0
2025-12-27 11:36:08,319 [ERROR] AppliInfo:139 - Unknown STM32CubeMX version: 6.16.0
2025-12-27 11:36:08,319 [ERROR] AppliInfo:139 - Unknown STM32CubeMX version: 6.16.0
2025-12-27 11:36:08,319 [ERROR] AppliInfo:139 - Unknown STM32CubeMX version: 6.16.0
2025-12-27 11:36:08,320 [ERROR] AppliInfo:139 - Unknown STM32CubeMX version: 6.16.0
2025-12-27 11:36:08,320 [ERROR] AppliInfo:139 - Unknown STM32CubeMX version: 6.16.0
2025-12-27 11:36:08,320 [ERROR] AppliInfo:139 - Unknown STM32CubeMX version: 6.16.0
2025-12-27 11:36:08,320 [ERROR] AppliInfo:139 - Unknown STM32CubeMX version: 6.16.0
2025-12-27 11:36:08,320 [ERROR] AppliInfo:139 - Unknown STM32CubeMX version: 6.16.0
2025-12-27 11:36:08,320 [ERROR] AppliInfo:139 - Unknown STM32CubeMX version: 6.16.0
2025-12-27 11:36:08,320 [ERROR] AppliInfo:139 - Unknown STM32CubeMX version: 6.16.0
2025-12-27 11:36:08,320 [ERROR] AppliInfo:139 - Unknown STM32CubeMX version: 6.16.0
2025-12-27 11:36:08,321 [ERROR] AppliInfo:139 - Unknown STM32CubeMX version: 6.16.0
2025-12-27 11:36:08,321 [ERROR] AppliInfo:139 - Unknown STM32CubeMX version: 6.16.0
2025-12-27 11:36:08,325 [ERROR] AppliInfo:139 - Unknown STM32CubeMX version: 6.16.0
2025-12-27 11:36:08,325 [ERROR] AppliInfo:139 - Unknown STM32CubeMX version: 6.16.0
2025-12-27 11:36:08,325 [ERROR] AppliInfo:139 - Unknown STM32CubeMX version: 6.16.0
2025-12-27 11:36:08,326 [ERROR] AppliInfo:139 - Unknown STM32CubeMX version: 6.16.0
2025-12-27 11:36:08,326 [ERROR] AppliInfo:139 - Unknown STM32CubeMX version: 6.16.0
2025-12-27 11:36:08,326 [ERROR] AppliInfo:139 - Unknown STM32CubeMX version: 6.16.0
2025-12-27 11:36:08,326 [ERROR] AppliInfo:139 - Unknown STM32CubeMX version: 6.16.0
2025-12-27 11:36:08,326 [ERROR] AppliInfo:139 - Unknown STM32CubeMX version: 6.16.0
2025-12-27 11:36:08,326 [ERROR] AppliInfo:139 - Unknown STM32CubeMX version: 6.16.0
2025-12-27 11:36:08,326 [ERROR] AppliInfo:139 - Unknown STM32CubeMX version: 6.16.0
2025-12-27 11:36:08,326 [ERROR] AppliInfo:139 - Unknown STM32CubeMX version: 6.16.0
2025-12-27 11:36:08,326 [ERROR] AppliInfo:139 - Unknown STM32CubeMX version: 6.16.0
2025-12-27 11:36:08,327 [ERROR] AppliInfo:139 - Unknown STM32CubeMX version: 6.16.0
2025-12-27 11:36:08,327 [ERROR] AppliInfo:139 - Unknown STM32CubeMX version: 6.16.0
2025-12-27 11:36:08,327 [ERROR] AppliInfo:139 - Unknown STM32CubeMX version: 6.16.0
2025-12-27 11:36:08,327 [ERROR] AppliInfo:139 - Unknown STM32CubeMX version: 6.16.0
2025-12-27 11:36:08,327 [ERROR] AppliInfo:139 - Unknown STM32CubeMX version: 6.16.0
2025-12-27 11:36:08,327 [ERROR] AppliInfo:139 - Unknown STM32CubeMX version: 6.16.0
2025-12-27 11:36:08,327 [ERROR] AppliInfo:139 - Unknown STM32CubeMX version: 6.16.0
2025-12-27 11:36:08,327 [ERROR] AppliInfo:139 - Unknown STM32CubeMX version: 6.16.0
2025-12-27 11:36:08,327 [ERROR] AppliInfo:139 - Unknown STM32CubeMX version: 6.16.0
2025-12-27 11:36:08,331 [ERROR] AppliInfo:139 - Unknown STM32CubeMX version: 6.16.0
2025-12-27 11:36:08,331 [ERROR] AppliInfo:139 - Unknown STM32CubeMX version: 6.16.0
2025-12-27 11:36:08,332 [ERROR] AppliInfo:139 - Unknown STM32CubeMX version: 6.16.0
2025-12-27 11:36:08,332 [ERROR] AppliInfo:139 - Unknown STM32CubeMX version: 6.16.0
2025-12-27 11:36:08,332 [ERROR] AppliInfo:139 - Unknown STM32CubeMX version: 6.16.0
2025-12-27 11:36:08,332 [ERROR] AppliInfo:139 - Unknown STM32CubeMX version: 6.16.0
2025-12-27 11:36:08,332 [ERROR] AppliInfo:139 - Unknown STM32CubeMX version: 6.16.0
2025-12-27 11:36:08,332 [ERROR] AppliInfo:139 - Unknown STM32CubeMX version: 6.16.0
2025-12-27 11:36:08,332 [ERROR] AppliInfo:139 - Unknown STM32CubeMX version: 6.16.0
2025-12-27 11:36:08,332 [ERROR] AppliInfo:139 - Unknown STM32CubeMX version: 6.16.0
2025-12-27 11:36:08,332 [ERROR] AppliInfo:139 - Unknown STM32CubeMX version: 6.16.0
2025-12-27 11:36:08,332 [ERROR] AppliInfo:139 - Unknown STM32CubeMX version: 6.16.0
2025-12-27 11:36:08,333 [ERROR] AppliInfo:139 - Unknown STM32CubeMX version: 6.16.0
2025-12-27 11:36:08,333 [ERROR] AppliInfo:139 - Unknown STM32CubeMX version: 6.16.0
2025-12-27 11:36:08,333 [ERROR] AppliInfo:139 - Unknown STM32CubeMX version: 6.16.0
2025-12-27 11:36:08,333 [ERROR] AppliInfo:139 - Unknown STM32CubeMX version: 6.16.0
2025-12-27 11:36:08,333 [ERROR] AppliInfo:139 - Unknown STM32CubeMX version: 6.16.0
2025-12-27 11:36:08,333 [ERROR] AppliInfo:139 - Unknown STM32CubeMX version: 6.16.0
2025-12-27 11:36:08,333 [ERROR] AppliInfo:139 - Unknown STM32CubeMX version: 6.16.0
2025-12-27 11:36:08,333 [ERROR] AppliInfo:139 - Unknown STM32CubeMX version: 6.16.0
2025-12-27 11:36:08,333 [ERROR] AppliInfo:139 - Unknown STM32CubeMX version: 6.16.0
2025-12-27 11:36:08,340 [ERROR] AppliInfo:139 - Unknown STM32CubeMX version: 6.16.0
2025-12-27 11:36:08,340 [ERROR] AppliInfo:139 - Unknown STM32CubeMX version: 6.16.0
2025-12-27 11:36:08,340 [ERROR] AppliInfo:139 - Unknown STM32CubeMX version: 6.16.0
2025-12-27 11:36:08,340 [ERROR] AppliInfo:139 - Unknown STM32CubeMX version: 6.16.0
2025-12-27 11:36:08,340 [ERROR] AppliInfo:139 - Unknown STM32CubeMX version: 6.16.0
2025-12-27 11:36:08,340 [ERROR] AppliInfo:139 - Unknown STM32CubeMX version: 6.16.0
2025-12-27 11:36:08,340 [ERROR] AppliInfo:139 - Unknown STM32CubeMX version: 6.16.0
2025-12-27 11:36:08,341 [ERROR] AppliInfo:139 - Unknown STM32CubeMX version: 6.16.0
2025-12-27 11:36:08,341 [ERROR] AppliInfo:139 - Unknown STM32CubeMX version: 6.16.0
2025-12-27 11:36:08,342 [ERROR] AppliInfo:139 - Unknown STM32CubeMX version: 6.16.0
2025-12-27 11:36:08,342 [ERROR] AppliInfo:139 - Unknown STM32CubeMX version: 6.16.0
2025-12-27 11:36:08,342 [ERROR] AppliInfo:139 - Unknown STM32CubeMX version: 6.16.0
2025-12-27 11:36:08,342 [ERROR] AppliInfo:139 - Unknown STM32CubeMX version: 6.16.0
2025-12-27 11:36:08,342 [ERROR] AppliInfo:139 - Unknown STM32CubeMX version: 6.16.0
2025-12-27 11:36:08,342 [ERROR] AppliInfo:139 - Unknown STM32CubeMX version: 6.16.0
2025-12-27 11:36:08,344 [ERROR] AppliInfo:139 - Unknown STM32CubeMX version: 6.16.0
2025-12-27 11:36:08,344 [ERROR] AppliInfo:139 - Unknown STM32CubeMX version: 6.16.0
2025-12-27 11:36:08,344 [ERROR] AppliInfo:139 - Unknown STM32CubeMX version: 6.16.0
2025-12-27 11:36:08,344 [ERROR] AppliInfo:139 - Unknown STM32CubeMX version: 6.16.0
2025-12-27 11:36:08,344 [ERROR] AppliInfo:139 - Unknown STM32CubeMX version: 6.16.0
2025-12-27 11:36:08,344 [ERROR] AppliInfo:139 - Unknown STM32CubeMX version: 6.16.0
2025-12-27 11:36:08,345 [ERROR] AppliInfo:139 - Unknown STM32CubeMX version: 6.16.0
2025-12-27 11:36:08,345 [ERROR] AppliInfo:139 - Unknown STM32CubeMX version: 6.16.0
2025-12-27 11:36:08,346 [ERROR] AppliInfo:139 - Unknown STM32CubeMX version: 6.16.0
2025-12-27 11:36:08,346 [ERROR] AppliInfo:139 - Unknown STM32CubeMX version: 6.16.0
2025-12-27 11:36:08,347 [ERROR] AppliInfo:139 - Unknown STM32CubeMX version: 6.16.0
2025-12-27 11:36:08,347 [ERROR] AppliInfo:139 - Unknown STM32CubeMX version: 6.16.0
2025-12-27 11:36:08,347 [ERROR] AppliInfo:139 - Unknown STM32CubeMX version: 6.16.0
2025-12-27 11:36:08,347 [ERROR] AppliInfo:139 - Unknown STM32CubeMX version: 6.16.0
2025-12-27 11:36:08,347 [ERROR] AppliInfo:139 - Unknown STM32CubeMX version: 6.16.0
2025-12-27 11:36:08,348 [ERROR] AppliInfo:139 - Unknown STM32CubeMX version: 6.16.0
2025-12-27 11:36:08,348 [ERROR] AppliInfo:139 - Unknown STM32CubeMX version: 6.16.0
2025-12-27 11:36:08,348 [ERROR] AppliInfo:139 - Unknown STM32CubeMX version: 6.16.0
2025-12-27 11:36:08,348 [ERROR] AppliInfo:139 - Unknown STM32CubeMX version: 6.16.0
2025-12-27 11:36:08,348 [ERROR] AppliInfo:139 - Unknown STM32CubeMX version: 6.16.0
2025-12-27 11:36:08,349 [ERROR] AppliInfo:139 - Unknown STM32CubeMX version: 6.16.0
2025-12-27 11:36:08,349 [ERROR] AppliInfo:139 - Unknown STM32CubeMX version: 6.16.0
2025-12-27 11:36:08,349 [ERROR] AppliInfo:139 - Unknown STM32CubeMX version: 6.16.0
2025-12-27 11:36:08,350 [ERROR] AppliInfo:139 - Unknown STM32CubeMX version: 6.16.0
2025-12-27 11:36:08,350 [ERROR] AppliInfo:139 - Unknown STM32CubeMX version: 6.16.0
2025-12-27 11:36:08,350 [ERROR] AppliInfo:139 - Unknown STM32CubeMX version: 6.16.0
2025-12-27 11:36:08,350 [ERROR] AppliInfo:139 - Unknown STM32CubeMX version: 6.16.0
2025-12-27 11:36:08,350 [ERROR] AppliInfo:139 - Unknown STM32CubeMX version: 6.16.0
2025-12-27 11:36:08,351 [ERROR] AppliInfo:139 - Unknown STM32CubeMX version: 6.16.0
2025-12-27 11:36:08,360 [ERROR] AppliInfo:139 - Unknown STM32CubeMX version: 6.16.0
2025-12-27 11:36:08,360 [ERROR] AppliInfo:139 - Unknown STM32CubeMX version: 6.16.0
2025-12-27 11:36:08,360 [ERROR] AppliInfo:139 - Unknown STM32CubeMX version: 6.16.0
2025-12-27 11:36:08,362 [ERROR] AppliInfo:139 - Unknown STM32CubeMX version: 6.15.0
2025-12-27 11:36:08,362 [ERROR] AppliInfo:139 - Unknown STM32CubeMX version: 6.16.0
2025-12-27 11:36:08,362 [ERROR] AppliInfo:139 - Unknown STM32CubeMX version: 6.16.0
2025-12-27 11:36:08,362 [ERROR] AppliInfo:139 - Unknown STM32CubeMX version: 6.16.0
2025-12-27 11:36:08,362 [ERROR] AppliInfo:139 - Unknown STM32CubeMX version: 6.16.0
2025-12-27 11:36:08,362 [ERROR] AppliInfo:139 - Unknown STM32CubeMX version: 6.16.0
2025-12-27 11:36:08,362 [ERROR] AppliInfo:139 - Unknown STM32CubeMX version: 6.16.0
2025-12-27 11:36:08,363 [ERROR] AppliInfo:139 - Unknown STM32CubeMX version: 6.16.0
2025-12-27 11:36:08,363 [ERROR] AppliInfo:139 - Unknown STM32CubeMX version: 6.16.0
2025-12-27 11:36:08,363 [ERROR] AppliInfo:139 - Unknown STM32CubeMX version: 6.16.0
2025-12-27 11:36:08,363 [ERROR] AppliInfo:139 - Unknown STM32CubeMX version: 6.15.0
2025-12-27 11:36:08,363 [ERROR] AppliInfo:139 - Unknown STM32CubeMX version: 6.16.0
2025-12-27 11:36:08,363 [ERROR] AppliInfo:139 - Unknown STM32CubeMX version: 6.16.0
2025-12-27 11:36:08,364 [ERROR] AppliInfo:139 - Unknown STM32CubeMX version: 6.15.0
2025-12-27 11:36:08,364 [ERROR] AppliInfo:139 - Unknown STM32CubeMX version: 6.16.0
2025-12-27 11:36:08,364 [ERROR] AppliInfo:139 - Unknown STM32CubeMX version: 6.16.0
2025-12-27 11:36:08,364 [ERROR] AppliInfo:139 - Unknown STM32CubeMX version: 6.15.0
2025-12-27 11:36:08,364 [ERROR] AppliInfo:139 - Unknown STM32CubeMX version: 6.15.0
2025-12-27 11:36:08,364 [ERROR] AppliInfo:139 - Unknown STM32CubeMX version: 6.16.0
2025-12-27 11:36:08,364 [ERROR] AppliInfo:139 - Unknown STM32CubeMX version: 6.16.0
2025-12-27 11:36:08,365 [ERROR] AppliInfo:139 - Unknown STM32CubeMX version: 6.16.0
2025-12-27 11:36:08,365 [ERROR] AppliInfo:139 - Unknown STM32CubeMX version: 6.16.0
2025-12-27 11:36:08,365 [ERROR] AppliInfo:139 - Unknown STM32CubeMX version: 6.16.0
2025-12-27 11:36:08,365 [ERROR] AppliInfo:139 - Unknown STM32CubeMX version: 6.16.0
2025-12-27 11:36:08,371 [ERROR] AppliInfo:139 - Unknown STM32CubeMX version: 6.16.0
2025-12-27 11:36:08,373 [ERROR] AppliInfo:139 - Unknown STM32CubeMX version: 6.16.0
2025-12-27 11:36:08,382 [ERROR] AppliInfo:139 - Unknown STM32CubeMX version: 6.16.0
2025-12-27 11:36:08,382 [ERROR] AppliInfo:139 - Unknown STM32CubeMX version: 6.16.0
2025-12-27 11:36:08,383 [ERROR] AppliInfo:139 - Unknown STM32CubeMX version: 6.16.0
2025-12-27 11:36:08,383 [ERROR] AppliInfo:139 - Unknown STM32CubeMX version: 6.16.0
2025-12-27 11:36:08,383 [ERROR] AppliInfo:139 - Unknown STM32CubeMX version: 6.16.0
2025-12-27 11:36:08,383 [ERROR] AppliInfo:139 - Unknown STM32CubeMX version: 6.16.0
2025-12-27 11:36:08,383 [ERROR] AppliInfo:139 - Unknown STM32CubeMX version: 6.16.0
2025-12-27 11:36:08,383 [ERROR] AppliInfo:139 - Unknown STM32CubeMX version: 6.16.0
2025-12-27 11:36:08,383 [ERROR] AppliInfo:139 - Unknown STM32CubeMX version: 6.16.0
2025-12-27 11:36:08,384 [ERROR] AppliInfo:139 - Unknown STM32CubeMX version: 6.16.0
2025-12-27 11:36:08,384 [ERROR] AppliInfo:139 - Unknown STM32CubeMX version: 6.15.0
2025-12-27 11:36:08,385 [ERROR] AppliInfo:139 - Unknown STM32CubeMX version: 6.15.0
2025-12-27 11:36:08,385 [ERROR] AppliInfo:139 - Unknown STM32CubeMX version: 6.15.0
2025-12-27 11:36:08,385 [ERROR] AppliInfo:139 - Unknown STM32CubeMX version: 6.15.0
2025-12-27 11:36:08,385 [ERROR] AppliInfo:139 - Unknown STM32CubeMX version: 6.15.0
2025-12-27 11:36:08,385 [ERROR] AppliInfo:139 - Unknown STM32CubeMX version: 6.16.0
2025-12-27 11:36:08,385 [ERROR] AppliInfo:139 - Unknown STM32CubeMX version: 6.16.0
2025-12-27 11:36:08,385 [ERROR] AppliInfo:139 - Unknown STM32CubeMX version: 6.16.0
2025-12-27 11:36:08,385 [ERROR] AppliInfo:139 - Unknown STM32CubeMX version: 6.16.0
2025-12-27 11:36:08,385 [ERROR] AppliInfo:139 - Unknown STM32CubeMX version: 6.16.0
2025-12-27 11:36:08,385 [ERROR] AppliInfo:139 - Unknown STM32CubeMX version: 6.16.0
2025-12-27 11:36:08,385 [ERROR] AppliInfo:139 - Unknown STM32CubeMX version: 6.16.0
2025-12-27 11:36:08,386 [ERROR] AppliInfo:139 - Unknown STM32CubeMX version: 6.16.0
2025-12-27 11:36:08,386 [ERROR] AppliInfo:139 - Unknown STM32CubeMX version: 6.16.0
2025-12-27 11:36:08,386 [ERROR] AppliInfo:139 - Unknown STM32CubeMX version: 6.16.0
2025-12-27 11:36:08,386 [ERROR] AppliInfo:139 - Unknown STM32CubeMX version: 6.16.0
2025-12-27 11:36:08,386 [ERROR] AppliInfo:139 - Unknown STM32CubeMX version: 6.16.0
2025-12-27 11:36:08,386 [ERROR] AppliInfo:139 - Unknown STM32CubeMX version: 6.16.0
2025-12-27 11:36:08,386 [ERROR] AppliInfo:139 - Unknown STM32CubeMX version: 6.16.0
2025-12-27 11:36:08,386 [ERROR] AppliInfo:139 - Unknown STM32CubeMX version: 6.16.0
2025-12-27 11:36:08,386 [ERROR] AppliInfo:139 - Unknown STM32CubeMX version: 6.16.0
2025-12-27 11:36:08,387 [ERROR] AppliInfo:139 - Unknown STM32CubeMX version: 6.16.0
2025-12-27 11:36:08,387 [ERROR] AppliInfo:139 - Unknown STM32CubeMX version: 6.16.0
2025-12-27 11:36:08,387 [ERROR] AppliInfo:139 - Unknown STM32CubeMX version: 6.16.0
2025-12-27 11:36:08,387 [ERROR] AppliInfo:139 - Unknown STM32CubeMX version: 6.16.0
2025-12-27 11:36:08,387 [ERROR] AppliInfo:139 - Unknown STM32CubeMX version: 6.16.0
2025-12-27 11:36:08,387 [ERROR] AppliInfo:139 - Unknown STM32CubeMX version: 6.16.0
2025-12-27 11:36:08,387 [ERROR] AppliInfo:139 - Unknown STM32CubeMX version: 6.16.0
2025-12-27 11:36:08,387 [ERROR] AppliInfo:139 - Unknown STM32CubeMX version: 6.16.0
2025-12-27 11:36:08,387 [ERROR] AppliInfo:139 - Unknown STM32CubeMX version: 6.16.0
2025-12-27 11:36:08,388 [ERROR] AppliInfo:139 - Unknown STM32CubeMX version: 6.16.0
2025-12-27 11:36:08,388 [ERROR] AppliInfo:139 - Unknown STM32CubeMX version: 6.16.0
2025-12-27 11:36:08,388 [ERROR] AppliInfo:139 - Unknown STM32CubeMX version: 6.16.0
2025-12-27 11:36:08,388 [ERROR] AppliInfo:139 - Unknown STM32CubeMX version: 6.16.0
2025-12-27 11:36:08,388 [ERROR] AppliInfo:139 - Unknown STM32CubeMX version: 6.16.0
2025-12-27 11:36:08,389 [ERROR] AppliInfo:139 - Unknown STM32CubeMX version: 6.15.0
2025-12-27 11:36:08,389 [ERROR] AppliInfo:139 - Unknown STM32CubeMX version: 6.15.0
2025-12-27 11:36:08,389 [ERROR] AppliInfo:139 - Unknown STM32CubeMX version: 6.15.0
2025-12-27 11:36:08,389 [ERROR] AppliInfo:139 - Unknown STM32CubeMX version: 6.15.0
2025-12-27 11:36:08,389 [ERROR] AppliInfo:139 - Unknown STM32CubeMX version: 6.16.0
2025-12-27 11:36:08,390 [ERROR] AppliInfo:139 - Unknown STM32CubeMX version: 6.16.0
2025-12-27 11:36:08,390 [ERROR] AppliInfo:139 - Unknown STM32CubeMX version: 6.16.0
2025-12-27 11:36:08,390 [ERROR] AppliInfo:139 - Unknown STM32CubeMX version: 6.16.0
2025-12-27 11:36:08,390 [ERROR] AppliInfo:139 - Unknown STM32CubeMX version: 6.16.0
2025-12-27 11:36:08,390 [ERROR] AppliInfo:139 - Unknown STM32CubeMX version: 6.16.0
2025-12-27 11:36:08,390 [ERROR] AppliInfo:139 - Unknown STM32CubeMX version: 6.16.0
2025-12-27 11:36:08,390 [ERROR] AppliInfo:139 - Unknown STM32CubeMX version: 6.16.0
2025-12-27 11:36:08,390 [ERROR] AppliInfo:139 - Unknown STM32CubeMX version: 6.16.0
2025-12-27 11:36:08,391 [ERROR] AppliInfo:139 - Unknown STM32CubeMX version: 6.16.0
2025-12-27 11:36:08,391 [ERROR] AppliInfo:139 - Unknown STM32CubeMX version: 6.16.0
2025-12-27 11:36:08,392 [ERROR] AppliInfo:139 - Unknown STM32CubeMX version: 6.16.0
2025-12-27 11:36:08,392 [ERROR] AppliInfo:139 - Unknown STM32CubeMX version: 6.16.0
2025-12-27 11:36:08,392 [ERROR] AppliInfo:139 - Unknown STM32CubeMX version: 6.16.0
2025-12-27 11:36:08,392 [ERROR] AppliInfo:139 - Unknown STM32CubeMX version: 6.16.0
2025-12-27 11:36:08,392 [ERROR] AppliInfo:139 - Unknown STM32CubeMX version: 6.16.0
2025-12-27 11:36:08,392 [ERROR] AppliInfo:139 - Unknown STM32CubeMX version: 6.16.0
2025-12-27 11:36:08,392 [ERROR] AppliInfo:139 - Unknown STM32CubeMX version: 6.16.0
2025-12-27 11:36:08,392 [ERROR] AppliInfo:139 - Unknown STM32CubeMX version: 6.16.0
2025-12-27 11:36:08,392 [ERROR] AppliInfo:139 - Unknown STM32CubeMX version: 6.16.0
2025-12-27 11:36:08,392 [ERROR] AppliInfo:139 - Unknown STM32CubeMX version: 6.16.0
2025-12-27 11:36:08,393 [ERROR] AppliInfo:139 - Unknown STM32CubeMX version: 6.16.0
2025-12-27 11:36:08,393 [ERROR] AppliInfo:139 - Unknown STM32CubeMX version: 6.15.0
2025-12-27 11:36:08,393 [ERROR] AppliInfo:139 - Unknown STM32CubeMX version: 6.16.0
2025-12-27 11:36:08,393 [ERROR] AppliInfo:139 - Unknown STM32CubeMX version: 6.16.0
2025-12-27 11:36:08,393 [ERROR] AppliInfo:139 - Unknown STM32CubeMX version: 6.16.0
2025-12-27 11:36:08,394 [ERROR] AppliInfo:139 - Unknown STM32CubeMX version: 6.16.0
2025-12-27 11:36:08,394 [ERROR] AppliInfo:139 - Unknown STM32CubeMX version: 6.16.0
2025-12-27 11:36:08,394 [ERROR] AppliInfo:139 - Unknown STM32CubeMX version: 6.15.0
2025-12-27 11:36:08,394 [ERROR] AppliInfo:139 - Unknown STM32CubeMX version: 6.16.0
2025-12-27 11:36:08,394 [ERROR] AppliInfo:139 - Unknown STM32CubeMX version: 6.16.0
2025-12-27 11:36:08,394 [ERROR] AppliInfo:139 - Unknown STM32CubeMX version: 6.16.0
2025-12-27 11:36:08,394 [ERROR] AppliInfo:139 - Unknown STM32CubeMX version: 6.16.0
2025-12-27 11:36:08,394 [ERROR] AppliInfo:139 - Unknown STM32CubeMX version: 6.15.0
2025-12-27 11:36:08,395 [ERROR] AppliInfo:139 - Unknown STM32CubeMX version: 6.16.0
2025-12-27 11:36:08,395 [ERROR] AppliInfo:139 - Unknown STM32CubeMX version: 6.16.0
2025-12-27 11:36:08,395 [ERROR] AppliInfo:139 - Unknown STM32CubeMX version: 6.15.0
2025-12-27 11:36:08,395 [ERROR] AppliInfo:139 - Unknown STM32CubeMX version: 6.16.0
2025-12-27 11:36:08,395 [ERROR] AppliInfo:139 - Unknown STM32CubeMX version: 6.15.0
2025-12-27 11:36:08,395 [ERROR] AppliInfo:139 - Unknown STM32CubeMX version: 6.16.0
2025-12-27 11:36:08,395 [ERROR] AppliInfo:139 - Unknown STM32CubeMX version: 6.16.0
2025-12-27 11:36:08,396 [ERROR] AppliInfo:139 - Unknown STM32CubeMX version: 6.16.0
2025-12-27 11:36:08,396 [ERROR] AppliInfo:139 - Unknown STM32CubeMX version: 6.16.0
2025-12-27 11:36:08,396 [ERROR] AppliInfo:139 - Unknown STM32CubeMX version: 6.16.0
2025-12-27 11:36:08,396 [ERROR] AppliInfo:139 - Unknown STM32CubeMX version: 6.15.0
2025-12-27 11:36:08,396 [ERROR] AppliInfo:139 - Unknown STM32CubeMX version: 6.15.0
2025-12-27 11:36:08,396 [ERROR] AppliInfo:139 - Unknown STM32CubeMX version: 6.16.0
2025-12-27 11:36:08,397 [ERROR] AppliInfo:139 - Unknown STM32CubeMX version: 6.16.0
2025-12-27 11:36:08,397 [ERROR] AppliInfo:139 - Unknown STM32CubeMX version: 6.16.0
2025-12-27 11:36:08,397 [ERROR] AppliInfo:139 - Unknown STM32CubeMX version: 6.16.0
2025-12-27 11:36:08,397 [ERROR] AppliInfo:139 - Unknown STM32CubeMX version: 6.16.0
2025-12-27 11:36:08,398 [ERROR] AppliInfo:139 - Unknown STM32CubeMX version: 6.16.0
2025-12-27 11:36:08,398 [ERROR] AppliInfo:139 - Unknown STM32CubeMX version: 6.16.0
2025-12-27 11:36:08,398 [ERROR] AppliInfo:139 - Unknown STM32CubeMX version: 6.16.0
2025-12-27 11:36:08,398 [ERROR] AppliInfo:139 - Unknown STM32CubeMX version: 6.16.0
2025-12-27 11:36:08,398 [ERROR] AppliInfo:139 - Unknown STM32CubeMX version: 6.16.0
2025-12-27 11:36:08,398 [ERROR] AppliInfo:139 - Unknown STM32CubeMX version: 6.16.0
2025-12-27 11:36:08,398 [ERROR] AppliInfo:139 - Unknown STM32CubeMX version: 6.16.0
2025-12-27 11:36:08,398 [ERROR] AppliInfo:139 - Unknown STM32CubeMX version: 6.16.0
2025-12-27 11:36:08,399 [ERROR] AppliInfo:139 - Unknown STM32CubeMX version: 6.16.0
2025-12-27 11:36:08,399 [ERROR] AppliInfo:139 - Unknown STM32CubeMX version: 6.16.0
2025-12-27 11:36:08,399 [ERROR] AppliInfo:139 - Unknown STM32CubeMX version: 6.16.0
2025-12-27 11:36:08,399 [ERROR] AppliInfo:139 - Unknown STM32CubeMX version: 6.16.0
2025-12-27 11:36:08,399 [ERROR] AppliInfo:139 - Unknown STM32CubeMX version: 6.16.0
2025-12-27 11:36:08,402 [ERROR] AppliInfo:139 - Unknown STM32CubeMX version: 6.16.0
2025-12-27 11:36:08,402 [ERROR] AppliInfo:139 - Unknown STM32CubeMX version: 6.16.0
2025-12-27 11:36:08,402 [ERROR] AppliInfo:139 - Unknown STM32CubeMX version: 6.16.0
2025-12-27 11:36:08,402 [ERROR] AppliInfo:139 - Unknown STM32CubeMX version: 6.16.0
2025-12-27 11:36:08,402 [ERROR] AppliInfo:139 - Unknown STM32CubeMX version: 6.16.0
2025-12-27 11:36:08,402 [ERROR] AppliInfo:139 - Unknown STM32CubeMX version: 6.16.0
2025-12-27 11:36:08,402 [ERROR] AppliInfo:139 - Unknown STM32CubeMX version: 6.16.0
2025-12-27 11:36:08,403 [ERROR] AppliInfo:139 - Unknown STM32CubeMX version: 6.16.0
2025-12-27 11:36:08,403 [ERROR] AppliInfo:139 - Unknown STM32CubeMX version: 6.16.0
2025-12-27 11:36:08,403 [ERROR] AppliInfo:139 - Unknown STM32CubeMX version: 6.16.0
2025-12-27 11:36:08,406 [ERROR] AppliInfo:139 - Unknown STM32CubeMX version: 6.16.0
2025-12-27 11:36:08,406 [ERROR] AppliInfo:139 - Unknown STM32CubeMX version: 6.16.0
2025-12-27 11:36:08,408 [ERROR] AppliInfo:139 - Unknown STM32CubeMX version: 6.16.0
2025-12-27 11:36:08,408 [ERROR] AppliInfo:139 - Unknown STM32CubeMX version: 6.16.0
2025-12-27 11:36:08,408 [ERROR] AppliInfo:139 - Unknown STM32CubeMX version: 6.16.0
2025-12-27 11:36:08,409 [ERROR] AppliInfo:139 - Unknown STM32CubeMX version: 6.16.0
2025-12-27 11:36:08,409 [ERROR] AppliInfo:139 - Unknown STM32CubeMX version: 6.16.0
2025-12-27 11:36:08,409 [ERROR] AppliInfo:139 - Unknown STM32CubeMX version: 6.16.0
2025-12-27 11:36:08,409 [ERROR] AppliInfo:139 - Unknown STM32CubeMX version: 6.16.0
2025-12-27 11:36:08,410 [ERROR] AppliInfo:139 - Unknown STM32CubeMX version: 6.16.0
2025-12-27 11:36:08,410 [ERROR] AppliInfo:139 - Unknown STM32CubeMX version: 6.16.0
2025-12-27 11:36:08,410 [ERROR] AppliInfo:139 - Unknown STM32CubeMX version: 6.16.0
2025-12-27 11:36:08,410 [ERROR] AppliInfo:139 - Unknown STM32CubeMX version: 6.16.0
2025-12-27 11:36:08,410 [ERROR] AppliInfo:139 - Unknown STM32CubeMX version: 6.16.0
2025-12-27 11:36:08,411 [ERROR] AppliInfo:139 - Unknown STM32CubeMX version: 6.16.0
2025-12-27 11:36:08,411 [ERROR] AppliInfo:139 - Unknown STM32CubeMX version: 6.16.0
2025-12-27 11:36:08,411 [ERROR] AppliInfo:139 - Unknown STM32CubeMX version: 6.16.0
2025-12-27 11:36:08,412 [ERROR] AppliInfo:139 - Unknown STM32CubeMX version: 6.16.0
2025-12-27 11:36:08,412 [ERROR] AppliInfo:139 - Unknown STM32CubeMX version: 6.16.0
2025-12-27 11:36:08,412 [ERROR] AppliInfo:139 - Unknown STM32CubeMX version: 6.16.0
2025-12-27 11:36:08,413 [ERROR] AppliInfo:139 - Unknown STM32CubeMX version: 6.16.0
2025-12-27 11:36:08,413 [ERROR] AppliInfo:139 - Unknown STM32CubeMX version: 6.16.0
2025-12-27 11:36:08,413 [ERROR] AppliInfo:139 - Unknown STM32CubeMX version: 6.16.0
2025-12-27 11:36:08,414 [ERROR] AppliInfo:139 - Unknown STM32CubeMX version: 6.15.0
2025-12-27 11:36:08,414 [ERROR] AppliInfo:139 - Unknown STM32CubeMX version: 6.15.0
2025-12-27 11:36:08,414 [ERROR] AppliInfo:139 - Unknown STM32CubeMX version: 6.15.0
2025-12-27 11:36:08,414 [ERROR] AppliInfo:139 - Unknown STM32CubeMX version: 6.15.0
2025-12-27 11:36:08,414 [ERROR] AppliInfo:139 - Unknown STM32CubeMX version: 6.15.0
2025-12-27 11:36:08,415 [ERROR] AppliInfo:139 - Unknown STM32CubeMX version: 6.16.0
2025-12-27 11:36:08,415 [ERROR] AppliInfo:139 - Unknown STM32CubeMX version: 6.16.0
2025-12-27 11:36:08,415 [ERROR] AppliInfo:139 - Unknown STM32CubeMX version: 6.16.0
2025-12-27 11:36:08,415 [ERROR] AppliInfo:139 - Unknown STM32CubeMX version: 6.16.0
2025-12-27 11:36:08,416 [ERROR] AppliInfo:139 - Unknown STM32CubeMX version: 6.16.0
2025-12-27 11:36:08,416 [ERROR] AppliInfo:139 - Unknown STM32CubeMX version: 6.16.0
2025-12-27 11:36:08,416 [ERROR] AppliInfo:139 - Unknown STM32CubeMX version: 6.16.0
2025-12-27 11:36:08,416 [ERROR] AppliInfo:139 - Unknown STM32CubeMX version: 6.16.0
2025-12-27 11:36:08,416 [ERROR] AppliInfo:139 - Unknown STM32CubeMX version: 6.16.0
2025-12-27 11:36:08,416 [ERROR] AppliInfo:139 - Unknown STM32CubeMX version: 6.16.0
2025-12-27 11:36:08,416 [ERROR] AppliInfo:139 - Unknown STM32CubeMX version: 6.16.0
2025-12-27 11:36:08,417 [ERROR] AppliInfo:139 - Unknown STM32CubeMX version: 6.16.0
2025-12-27 11:36:08,417 [ERROR] AppliInfo:139 - Unknown STM32CubeMX version: 6.16.0
2025-12-27 11:36:08,417 [ERROR] AppliInfo:139 - Unknown STM32CubeMX version: 6.16.0
2025-12-27 11:36:08,417 [ERROR] AppliInfo:139 - Unknown STM32CubeMX version: 6.16.0
2025-12-27 11:36:08,417 [ERROR] AppliInfo:139 - Unknown STM32CubeMX version: 6.16.0
2025-12-27 11:36:08,417 [ERROR] AppliInfo:139 - Unknown STM32CubeMX version: 6.16.0
2025-12-27 11:36:08,417 [ERROR] AppliInfo:139 - Unknown STM32CubeMX version: 6.16.0
2025-12-27 11:36:08,417 [ERROR] AppliInfo:139 - Unknown STM32CubeMX version: 6.16.0
2025-12-27 11:36:08,418 [ERROR] AppliInfo:139 - Unknown STM32CubeMX version: 6.16.0
2025-12-27 11:36:08,418 [ERROR] AppliInfo:139 - Unknown STM32CubeMX version: 6.16.0
2025-12-27 11:36:08,418 [ERROR] AppliInfo:139 - Unknown STM32CubeMX version: 6.16.0
2025-12-27 11:36:08,418 [ERROR] AppliInfo:139 - Unknown STM32CubeMX version: 6.16.0
2025-12-27 11:36:08,446 [ERROR] AppliInfo:139 - Unknown STM32CubeMX version: 6.16.0
2025-12-27 11:36:08,446 [ERROR] AppliInfo:139 - Unknown STM32CubeMX version: 6.16.0
2025-12-27 11:36:08,446 [ERROR] AppliInfo:139 - Unknown STM32CubeMX version: 6.16.0
2025-12-27 11:36:08,446 [ERROR] AppliInfo:139 - Unknown STM32CubeMX version: 6.16.0
2025-12-27 11:36:08,446 [ERROR] AppliInfo:139 - Unknown STM32CubeMX version: 6.16.0
2025-12-27 11:36:08,446 [ERROR] AppliInfo:139 - Unknown STM32CubeMX version: 6.16.0
2025-12-27 11:36:08,446 [ERROR] AppliInfo:139 - Unknown STM32CubeMX version: 6.16.0
2025-12-27 11:36:08,447 [ERROR] AppliInfo:139 - Unknown STM32CubeMX version: 6.16.0
2025-12-27 11:36:08,447 [ERROR] AppliInfo:139 - Unknown STM32CubeMX version: 6.16.0
2025-12-27 11:36:08,447 [ERROR] AppliInfo:139 - Unknown STM32CubeMX version: 6.16.0
2025-12-27 11:36:08,447 [ERROR] AppliInfo:139 - Unknown STM32CubeMX version: 6.16.0
2025-12-27 11:36:08,447 [ERROR] AppliInfo:139 - Unknown STM32CubeMX version: 6.16.0
2025-12-27 11:36:08,447 [ERROR] AppliInfo:139 - Unknown STM32CubeMX version: 6.16.0
2025-12-27 11:36:08,447 [ERROR] AppliInfo:139 - Unknown STM32CubeMX version: 6.16.0
2025-12-27 11:36:08,447 [ERROR] AppliInfo:139 - Unknown STM32CubeMX version: 6.16.0
2025-12-27 11:36:08,447 [ERROR] AppliInfo:139 - Unknown STM32CubeMX version: 6.16.0
2025-12-27 11:36:08,448 [ERROR] AppliInfo:139 - Unknown STM32CubeMX version: 6.16.0
2025-12-27 11:36:08,448 [ERROR] AppliInfo:139 - Unknown STM32CubeMX version: 6.16.0
2025-12-27 11:36:08,448 [ERROR] AppliInfo:139 - Unknown STM32CubeMX version: 6.16.0
2025-12-27 11:36:08,467 [ERROR] AppliInfo:139 - Unknown STM32CubeMX version: 6.16.0
2025-12-27 11:36:08,467 [ERROR] AppliInfo:139 - Unknown STM32CubeMX version: 6.16.0
2025-12-27 11:36:08,467 [ERROR] AppliInfo:139 - Unknown STM32CubeMX version: 6.16.0
2025-12-27 11:36:08,467 [ERROR] AppliInfo:139 - Unknown STM32CubeMX version: 6.16.0
2025-12-27 11:36:08,467 [ERROR] AppliInfo:139 - Unknown STM32CubeMX version: 6.16.0
2025-12-27 11:36:08,467 [ERROR] AppliInfo:139 - Unknown STM32CubeMX version: 6.16.0
2025-12-27 11:36:08,467 [ERROR] AppliInfo:139 - Unknown STM32CubeMX version: 6.16.0
2025-12-27 11:36:08,468 [ERROR] AppliInfo:139 - Unknown STM32CubeMX version: 6.16.0
2025-12-27 11:36:08,468 [ERROR] AppliInfo:139 - Unknown STM32CubeMX version: 6.16.0
2025-12-27 11:36:08,468 [ERROR] AppliInfo:139 - Unknown STM32CubeMX version: 6.16.0
2025-12-27 11:36:08,468 [ERROR] AppliInfo:139 - Unknown STM32CubeMX version: 6.16.0
2025-12-27 11:36:08,468 [ERROR] AppliInfo:139 - Unknown STM32CubeMX version: 6.16.0
2025-12-27 11:36:08,468 [ERROR] AppliInfo:139 - Unknown STM32CubeMX version: 6.16.0
2025-12-27 11:36:08,468 [ERROR] AppliInfo:139 - Unknown STM32CubeMX version: 6.16.0
2025-12-27 11:36:08,468 [ERROR] AppliInfo:139 - Unknown STM32CubeMX version: 6.16.0
2025-12-27 11:36:08,469 [ERROR] AppliInfo:139 - Unknown STM32CubeMX version: 6.16.0
2025-12-27 11:36:08,469 [ERROR] AppliInfo:139 - Unknown STM32CubeMX version: 6.16.0
2025-12-27 11:36:08,469 [ERROR] AppliInfo:139 - Unknown STM32CubeMX version: 6.16.0
2025-12-27 11:36:08,469 [ERROR] AppliInfo:139 - Unknown STM32CubeMX version: 6.16.0
2025-12-27 11:36:08,469 [ERROR] AppliInfo:139 - Unknown STM32CubeMX version: 6.15.0
2025-12-27 11:36:08,469 [ERROR] AppliInfo:139 - Unknown STM32CubeMX version: 6.15.0
2025-12-27 11:36:08,469 [ERROR] AppliInfo:139 - Unknown STM32CubeMX version: 6.15.0
2025-12-27 11:36:08,469 [ERROR] AppliInfo:139 - Unknown STM32CubeMX version: 6.15.0
2025-12-27 11:36:08,470 [ERROR] AppliInfo:139 - Unknown STM32CubeMX version: 6.15.0
2025-12-27 11:36:08,470 [ERROR] AppliInfo:139 - Unknown STM32CubeMX version: 6.15.0
2025-12-27 11:36:08,470 [ERROR] AppliInfo:139 - Unknown STM32CubeMX version: 6.15.0
2025-12-27 11:36:08,470 [ERROR] AppliInfo:139 - Unknown STM32CubeMX version: 6.16.0
2025-12-27 11:36:08,470 [ERROR] AppliInfo:139 - Unknown STM32CubeMX version: 6.16.0
2025-12-27 11:36:08,473 [ERROR] AppliInfo:139 - Unknown STM32CubeMX version: 6.15.0
2025-12-27 11:36:08,473 [ERROR] AppliInfo:139 - Unknown STM32CubeMX version: 6.15.0
2025-12-27 11:36:08,473 [ERROR] AppliInfo:139 - Unknown STM32CubeMX version: 6.15.0
2025-12-27 11:36:08,473 [ERROR] AppliInfo:139 - Unknown STM32CubeMX version: 6.15.0
2025-12-27 11:36:08,474 [ERROR] AppliInfo:139 - Unknown STM32CubeMX version: 6.15.0
2025-12-27 11:36:08,474 [ERROR] AppliInfo:139 - Unknown STM32CubeMX version: 6.15.0
2025-12-27 11:36:08,474 [ERROR] AppliInfo:139 - Unknown STM32CubeMX version: 6.15.0
2025-12-27 11:36:08,474 [ERROR] AppliInfo:139 - Unknown STM32CubeMX version: 6.15.0
2025-12-27 11:36:08,474 [ERROR] AppliInfo:139 - Unknown STM32CubeMX version: 6.15.0
2025-12-27 11:36:08,475 [ERROR] AppliInfo:139 - Unknown STM32CubeMX version: 6.15.0
2025-12-27 11:36:08,475 [ERROR] AppliInfo:139 - Unknown STM32CubeMX version: 6.15.0
2025-12-27 11:36:08,475 [ERROR] AppliInfo:139 - Unknown STM32CubeMX version: 6.15.0
2025-12-27 11:36:08,475 [ERROR] AppliInfo:139 - Unknown STM32CubeMX version: 6.15.0
2025-12-27 11:36:08,489 [ERROR] AppliInfo:139 - Unknown STM32CubeMX version: 6.16.0
2025-12-27 11:36:08,489 [ERROR] AppliInfo:139 - Unknown STM32CubeMX version: 6.15.0
2025-12-27 11:36:08,489 [ERROR] AppliInfo:139 - Unknown STM32CubeMX version: 6.15.0
2025-12-27 11:36:08,489 [ERROR] AppliInfo:139 - Unknown STM32CubeMX version: 6.15.0
2025-12-27 11:36:08,490 [ERROR] AppliInfo:139 - Unknown STM32CubeMX version: 6.15.0
2025-12-27 11:36:08,490 [ERROR] AppliInfo:139 - Unknown STM32CubeMX version: 6.15.0
2025-12-27 11:36:08,490 [ERROR] AppliInfo:139 - Unknown STM32CubeMX version: 6.15.0
2025-12-27 11:36:08,490 [ERROR] AppliInfo:139 - Unknown STM32CubeMX version: 6.15.0
2025-12-27 11:36:08,490 [ERROR] AppliInfo:139 - Unknown STM32CubeMX version: 6.16.0
2025-12-27 11:36:08,490 [ERROR] AppliInfo:139 - Unknown STM32CubeMX version: 6.16.0
2025-12-27 11:36:08,499 [ERROR] AppliInfo:139 - Unknown STM32CubeMX version: 6.15.0
2025-12-27 11:36:08,500 [ERROR] AppliInfo:139 - Unknown STM32CubeMX version: 6.15.0
2025-12-27 11:36:08,500 [ERROR] AppliInfo:139 - Unknown STM32CubeMX version: 6.15.0
2025-12-27 11:36:08,500 [ERROR] AppliInfo:139 - Unknown STM32CubeMX version: 6.15.0
2025-12-27 11:36:08,500 [ERROR] AppliInfo:139 - Unknown STM32CubeMX version: 6.15.0
2025-12-27 11:36:08,500 [ERROR] AppliInfo:139 - Unknown STM32CubeMX version: 6.15.0
2025-12-27 11:36:08,500 [ERROR] AppliInfo:139 - Unknown STM32CubeMX version: 6.15.0
2025-12-27 11:36:08,500 [ERROR] AppliInfo:139 - Unknown STM32CubeMX version: 6.15.0
2025-12-27 11:36:08,501 [ERROR] AppliInfo:139 - Unknown STM32CubeMX version: 6.15.0
2025-12-27 11:36:08,501 [ERROR] AppliInfo:139 - Unknown STM32CubeMX version: 6.15.0
2025-12-27 11:36:08,501 [ERROR] AppliInfo:139 - Unknown STM32CubeMX version: 6.15.0
2025-12-27 11:36:08,501 [ERROR] AppliInfo:139 - Unknown STM32CubeMX version: 6.15.0
2025-12-27 11:36:08,501 [ERROR] AppliInfo:139 - Unknown STM32CubeMX version: 6.15.0
2025-12-27 11:36:08,505 [ERROR] AppliInfo:139 - Unknown STM32CubeMX version: 6.16.0
2025-12-27 11:36:08,505 [ERROR] AppliInfo:139 - Unknown STM32CubeMX version: 6.16.0
2025-12-27 11:36:08,505 [ERROR] AppliInfo:139 - Unknown STM32CubeMX version: 6.16.0
2025-12-27 11:36:08,505 [ERROR] AppliInfo:139 - Unknown STM32CubeMX version: 6.16.0
2025-12-27 11:36:08,505 [ERROR] AppliInfo:139 - Unknown STM32CubeMX version: 6.16.0
2025-12-27 11:36:08,505 [ERROR] AppliInfo:139 - Unknown STM32CubeMX version: 6.16.0
2025-12-27 11:36:08,506 [ERROR] AppliInfo:139 - Unknown STM32CubeMX version: 6.16.0
2025-12-27 11:36:08,506 [ERROR] AppliInfo:139 - Unknown STM32CubeMX version: 6.16.0
2025-12-27 11:36:08,506 [ERROR] AppliInfo:139 - Unknown STM32CubeMX version: 6.16.0
2025-12-27 11:36:08,506 [ERROR] AppliInfo:139 - Unknown STM32CubeMX version: 6.16.0
2025-12-27 11:36:08,506 [ERROR] AppliInfo:139 - Unknown STM32CubeMX version: 6.16.0
2025-12-27 11:36:08,506 [ERROR] AppliInfo:139 - Unknown STM32CubeMX version: 6.16.0
2025-12-27 11:36:08,507 [ERROR] AppliInfo:139 - Unknown STM32CubeMX version: 6.16.0
2025-12-27 11:36:08,507 [ERROR] AppliInfo:139 - Unknown STM32CubeMX version: 6.16.0
2025-12-27 11:36:08,507 [ERROR] AppliInfo:139 - Unknown STM32CubeMX version: 6.16.0
2025-12-27 11:36:08,507 [ERROR] AppliInfo:139 - Unknown STM32CubeMX version: 6.16.0
2025-12-27 11:36:08,507 [ERROR] AppliInfo:139 - Unknown STM32CubeMX version: 6.16.0
2025-12-27 11:36:08,508 [ERROR] AppliInfo:139 - Unknown STM32CubeMX version: 6.16.0
2025-12-27 11:36:08,508 [ERROR] AppliInfo:139 - Unknown STM32CubeMX version: 6.16.0
2025-12-27 11:36:08,509 [ERROR] AppliInfo:139 - Unknown STM32CubeMX version: 6.16.0
2025-12-27 11:36:08,509 [ERROR] AppliInfo:139 - Unknown STM32CubeMX version: 6.16.0
2025-12-27 11:36:08,509 [ERROR] AppliInfo:139 - Unknown STM32CubeMX version: 6.16.0
2025-12-27 11:36:08,509 [ERROR] AppliInfo:139 - Unknown STM32CubeMX version: 6.16.0
2025-12-27 11:36:08,509 [ERROR] AppliInfo:139 - Unknown STM32CubeMX version: 6.16.0
2025-12-27 11:36:08,509 [ERROR] AppliInfo:139 - Unknown STM32CubeMX version: 6.16.0
2025-12-27 11:36:08,509 [ERROR] AppliInfo:139 - Unknown STM32CubeMX version: 6.16.0
2025-12-27 11:36:08,510 [ERROR] AppliInfo:139 - Unknown STM32CubeMX version: 6.16.0
2025-12-27 11:36:08,510 [ERROR] AppliInfo:139 - Unknown STM32CubeMX version: 6.16.0
2025-12-27 11:36:08,510 [ERROR] AppliInfo:139 - Unknown STM32CubeMX version: 6.16.0
2025-12-27 11:36:08,510 [ERROR] AppliInfo:139 - Unknown STM32CubeMX version: 6.16.0
2025-12-27 11:36:08,510 [ERROR] AppliInfo:139 - Unknown STM32CubeMX version: 6.16.0
2025-12-27 11:36:08,510 [ERROR] AppliInfo:139 - Unknown STM32CubeMX version: 6.16.0
2025-12-27 11:36:08,510 [ERROR] AppliInfo:139 - Unknown STM32CubeMX version: 6.16.0
2025-12-27 11:36:08,510 [ERROR] AppliInfo:139 - Unknown STM32CubeMX version: 6.16.0
2025-12-27 11:36:08,510 [ERROR] AppliInfo:139 - Unknown STM32CubeMX version: 6.16.0
2025-12-27 11:36:08,510 [ERROR] AppliInfo:139 - Unknown STM32CubeMX version: 6.16.0
2025-12-27 11:36:08,511 [ERROR] AppliInfo:139 - Unknown STM32CubeMX version: 6.16.0
2025-12-27 11:36:08,511 [ERROR] AppliInfo:139 - Unknown STM32CubeMX version: 6.16.0
2025-12-27 11:36:08,511 [ERROR] AppliInfo:139 - Unknown STM32CubeMX version: 6.16.0
2025-12-27 11:36:08,511 [ERROR] AppliInfo:139 - Unknown STM32CubeMX version: 6.16.0
2025-12-27 11:36:08,511 [ERROR] AppliInfo:139 - Unknown STM32CubeMX version: 6.16.0
2025-12-27 11:36:08,511 [ERROR] AppliInfo:139 - Unknown STM32CubeMX version: 6.16.0
2025-12-27 11:36:08,511 [ERROR] AppliInfo:139 - Unknown STM32CubeMX version: 6.16.0
2025-12-27 11:36:08,511 [ERROR] AppliInfo:139 - Unknown STM32CubeMX version: 6.16.0
2025-12-27 11:36:08,511 [ERROR] AppliInfo:139 - Unknown STM32CubeMX version: 6.16.0
2025-12-27 11:36:08,512 [ERROR] AppliInfo:139 - Unknown STM32CubeMX version: 6.16.0
2025-12-27 11:36:08,512 [ERROR] AppliInfo:139 - Unknown STM32CubeMX version: 6.16.0
2025-12-27 11:36:08,512 [ERROR] AppliInfo:139 - Unknown STM32CubeMX version: 6.16.0
2025-12-27 11:36:08,512 [ERROR] AppliInfo:139 - Unknown STM32CubeMX version: 6.16.0
2025-12-27 11:36:08,512 [ERROR] AppliInfo:139 - Unknown STM32CubeMX version: 6.16.0
2025-12-27 11:36:08,512 [ERROR] AppliInfo:139 - Unknown STM32CubeMX version: 6.16.0
2025-12-27 11:36:08,512 [ERROR] AppliInfo:139 - Unknown STM32CubeMX version: 6.16.0
2025-12-27 11:36:08,512 [ERROR] AppliInfo:139 - Unknown STM32CubeMX version: 6.16.0
2025-12-27 11:36:08,512 [ERROR] AppliInfo:139 - Unknown STM32CubeMX version: 6.16.0
2025-12-27 11:36:08,513 [ERROR] AppliInfo:139 - Unknown STM32CubeMX version: 6.16.0
2025-12-27 11:36:08,513 [ERROR] AppliInfo:139 - Unknown STM32CubeMX version: 6.16.0
2025-12-27 11:36:08,513 [ERROR] AppliInfo:139 - Unknown STM32CubeMX version: 6.16.0
2025-12-27 11:36:08,513 [ERROR] AppliInfo:139 - Unknown STM32CubeMX version: 6.16.0
2025-12-27 11:36:08,513 [ERROR] AppliInfo:139 - Unknown STM32CubeMX version: 6.16.0
2025-12-27 11:36:08,513 [ERROR] AppliInfo:139 - Unknown STM32CubeMX version: 6.16.0
2025-12-27 11:36:08,520 [ERROR] AppliInfo:139 - Unknown STM32CubeMX version: 6.15.0
2025-12-27 11:36:08,520 [ERROR] AppliInfo:139 - Unknown STM32CubeMX version: 6.15.0
2025-12-27 11:36:08,520 [ERROR] AppliInfo:139 - Unknown STM32CubeMX version: 6.15.0
2025-12-27 11:36:08,520 [ERROR] AppliInfo:139 - Unknown STM32CubeMX version: 6.15.0
2025-12-27 11:36:08,520 [ERROR] AppliInfo:139 - Unknown STM32CubeMX version: 6.15.0
2025-12-27 11:36:08,520 [ERROR] AppliInfo:139 - Unknown STM32CubeMX version: 6.15.0
2025-12-27 11:36:08,520 [ERROR] AppliInfo:139 - Unknown STM32CubeMX version: 6.15.0
2025-12-27 11:36:08,520 [ERROR] AppliInfo:139 - Unknown STM32CubeMX version: 6.15.0
2025-12-27 11:36:08,521 [ERROR] AppliInfo:139 - Unknown STM32CubeMX version: 6.15.0
2025-12-27 11:36:08,521 [ERROR] AppliInfo:139 - Unknown STM32CubeMX version: 6.15.0
2025-12-27 11:36:08,521 [ERROR] AppliInfo:139 - Unknown STM32CubeMX version: 6.15.0
2025-12-27 11:36:08,521 [ERROR] AppliInfo:139 - Unknown STM32CubeMX version: 6.15.0
2025-12-27 11:36:08,521 [ERROR] AppliInfo:139 - Unknown STM32CubeMX version: 6.15.0
2025-12-27 11:36:08,521 [ERROR] AppliInfo:139 - Unknown STM32CubeMX version: 6.15.0
2025-12-27 11:36:08,521 [ERROR] AppliInfo:139 - Unknown STM32CubeMX version: 6.15.0
2025-12-27 11:36:08,521 [ERROR] AppliInfo:139 - Unknown STM32CubeMX version: 6.15.0
2025-12-27 11:36:08,521 [ERROR] AppliInfo:139 - Unknown STM32CubeMX version: 6.15.0
2025-12-27 11:36:08,521 [ERROR] AppliInfo:139 - Unknown STM32CubeMX version: 6.15.0
2025-12-27 11:36:08,521 [ERROR] AppliInfo:139 - Unknown STM32CubeMX version: 6.15.0
2025-12-27 11:36:08,522 [ERROR] AppliInfo:139 - Unknown STM32CubeMX version: 6.15.0
2025-12-27 11:36:08,522 [ERROR] AppliInfo:139 - Unknown STM32CubeMX version: 6.15.0
2025-12-27 11:36:08,522 [ERROR] AppliInfo:139 - Unknown STM32CubeMX version: 6.15.0
2025-12-27 11:36:08,522 [ERROR] AppliInfo:139 - Unknown STM32CubeMX version: 6.15.0
2025-12-27 11:36:08,522 [ERROR] AppliInfo:139 - Unknown STM32CubeMX version: 6.15.0
2025-12-27 11:36:08,522 [ERROR] AppliInfo:139 - Unknown STM32CubeMX version: 6.15.0
2025-12-27 11:36:08,522 [ERROR] AppliInfo:139 - Unknown STM32CubeMX version: 6.15.0
2025-12-27 11:36:08,522 [ERROR] AppliInfo:139 - Unknown STM32CubeMX version: 6.15.0
2025-12-27 11:36:08,523 [ERROR] AppliInfo:139 - Unknown STM32CubeMX version: 6.15.0
2025-12-27 11:36:08,523 [ERROR] AppliInfo:139 - Unknown STM32CubeMX version: 6.15.0
2025-12-27 11:36:08,523 [ERROR] AppliInfo:139 - Unknown STM32CubeMX version: 6.15.0
2025-12-27 11:36:08,523 [ERROR] AppliInfo:139 - Unknown STM32CubeMX version: 6.15.0
2025-12-27 11:36:08,523 [ERROR] AppliInfo:139 - Unknown STM32CubeMX version: 6.15.0
2025-12-27 11:36:08,523 [ERROR] AppliInfo:139 - Unknown STM32CubeMX version: 6.15.0
2025-12-27 11:36:08,523 [ERROR] AppliInfo:139 - Unknown STM32CubeMX version: 6.15.0
2025-12-27 11:36:08,523 [ERROR] AppliInfo:139 - Unknown STM32CubeMX version: 6.15.0
2025-12-27 11:36:08,523 [ERROR] AppliInfo:139 - Unknown STM32CubeMX version: 6.15.0
2025-12-27 11:36:08,524 [ERROR] AppliInfo:139 - Unknown STM32CubeMX version: 6.15.0
2025-12-27 11:36:08,524 [ERROR] AppliInfo:139 - Unknown STM32CubeMX version: 6.15.0
2025-12-27 11:36:08,525 [ERROR] AppliInfo:139 - Unknown STM32CubeMX version: 6.15.0
2025-12-27 11:36:08,525 [ERROR] AppliInfo:139 - Unknown STM32CubeMX version: 6.15.0
2025-12-27 11:36:08,525 [ERROR] AppliInfo:139 - Unknown STM32CubeMX version: 6.15.0
2025-12-27 11:36:08,525 [ERROR] AppliInfo:139 - Unknown STM32CubeMX version: 6.15.0
2025-12-27 11:36:08,525 [ERROR] AppliInfo:139 - Unknown STM32CubeMX version: 6.15.0
2025-12-27 11:36:08,534 [ERROR] AppliInfo:139 - Unknown STM32CubeMX version: 6.14.1
2025-12-27 11:36:08,534 [ERROR] AppliInfo:139 - Unknown STM32CubeMX version: 6.14.1
2025-12-27 11:36:08,534 [ERROR] AppliInfo:139 - Unknown STM32CubeMX version: 6.14.1
2025-12-27 11:36:08,534 [ERROR] AppliInfo:139 - Unknown STM32CubeMX version: 6.14.1
2025-12-27 11:36:08,534 [ERROR] AppliInfo:139 - Unknown STM32CubeMX version: 6.14.1
2025-12-27 11:36:08,535 [ERROR] AppliInfo:139 - Unknown STM32CubeMX version: 6.14.1
2025-12-27 11:36:08,535 [ERROR] AppliInfo:139 - Unknown STM32CubeMX version: 6.14.1
2025-12-27 11:36:08,535 [ERROR] AppliInfo:139 - Unknown STM32CubeMX version: 6.14.1
2025-12-27 11:36:08,535 [ERROR] AppliInfo:139 - Unknown STM32CubeMX version: 6.14.1
2025-12-27 11:36:08,535 [ERROR] AppliInfo:139 - Unknown STM32CubeMX version: 6.14.1
2025-12-27 11:36:08,535 [ERROR] AppliInfo:139 - Unknown STM32CubeMX version: 6.14.1
2025-12-27 11:36:08,535 [ERROR] AppliInfo:139 - Unknown STM32CubeMX version: 6.14.1
2025-12-27 11:36:08,536 [ERROR] AppliInfo:139 - Unknown STM32CubeMX version: 6.14.1
2025-12-27 11:36:08,536 [ERROR] AppliInfo:139 - Unknown STM32CubeMX version: 6.14.1
2025-12-27 11:36:08,536 [ERROR] AppliInfo:139 - Unknown STM32CubeMX version: 6.14.1
2025-12-27 11:36:08,536 [ERROR] AppliInfo:139 - Unknown STM32CubeMX version: 6.14.1
2025-12-27 11:36:08,536 [ERROR] AppliInfo:139 - Unknown STM32CubeMX version: 6.14.1
2025-12-27 11:36:08,536 [ERROR] AppliInfo:139 - Unknown STM32CubeMX version: 6.14.1
2025-12-27 11:36:08,536 [ERROR] AppliInfo:139 - Unknown STM32CubeMX version: 6.14.1
2025-12-27 11:36:08,537 [ERROR] AppliInfo:139 - Unknown STM32CubeMX version: 6.14.1
2025-12-27 11:36:08,537 [ERROR] AppliInfo:139 - Unknown STM32CubeMX version: 6.14.1
2025-12-27 11:36:08,537 [ERROR] AppliInfo:139 - Unknown STM32CubeMX version: 6.14.1
2025-12-27 11:36:08,537 [ERROR] AppliInfo:139 - Unknown STM32CubeMX version: 6.14.1
2025-12-27 11:36:08,537 [ERROR] AppliInfo:139 - Unknown STM32CubeMX version: 6.14.1
2025-12-27 11:36:08,537 [ERROR] AppliInfo:139 - Unknown STM32CubeMX version: 6.14.1
2025-12-27 11:36:08,537 [ERROR] AppliInfo:139 - Unknown STM32CubeMX version: 6.14.1
2025-12-27 11:36:08,537 [ERROR] AppliInfo:139 - Unknown STM32CubeMX version: 6.14.1
2025-12-27 11:36:08,538 [ERROR] AppliInfo:139 - Unknown STM32CubeMX version: 6.14.1
2025-12-27 11:36:08,538 [ERROR] AppliInfo:139 - Unknown STM32CubeMX version: 6.14.1
2025-12-27 11:36:08,538 [ERROR] AppliInfo:139 - Unknown STM32CubeMX version: 6.14.1
2025-12-27 11:36:08,538 [ERROR] AppliInfo:139 - Unknown STM32CubeMX version: 6.14.1
2025-12-27 11:36:08,538 [ERROR] AppliInfo:139 - Unknown STM32CubeMX version: 6.14.1
2025-12-27 11:36:08,538 [ERROR] AppliInfo:139 - Unknown STM32CubeMX version: 6.14.1
2025-12-27 11:36:08,539 [ERROR] AppliInfo:139 - Unknown STM32CubeMX version: 6.14.1
2025-12-27 11:36:08,539 [ERROR] AppliInfo:139 - Unknown STM32CubeMX version: 6.14.1
2025-12-27 11:36:08,539 [ERROR] AppliInfo:139 - Unknown STM32CubeMX version: 6.14.1
2025-12-27 11:36:08,539 [ERROR] AppliInfo:139 - Unknown STM32CubeMX version: 6.14.1
2025-12-27 11:36:08,540 [ERROR] AppliInfo:139 - Unknown STM32CubeMX version: 6.14.1
2025-12-27 11:36:08,540 [ERROR] AppliInfo:139 - Unknown STM32CubeMX version: 6.14.1
2025-12-27 11:36:08,540 [ERROR] AppliInfo:139 - Unknown STM32CubeMX version: 6.14.1
2025-12-27 11:36:08,540 [ERROR] AppliInfo:139 - Unknown STM32CubeMX version: 6.14.1
2025-12-27 11:36:08,540 [ERROR] AppliInfo:139 - Unknown STM32CubeMX version: 6.14.1
2025-12-27 11:36:08,541 [ERROR] AppliInfo:139 - Unknown STM32CubeMX version: 6.14.1
2025-12-27 11:36:08,541 [ERROR] AppliInfo:139 - Unknown STM32CubeMX version: 6.14.1
2025-12-27 11:36:08,541 [ERROR] AppliInfo:139 - Unknown STM32CubeMX version: 6.14.1
2025-12-27 11:36:08,541 [ERROR] AppliInfo:139 - Unknown STM32CubeMX version: 6.14.1
2025-12-27 11:36:08,542 [ERROR] AppliInfo:139 - Unknown STM32CubeMX version: 6.14.1
2025-12-27 11:36:08,542 [ERROR] AppliInfo:139 - Unknown STM32CubeMX version: 6.14.1
2025-12-27 11:36:08,542 [ERROR] AppliInfo:139 - Unknown STM32CubeMX version: 6.14.1
2025-12-27 11:36:08,542 [ERROR] AppliInfo:139 - Unknown STM32CubeMX version: 6.14.1
2025-12-27 11:36:08,542 [ERROR] AppliInfo:139 - Unknown STM32CubeMX version: 6.14.1
2025-12-27 11:36:08,542 [ERROR] AppliInfo:139 - Unknown STM32CubeMX version: 6.14.1
2025-12-27 11:36:08,542 [ERROR] AppliInfo:139 - Unknown STM32CubeMX version: 6.14.1
2025-12-27 11:36:08,542 [ERROR] AppliInfo:139 - Unknown STM32CubeMX version: 6.14.1
2025-12-27 11:36:08,542 [ERROR] AppliInfo:139 - Unknown STM32CubeMX version: 6.14.1
2025-12-27 11:36:08,542 [ERROR] AppliInfo:139 - Unknown STM32CubeMX version: 6.14.1
2025-12-27 11:36:08,542 [ERROR] AppliInfo:139 - Unknown STM32CubeMX version: 6.14.1
2025-12-27 11:36:08,542 [ERROR] AppliInfo:139 - Unknown STM32CubeMX version: 6.14.1
2025-12-27 11:36:08,543 [ERROR] AppliInfo:139 - Unknown STM32CubeMX version: 6.14.1
2025-12-27 11:36:08,543 [ERROR] AppliInfo:139 - Unknown STM32CubeMX version: 6.14.1
2025-12-27 11:36:08,543 [ERROR] AppliInfo:139 - Unknown STM32CubeMX version: 6.14.1
2025-12-27 11:36:08,543 [ERROR] AppliInfo:139 - Unknown STM32CubeMX version: 6.14.1
2025-12-27 11:36:08,543 [ERROR] AppliInfo:139 - Unknown STM32CubeMX version: 6.14.1
2025-12-27 11:36:08,543 [ERROR] AppliInfo:139 - Unknown STM32CubeMX version: 6.14.1
2025-12-27 11:36:08,543 [ERROR] AppliInfo:139 - Unknown STM32CubeMX version: 6.14.1
2025-12-27 11:36:08,543 [ERROR] AppliInfo:139 - Unknown STM32CubeMX version: 6.14.1
2025-12-27 11:36:08,544 [ERROR] AppliInfo:139 - Unknown STM32CubeMX version: 6.14.1
2025-12-27 11:36:08,544 [ERROR] AppliInfo:139 - Unknown STM32CubeMX version: 6.14.1
2025-12-27 11:36:08,544 [ERROR] AppliInfo:139 - Unknown STM32CubeMX version: 6.14.1
2025-12-27 11:36:08,544 [ERROR] AppliInfo:139 - Unknown STM32CubeMX version: 6.14.1
2025-12-27 11:36:08,544 [ERROR] AppliInfo:139 - Unknown STM32CubeMX version: 6.14.1
2025-12-27 11:36:08,544 [ERROR] AppliInfo:139 - Unknown STM32CubeMX version: 6.14.1
2025-12-27 11:36:08,550 [ERROR] AppliInfo:139 - Unknown STM32CubeMX version: 6.14.1
2025-12-27 11:36:08,550 [ERROR] AppliInfo:139 - Unknown STM32CubeMX version: 6.14.1
2025-12-27 11:36:08,550 [ERROR] AppliInfo:139 - Unknown STM32CubeMX version: 6.14.1
2025-12-27 11:36:08,550 [ERROR] AppliInfo:139 - Unknown STM32CubeMX version: 6.14.1
2025-12-27 11:36:08,550 [ERROR] AppliInfo:139 - Unknown STM32CubeMX version: 6.14.1
2025-12-27 11:36:08,550 [ERROR] AppliInfo:139 - Unknown STM32CubeMX version: 6.14.1
2025-12-27 11:36:08,550 [ERROR] AppliInfo:139 - Unknown STM32CubeMX version: 6.14.1
2025-12-27 11:36:08,551 [ERROR] AppliInfo:139 - Unknown STM32CubeMX version: 6.14.1
2025-12-27 11:36:08,551 [ERROR] AppliInfo:139 - Unknown STM32CubeMX version: 6.14.1
2025-12-27 11:36:08,551 [ERROR] AppliInfo:139 - Unknown STM32CubeMX version: 6.14.1
2025-12-27 11:36:08,551 [ERROR] AppliInfo:139 - Unknown STM32CubeMX version: 6.14.1
2025-12-27 11:36:08,551 [ERROR] AppliInfo:139 - Unknown STM32CubeMX version: 6.14.1
2025-12-27 11:36:08,551 [ERROR] AppliInfo:139 - Unknown STM32CubeMX version: 6.14.1
2025-12-27 11:36:08,551 [ERROR] AppliInfo:139 - Unknown STM32CubeMX version: 6.14.1
2025-12-27 11:36:08,551 [ERROR] AppliInfo:139 - Unknown STM32CubeMX version: 6.14.1
2025-12-27 11:36:08,552 [ERROR] AppliInfo:139 - Unknown STM32CubeMX version: 6.14.1
2025-12-27 11:36:08,552 [ERROR] AppliInfo:139 - Unknown STM32CubeMX version: 6.14.1
2025-12-27 11:36:08,552 [ERROR] AppliInfo:139 - Unknown STM32CubeMX version: 6.14.1
2025-12-27 11:36:08,552 [ERROR] AppliInfo:139 - Unknown STM32CubeMX version: 6.14.1
2025-12-27 11:36:08,552 [ERROR] AppliInfo:139 - Unknown STM32CubeMX version: 6.14.1
2025-12-27 11:36:08,552 [ERROR] AppliInfo:139 - Unknown STM32CubeMX version: 6.14.1
2025-12-27 11:36:08,552 [ERROR] AppliInfo:139 - Unknown STM32CubeMX version: 6.14.1
2025-12-27 11:36:08,552 [ERROR] AppliInfo:139 - Unknown STM32CubeMX version: 6.14.1
2025-12-27 11:36:08,552 [ERROR] AppliInfo:139 - Unknown STM32CubeMX version: 6.14.1
2025-12-27 11:36:08,552 [ERROR] AppliInfo:139 - Unknown STM32CubeMX version: 6.14.1
2025-12-27 11:36:08,552 [ERROR] AppliInfo:139 - Unknown STM32CubeMX version: 6.14.1
2025-12-27 11:36:08,553 [ERROR] AppliInfo:139 - Unknown STM32CubeMX version: 6.14.1
2025-12-27 11:36:08,553 [ERROR] AppliInfo:139 - Unknown STM32CubeMX version: 6.14.1
2025-12-27 11:36:08,553 [ERROR] AppliInfo:139 - Unknown STM32CubeMX version: 6.14.1
2025-12-27 11:36:08,553 [ERROR] AppliInfo:139 - Unknown STM32CubeMX version: 6.14.1
2025-12-27 11:36:08,553 [ERROR] AppliInfo:139 - Unknown STM32CubeMX version: 6.14.1
2025-12-27 11:36:08,553 [ERROR] AppliInfo:139 - Unknown STM32CubeMX version: 6.14.1
2025-12-27 11:36:08,553 [ERROR] AppliInfo:139 - Unknown STM32CubeMX version: 6.14.1
2025-12-27 11:36:08,553 [ERROR] AppliInfo:139 - Unknown STM32CubeMX version: 6.14.1
2025-12-27 11:36:08,553 [ERROR] AppliInfo:139 - Unknown STM32CubeMX version: 6.14.1
2025-12-27 11:36:08,553 [ERROR] AppliInfo:139 - Unknown STM32CubeMX version: 6.14.1
2025-12-27 11:36:08,554 [ERROR] AppliInfo:139 - Unknown STM32CubeMX version: 6.14.1
2025-12-27 11:36:08,554 [ERROR] AppliInfo:139 - Unknown STM32CubeMX version: 6.14.1
2025-12-27 11:36:08,554 [ERROR] AppliInfo:139 - Unknown STM32CubeMX version: 6.14.1
2025-12-27 11:36:08,554 [ERROR] AppliInfo:139 - Unknown STM32CubeMX version: 6.14.1
2025-12-27 11:36:08,554 [ERROR] AppliInfo:139 - Unknown STM32CubeMX version: 6.14.1
2025-12-27 11:36:08,554 [ERROR] AppliInfo:139 - Unknown STM32CubeMX version: 6.14.1
2025-12-27 11:36:08,554 [ERROR] AppliInfo:139 - Unknown STM32CubeMX version: 6.14.1
2025-12-27 11:36:08,554 [ERROR] AppliInfo:139 - Unknown STM32CubeMX version: 6.14.1
2025-12-27 11:36:08,554 [ERROR] AppliInfo:139 - Unknown STM32CubeMX version: 6.14.1
2025-12-27 11:36:08,554 [ERROR] AppliInfo:139 - Unknown STM32CubeMX version: 6.14.1
2025-12-27 11:36:08,554 [ERROR] AppliInfo:139 - Unknown STM32CubeMX version: 6.14.1
2025-12-27 11:36:08,555 [ERROR] AppliInfo:139 - Unknown STM32CubeMX version: 6.14.1
2025-12-27 11:36:08,555 [ERROR] AppliInfo:139 - Unknown STM32CubeMX version: 6.14.1
2025-12-27 11:36:08,555 [ERROR] AppliInfo:139 - Unknown STM32CubeMX version: 6.14.1
2025-12-27 11:36:08,555 [ERROR] AppliInfo:139 - Unknown STM32CubeMX version: 6.14.1
2025-12-27 11:36:08,555 [ERROR] AppliInfo:139 - Unknown STM32CubeMX version: 6.14.1
2025-12-27 11:36:08,555 [ERROR] AppliInfo:139 - Unknown STM32CubeMX version: 6.14.1
2025-12-27 11:36:08,555 [ERROR] AppliInfo:139 - Unknown STM32CubeMX version: 6.14.1
2025-12-27 11:36:08,555 [ERROR] AppliInfo:139 - Unknown STM32CubeMX version: 6.14.1
2025-12-27 11:36:08,555 [ERROR] AppliInfo:139 - Unknown STM32CubeMX version: 6.14.1
2025-12-27 11:36:08,556 [ERROR] AppliInfo:139 - Unknown STM32CubeMX version: 6.14.1
2025-12-27 11:36:08,556 [ERROR] AppliInfo:139 - Unknown STM32CubeMX version: 6.14.1
2025-12-27 11:36:08,556 [ERROR] AppliInfo:139 - Unknown STM32CubeMX version: 6.14.1
2025-12-27 11:36:08,556 [ERROR] AppliInfo:139 - Unknown STM32CubeMX version: 6.14.1
2025-12-27 11:36:08,556 [ERROR] AppliInfo:139 - Unknown STM32CubeMX version: 6.14.1
2025-12-27 11:36:08,556 [ERROR] AppliInfo:139 - Unknown STM32CubeMX version: 6.14.1
2025-12-27 11:36:08,556 [ERROR] AppliInfo:139 - Unknown STM32CubeMX version: 6.14.1
2025-12-27 11:36:08,556 [ERROR] AppliInfo:139 - Unknown STM32CubeMX version: 6.14.1
2025-12-27 11:36:08,556 [ERROR] AppliInfo:139 - Unknown STM32CubeMX version: 6.14.1
2025-12-27 11:36:08,556 [ERROR] AppliInfo:139 - Unknown STM32CubeMX version: 6.14.1
2025-12-27 11:36:08,557 [ERROR] AppliInfo:139 - Unknown STM32CubeMX version: 6.14.1
2025-12-27 11:36:08,557 [ERROR] AppliInfo:139 - Unknown STM32CubeMX version: 6.14.1
2025-12-27 11:36:08,557 [ERROR] AppliInfo:139 - Unknown STM32CubeMX version: 6.14.1
2025-12-27 11:36:08,558 [ERROR] AppliInfo:139 - Unknown STM32CubeMX version: 6.14.1
2025-12-27 11:36:08,558 [ERROR] AppliInfo:139 - Unknown STM32CubeMX version: 6.14.1
2025-12-27 11:36:08,558 [ERROR] AppliInfo:139 - Unknown STM32CubeMX version: 6.14.1
2025-12-27 11:36:08,558 [ERROR] AppliInfo:139 - Unknown STM32CubeMX version: 6.14.1
2025-12-27 11:36:08,558 [ERROR] AppliInfo:139 - Unknown STM32CubeMX version: 6.14.1
2025-12-27 11:36:08,558 [ERROR] AppliInfo:139 - Unknown STM32CubeMX version: 6.14.1
2025-12-27 11:36:08,558 [ERROR] AppliInfo:139 - Unknown STM32CubeMX version: 6.14.1
2025-12-27 11:36:08,559 [ERROR] AppliInfo:139 - Unknown STM32CubeMX version: 6.14.1
2025-12-27 11:36:08,559 [ERROR] AppliInfo:139 - Unknown STM32CubeMX version: 6.14.1
2025-12-27 11:36:08,559 [ERROR] AppliInfo:139 - Unknown STM32CubeMX version: 6.14.1
2025-12-27 11:36:08,559 [ERROR] AppliInfo:139 - Unknown STM32CubeMX version: 6.14.1
2025-12-27 11:36:08,559 [ERROR] AppliInfo:139 - Unknown STM32CubeMX version: 6.14.1
2025-12-27 11:36:08,560 [ERROR] AppliInfo:139 - Unknown STM32CubeMX version: 6.14.1
2025-12-27 11:36:08,560 [ERROR] AppliInfo:139 - Unknown STM32CubeMX version: 6.14.1
2025-12-27 11:36:08,560 [ERROR] AppliInfo:139 - Unknown STM32CubeMX version: 6.14.1
2025-12-27 11:36:08,560 [ERROR] AppliInfo:139 - Unknown STM32CubeMX version: 6.14.1
2025-12-27 11:36:08,560 [ERROR] AppliInfo:139 - Unknown STM32CubeMX version: 6.14.1
2025-12-27 11:36:08,561 [ERROR] AppliInfo:139 - Unknown STM32CubeMX version: 6.14.1
2025-12-27 11:36:08,561 [ERROR] AppliInfo:139 - Unknown STM32CubeMX version: 6.14.1
2025-12-27 11:36:08,561 [ERROR] AppliInfo:139 - Unknown STM32CubeMX version: 6.14.1
2025-12-27 11:36:08,561 [ERROR] AppliInfo:139 - Unknown STM32CubeMX version: 6.14.1
2025-12-27 11:36:08,561 [ERROR] AppliInfo:139 - Unknown STM32CubeMX version: 6.14.1
2025-12-27 11:36:08,561 [ERROR] AppliInfo:139 - Unknown STM32CubeMX version: 6.14.1
2025-12-27 11:36:08,561 [ERROR] AppliInfo:139 - Unknown STM32CubeMX version: 6.14.1
2025-12-27 11:36:08,562 [ERROR] AppliInfo:139 - Unknown STM32CubeMX version: 6.14.1
2025-12-27 11:36:08,562 [ERROR] AppliInfo:139 - Unknown STM32CubeMX version: 6.14.1
2025-12-27 11:36:08,562 [ERROR] AppliInfo:139 - Unknown STM32CubeMX version: 6.14.1
2025-12-27 11:36:08,562 [ERROR] AppliInfo:139 - Unknown STM32CubeMX version: 6.14.1
2025-12-27 11:36:08,562 [ERROR] AppliInfo:139 - Unknown STM32CubeMX version: 6.14.1
2025-12-27 11:36:08,562 [ERROR] AppliInfo:139 - Unknown STM32CubeMX version: 6.14.1
2025-12-27 11:36:08,563 [ERROR] AppliInfo:139 - Unknown STM32CubeMX version: 6.14.1
2025-12-27 11:36:08,563 [ERROR] AppliInfo:139 - Unknown STM32CubeMX version: 6.14.1
2025-12-27 11:36:08,563 [ERROR] AppliInfo:139 - Unknown STM32CubeMX version: 6.14.1
2025-12-27 11:36:08,563 [ERROR] AppliInfo:139 - Unknown STM32CubeMX version: 6.14.1
2025-12-27 11:36:08,563 [ERROR] AppliInfo:139 - Unknown STM32CubeMX version: 6.14.1
2025-12-27 11:36:08,564 [ERROR] AppliInfo:139 - Unknown STM32CubeMX version: 6.14.1
2025-12-27 11:36:08,564 [ERROR] AppliInfo:139 - Unknown STM32CubeMX version: 6.14.1
2025-12-27 11:36:08,564 [ERROR] AppliInfo:139 - Unknown STM32CubeMX version: 6.14.1
2025-12-27 11:36:08,564 [ERROR] AppliInfo:139 - Unknown STM32CubeMX version: 6.14.1
2025-12-27 11:36:08,564 [ERROR] AppliInfo:139 - Unknown STM32CubeMX version: 6.14.1
2025-12-27 11:36:08,564 [ERROR] AppliInfo:139 - Unknown STM32CubeMX version: 6.14.1
2025-12-27 11:36:08,564 [ERROR] AppliInfo:139 - Unknown STM32CubeMX version: 6.14.1
2025-12-27 11:36:08,564 [ERROR] AppliInfo:139 - Unknown STM32CubeMX version: 6.14.1
2025-12-27 11:36:08,564 [ERROR] AppliInfo:139 - Unknown STM32CubeMX version: 6.14.1
2025-12-27 11:36:08,565 [ERROR] AppliInfo:139 - Unknown STM32CubeMX version: 6.14.1
2025-12-27 11:36:08,565 [ERROR] AppliInfo:139 - Unknown STM32CubeMX version: 6.14.1
2025-12-27 11:36:08,565 [ERROR] AppliInfo:139 - Unknown STM32CubeMX version: 6.14.1
2025-12-27 11:36:08,565 [ERROR] AppliInfo:139 - Unknown STM32CubeMX version: 6.14.1
2025-12-27 11:36:08,565 [ERROR] AppliInfo:139 - Unknown STM32CubeMX version: 6.14.1
2025-12-27 11:36:08,565 [ERROR] AppliInfo:139 - Unknown STM32CubeMX version: 6.14.1
2025-12-27 11:36:08,565 [ERROR] AppliInfo:139 - Unknown STM32CubeMX version: 6.14.1
2025-12-27 11:36:08,565 [ERROR] AppliInfo:139 - Unknown STM32CubeMX version: 6.14.1
2025-12-27 11:36:08,565 [ERROR] AppliInfo:139 - Unknown STM32CubeMX version: 6.14.1
2025-12-27 11:36:08,566 [ERROR] AppliInfo:139 - Unknown STM32CubeMX version: 6.14.1
2025-12-27 11:36:08,566 [ERROR] AppliInfo:139 - Unknown STM32CubeMX version: 6.14.1
2025-12-27 11:36:08,566 [ERROR] AppliInfo:139 - Unknown STM32CubeMX version: 6.14.1
2025-12-27 11:36:08,566 [ERROR] AppliInfo:139 - Unknown STM32CubeMX version: 6.14.1
2025-12-27 11:36:08,566 [ERROR] AppliInfo:139 - Unknown STM32CubeMX version: 6.14.1
2025-12-27 11:36:08,566 [ERROR] AppliInfo:139 - Unknown STM32CubeMX version: 6.14.1
2025-12-27 11:36:08,566 [ERROR] AppliInfo:139 - Unknown STM32CubeMX version: 6.14.1
2025-12-27 11:36:08,566 [ERROR] AppliInfo:139 - Unknown STM32CubeMX version: 6.14.1
2025-12-27 11:36:08,566 [ERROR] AppliInfo:139 - Unknown STM32CubeMX version: 6.14.1
2025-12-27 11:36:08,567 [ERROR] AppliInfo:139 - Unknown STM32CubeMX version: 6.14.1
2025-12-27 11:36:08,567 [ERROR] AppliInfo:139 - Unknown STM32CubeMX version: 6.14.1
2025-12-27 11:36:08,567 [ERROR] AppliInfo:139 - Unknown STM32CubeMX version: 6.14.1
2025-12-27 11:36:08,567 [ERROR] AppliInfo:139 - Unknown STM32CubeMX version: 6.14.1
2025-12-27 11:36:08,567 [ERROR] AppliInfo:139 - Unknown STM32CubeMX version: 6.14.1
2025-12-27 11:36:08,567 [ERROR] AppliInfo:139 - Unknown STM32CubeMX version: 6.14.1
2025-12-27 11:36:08,567 [ERROR] AppliInfo:139 - Unknown STM32CubeMX version: 6.14.1
2025-12-27 11:36:08,567 [ERROR] AppliInfo:139 - Unknown STM32CubeMX version: 6.14.1
2025-12-27 11:36:08,567 [ERROR] AppliInfo:139 - Unknown STM32CubeMX version: 6.14.1
2025-12-27 11:36:08,567 [ERROR] AppliInfo:139 - Unknown STM32CubeMX version: 6.14.1
2025-12-27 11:36:08,568 [ERROR] AppliInfo:139 - Unknown STM32CubeMX version: 6.14.1
2025-12-27 11:36:08,568 [ERROR] AppliInfo:139 - Unknown STM32CubeMX version: 6.14.1
2025-12-27 11:36:08,568 [ERROR] AppliInfo:139 - Unknown STM32CubeMX version: 6.14.1
2025-12-27 11:36:08,568 [ERROR] AppliInfo:139 - Unknown STM32CubeMX version: 6.14.1
2025-12-27 11:36:08,568 [ERROR] AppliInfo:139 - Unknown STM32CubeMX version: 6.14.1
2025-12-27 11:36:08,568 [ERROR] AppliInfo:139 - Unknown STM32CubeMX version: 6.14.1
2025-12-27 11:36:08,568 [ERROR] AppliInfo:139 - Unknown STM32CubeMX version: 6.14.1
2025-12-27 11:36:08,568 [ERROR] AppliInfo:139 - Unknown STM32CubeMX version: 6.14.1
2025-12-27 11:36:08,568 [ERROR] AppliInfo:139 - Unknown STM32CubeMX version: 6.14.1
2025-12-27 11:36:08,568 [ERROR] AppliInfo:139 - Unknown STM32CubeMX version: 6.14.1
2025-12-27 11:36:08,568 [ERROR] AppliInfo:139 - Unknown STM32CubeMX version: 6.14.1
2025-12-27 11:36:08,569 [ERROR] AppliInfo:139 - Unknown STM32CubeMX version: 6.14.1
2025-12-27 11:36:08,569 [ERROR] AppliInfo:139 - Unknown STM32CubeMX version: 6.14.1
2025-12-27 11:36:08,569 [ERROR] AppliInfo:139 - Unknown STM32CubeMX version: 6.14.1
2025-12-27 11:36:08,569 [ERROR] AppliInfo:139 - Unknown STM32CubeMX version: 6.14.1
2025-12-27 11:36:08,569 [ERROR] AppliInfo:139 - Unknown STM32CubeMX version: 6.14.1
2025-12-27 11:36:08,569 [ERROR] AppliInfo:139 - Unknown STM32CubeMX version: 6.14.1
2025-12-27 11:36:08,569 [ERROR] AppliInfo:139 - Unknown STM32CubeMX version: 6.14.1
2025-12-27 11:36:08,569 [ERROR] AppliInfo:139 - Unknown STM32CubeMX version: 6.14.1
2025-12-27 11:36:08,569 [ERROR] AppliInfo:139 - Unknown STM32CubeMX version: 6.14.1
2025-12-27 11:36:08,569 [ERROR] AppliInfo:139 - Unknown STM32CubeMX version: 6.14.1
2025-12-27 11:36:08,570 [ERROR] AppliInfo:139 - Unknown STM32CubeMX version: 6.14.1
2025-12-27 11:36:08,570 [ERROR] AppliInfo:139 - Unknown STM32CubeMX version: 6.14.1
2025-12-27 11:36:08,570 [ERROR] AppliInfo:139 - Unknown STM32CubeMX version: 6.14.1
2025-12-27 11:36:08,570 [ERROR] AppliInfo:139 - Unknown STM32CubeMX version: 6.14.1
2025-12-27 11:36:08,570 [ERROR] AppliInfo:139 - Unknown STM32CubeMX version: 6.14.1
2025-12-27 11:36:08,570 [ERROR] AppliInfo:139 - Unknown STM32CubeMX version: 6.14.1
2025-12-27 11:36:08,570 [ERROR] AppliInfo:139 - Unknown STM32CubeMX version: 6.14.1
2025-12-27 11:36:08,570 [ERROR] AppliInfo:139 - Unknown STM32CubeMX version: 6.14.1
2025-12-27 11:36:08,570 [ERROR] AppliInfo:139 - Unknown STM32CubeMX version: 6.14.1
2025-12-27 11:36:08,570 [ERROR] AppliInfo:139 - Unknown STM32CubeMX version: 6.14.1
2025-12-27 11:36:08,571 [ERROR] AppliInfo:139 - Unknown STM32CubeMX version: 6.14.1
2025-12-27 11:36:08,571 [ERROR] AppliInfo:139 - Unknown STM32CubeMX version: 6.14.1
2025-12-27 11:36:08,571 [ERROR] AppliInfo:139 - Unknown STM32CubeMX version: 6.14.1
2025-12-27 11:36:08,571 [ERROR] AppliInfo:139 - Unknown STM32CubeMX version: 6.14.1
2025-12-27 11:36:08,571 [ERROR] AppliInfo:139 - Unknown STM32CubeMX version: 6.14.1
2025-12-27 11:36:08,571 [ERROR] AppliInfo:139 - Unknown STM32CubeMX version: 6.14.1
2025-12-27 11:36:08,571 [ERROR] AppliInfo:139 - Unknown STM32CubeMX version: 6.14.1
2025-12-27 11:36:08,571 [ERROR] AppliInfo:139 - Unknown STM32CubeMX version: 6.14.1
2025-12-27 11:36:08,571 [ERROR] AppliInfo:139 - Unknown STM32CubeMX version: 6.14.1
2025-12-27 11:36:08,571 [ERROR] AppliInfo:139 - Unknown STM32CubeMX version: 6.14.1
2025-12-27 11:36:08,572 [ERROR] AppliInfo:139 - Unknown STM32CubeMX version: 6.14.1
2025-12-27 11:36:08,572 [ERROR] AppliInfo:139 - Unknown STM32CubeMX version: 6.14.1
2025-12-27 11:36:08,572 [ERROR] AppliInfo:139 - Unknown STM32CubeMX version: 6.14.1
2025-12-27 11:36:08,572 [ERROR] AppliInfo:139 - Unknown STM32CubeMX version: 6.14.1
2025-12-27 11:36:08,572 [ERROR] AppliInfo:139 - Unknown STM32CubeMX version: 6.14.1
2025-12-27 11:36:08,572 [ERROR] AppliInfo:139 - Unknown STM32CubeMX version: 6.14.1
2025-12-27 11:36:08,578 [ERROR] AppliInfo:139 - Unknown STM32CubeMX version: 6.15.0
2025-12-27 11:36:08,578 [ERROR] AppliInfo:139 - Unknown STM32CubeMX version: 6.15.0
2025-12-27 11:36:08,578 [ERROR] AppliInfo:139 - Unknown STM32CubeMX version: 6.15.0
2025-12-27 11:36:08,578 [ERROR] AppliInfo:139 - Unknown STM32CubeMX version: 6.15.0
2025-12-27 11:36:08,578 [ERROR] AppliInfo:139 - Unknown STM32CubeMX version: 6.15.0
2025-12-27 11:36:08,578 [ERROR] AppliInfo:139 - Unknown STM32CubeMX version: 6.15.0
2025-12-27 11:36:08,578 [ERROR] AppliInfo:139 - Unknown STM32CubeMX version: 6.15.0
2025-12-27 11:36:08,579 [ERROR] AppliInfo:139 - Unknown STM32CubeMX version: 6.15.0
2025-12-27 11:36:08,579 [ERROR] AppliInfo:139 - Unknown STM32CubeMX version: 6.15.0
2025-12-27 11:36:08,579 [ERROR] AppliInfo:139 - Unknown STM32CubeMX version: 6.15.0
2025-12-27 11:36:08,579 [ERROR] AppliInfo:139 - Unknown STM32CubeMX version: 6.15.0
2025-12-27 11:36:08,579 [ERROR] AppliInfo:139 - Unknown STM32CubeMX version: 6.15.0
2025-12-27 11:36:08,579 [ERROR] AppliInfo:139 - Unknown STM32CubeMX version: 6.15.0
2025-12-27 11:36:08,579 [ERROR] AppliInfo:139 - Unknown STM32CubeMX version: 6.15.0
2025-12-27 11:36:08,579 [ERROR] AppliInfo:139 - Unknown STM32CubeMX version: 6.15.0
2025-12-27 11:36:08,579 [ERROR] AppliInfo:139 - Unknown STM32CubeMX version: 6.15.0
2025-12-27 11:36:08,579 [ERROR] AppliInfo:139 - Unknown STM32CubeMX version: 6.15.0
2025-12-27 11:36:08,580 [ERROR] AppliInfo:139 - Unknown STM32CubeMX version: 6.15.0
2025-12-27 11:36:08,580 [ERROR] AppliInfo:139 - Unknown STM32CubeMX version: 6.15.0
2025-12-27 11:36:08,580 [ERROR] AppliInfo:139 - Unknown STM32CubeMX version: 6.15.0
2025-12-27 11:36:13,073 [ERROR] AppliInfo:139 - Unknown STM32CubeMX version: 6.14.1
2025-12-27 11:36:13,074 [ERROR] AppliInfo:139 - Unknown STM32CubeMX version: 6.14.1
2025-12-27 11:36:13,074 [ERROR] AppliInfo:139 - Unknown STM32CubeMX version: 6.14.1
2025-12-27 11:36:13,074 [ERROR] AppliInfo:139 - Unknown STM32CubeMX version: 6.14.1
2025-12-27 11:36:13,075 [ERROR] AppliInfo:139 - Unknown STM32CubeMX version: 6.14.1
2025-12-27 11:36:13,075 [ERROR] AppliInfo:139 - Unknown STM32CubeMX version: 6.14.1
2025-12-27 11:36:13,075 [ERROR] AppliInfo:139 - Unknown STM32CubeMX version: 6.14.1
2025-12-27 11:36:13,227 [ERROR] AppliInfo:139 - Unknown STM32CubeMX version: 6.16.0
2025-12-27 11:36:13,227 [ERROR] AppliInfo:139 - Unknown STM32CubeMX version: 6.16.0
2025-12-27 11:36:13,228 [ERROR] AppliInfo:139 - Unknown STM32CubeMX version: 6.16.0
2025-12-27 11:36:13,228 [ERROR] AppliInfo:139 - Unknown STM32CubeMX version: 6.16.0
2025-12-27 11:36:13,228 [ERROR] AppliInfo:139 - Unknown STM32CubeMX version: 6.16.0
2025-12-27 11:36:13,228 [ERROR] AppliInfo:139 - Unknown STM32CubeMX version: 6.15.0
2025-12-27 11:36:13,229 [ERROR] AppliInfo:139 - Unknown STM32CubeMX version: 6.15.0
2025-12-27 11:36:13,229 [ERROR] AppliInfo:139 - Unknown STM32CubeMX version: 6.15.0
2025-12-27 11:36:13,229 [ERROR] AppliInfo:139 - Unknown STM32CubeMX version: 6.15.0
2025-12-27 11:36:13,229 [ERROR] AppliInfo:139 - Unknown STM32CubeMX version: 6.15.0
2025-12-27 11:36:13,234 [ERROR] AppliInfo:139 - Unknown STM32CubeMX version: 6.16.0
2025-12-27 11:36:13,234 [ERROR] AppliInfo:139 - Unknown STM32CubeMX version: 6.16.0
2025-12-27 11:36:13,234 [ERROR] AppliInfo:139 - Unknown STM32CubeMX version: 6.16.0
2025-12-27 11:36:13,235 [ERROR] AppliInfo:139 - Unknown STM32CubeMX version: 6.16.0
2025-12-27 11:36:13,290 [ERROR] AppliInfo:139 - Unknown STM32CubeMX version: 6.16.0
2025-12-27 11:36:13,292 [ERROR] AppliInfo:139 - Unknown STM32CubeMX version: 6.16.0
2025-12-27 11:36:13,308 [ERROR] AppliInfo:139 - Unknown STM32CubeMX version: 6.16.0
2025-12-27 11:36:13,309 [ERROR] AppliInfo:139 - Unknown STM32CubeMX version: 6.16.0
2025-12-27 11:36:13,309 [ERROR] AppliInfo:139 - Unknown STM32CubeMX version: 6.16.0
2025-12-27 11:36:13,309 [ERROR] AppliInfo:139 - Unknown STM32CubeMX version: 6.16.0
2025-12-27 11:36:13,310 [ERROR] AppliInfo:139 - Unknown STM32CubeMX version: 6.16.0
2025-12-27 11:36:13,310 [ERROR] AppliInfo:139 - Unknown STM32CubeMX version: 6.16.0
2025-12-27 11:36:13,310 [ERROR] AppliInfo:139 - Unknown STM32CubeMX version: 6.16.0
2025-12-27 11:36:13,310 [ERROR] AppliInfo:139 - Unknown STM32CubeMX version: 6.16.0
2025-12-27 11:36:13,311 [ERROR] AppliInfo:139 - Unknown STM32CubeMX version: 6.16.0
2025-12-27 11:36:13,311 [ERROR] AppliInfo:139 - Unknown STM32CubeMX version: 6.15.0
2025-12-27 11:36:13,311 [ERROR] AppliInfo:139 - Unknown STM32CubeMX version: 6.15.0
2025-12-27 11:36:13,311 [ERROR] AppliInfo:139 - Unknown STM32CubeMX version: 6.15.0
2025-12-27 11:36:13,311 [ERROR] AppliInfo:139 - Unknown STM32CubeMX version: 6.15.0
2025-12-27 11:36:13,311 [ERROR] AppliInfo:139 - Unknown STM32CubeMX version: 6.15.0
2025-12-27 11:36:13,312 [ERROR] AppliInfo:139 - Unknown STM32CubeMX version: 6.16.0
2025-12-27 11:36:13,312 [ERROR] AppliInfo:139 - Unknown STM32CubeMX version: 6.16.0
2025-12-27 11:36:13,312 [ERROR] AppliInfo:139 - Unknown STM32CubeMX version: 6.15.0
2025-12-27 11:36:13,313 [ERROR] AppliInfo:139 - Unknown STM32CubeMX version: 6.16.0
2025-12-27 11:36:13,313 [ERROR] AppliInfo:139 - Unknown STM32CubeMX version: 6.16.0
2025-12-27 11:36:13,313 [ERROR] AppliInfo:139 - Unknown STM32CubeMX version: 6.16.0
2025-12-27 11:36:13,314 [ERROR] AppliInfo:139 - Unknown STM32CubeMX version: 6.16.0
2025-12-27 11:36:13,314 [ERROR] AppliInfo:139 - Unknown STM32CubeMX version: 6.16.0
2025-12-27 11:36:13,314 [ERROR] AppliInfo:139 - Unknown STM32CubeMX version: 6.16.0
2025-12-27 11:36:13,314 [ERROR] AppliInfo:139 - Unknown STM32CubeMX version: 6.16.0
2025-12-27 11:36:13,342 [ERROR] AppliInfo:139 - Unknown STM32CubeMX version: 6.15.0
2025-12-27 11:36:13,342 [ERROR] AppliInfo:139 - Unknown STM32CubeMX version: 6.15.0
2025-12-27 11:36:13,358 [ERROR] AppliInfo:139 - Unknown STM32CubeMX version: 6.15.0
2025-12-27 11:36:13,365 [ERROR] AppliInfo:139 - Unknown STM32CubeMX version: 6.16.0
2025-12-27 11:36:13,365 [ERROR] AppliInfo:139 - Unknown STM32CubeMX version: 6.16.0
2025-12-27 11:36:13,377 [ERROR] AppliInfo:139 - Unknown STM32CubeMX version: 6.16.0
2025-12-27 11:36:13,377 [ERROR] AppliInfo:139 - Unknown STM32CubeMX version: 6.16.0
2025-12-27 11:36:13,377 [ERROR] AppliInfo:139 - Unknown STM32CubeMX version: 6.16.0
2025-12-27 11:36:13,377 [ERROR] AppliInfo:139 - Unknown STM32CubeMX version: 6.16.0
2025-12-27 11:36:13,378 [ERROR] AppliInfo:139 - Unknown STM32CubeMX version: 6.16.0
2025-12-27 11:36:13,378 [ERROR] AppliInfo:139 - Unknown STM32CubeMX version: 6.16.0
2025-12-27 11:36:13,378 [ERROR] AppliInfo:139 - Unknown STM32CubeMX version: 6.16.0
2025-12-27 11:36:13,378 [ERROR] AppliInfo:139 - Unknown STM32CubeMX version: 6.16.0
2025-12-27 11:36:13,378 [ERROR] AppliInfo:139 - Unknown STM32CubeMX version: 6.16.0
2025-12-27 11:36:13,378 [ERROR] AppliInfo:139 - Unknown STM32CubeMX version: 6.16.0
2025-12-27 11:36:13,378 [ERROR] AppliInfo:139 - Unknown STM32CubeMX version: 6.16.0
2025-12-27 11:36:13,378 [ERROR] AppliInfo:139 - Unknown STM32CubeMX version: 6.16.0
2025-12-27 11:36:13,378 [ERROR] AppliInfo:139 - Unknown STM32CubeMX version: 6.16.0
2025-12-27 11:36:13,380 [ERROR] AppliInfo:139 - Unknown STM32CubeMX version: 6.16.0
2025-12-27 11:36:13,380 [ERROR] AppliInfo:139 - Unknown STM32CubeMX version: 6.16.0
2025-12-27 11:36:13,380 [ERROR] AppliInfo:139 - Unknown STM32CubeMX version: 6.16.0
2025-12-27 11:36:13,380 [ERROR] AppliInfo:139 - Unknown STM32CubeMX version: 6.16.0
2025-12-27 11:36:13,380 [ERROR] AppliInfo:139 - Unknown STM32CubeMX version: 6.16.0
2025-12-27 11:36:13,380 [ERROR] AppliInfo:139 - Unknown STM32CubeMX version: 6.16.0
2025-12-27 11:36:13,380 [ERROR] AppliInfo:139 - Unknown STM32CubeMX version: 6.16.0
2025-12-27 11:36:13,380 [ERROR] AppliInfo:139 - Unknown STM32CubeMX version: 6.16.0
2025-12-27 11:36:13,381 [ERROR] AppliInfo:139 - Unknown STM32CubeMX version: 6.16.0
2025-12-27 11:36:13,381 [ERROR] AppliInfo:139 - Unknown STM32CubeMX version: 6.16.0
2025-12-27 11:36:13,381 [ERROR] AppliInfo:139 - Unknown STM32CubeMX version: 6.16.0
2025-12-27 11:36:13,381 [ERROR] AppliInfo:139 - Unknown STM32CubeMX version: 6.16.0
2025-12-27 11:36:13,381 [ERROR] AppliInfo:139 - Unknown STM32CubeMX version: 6.16.0
2025-12-27 11:36:13,381 [ERROR] AppliInfo:139 - Unknown STM32CubeMX version: 6.16.0
2025-12-27 11:36:13,381 [ERROR] AppliInfo:139 - Unknown STM32CubeMX version: 6.16.0
2025-12-27 11:36:13,382 [ERROR] AppliInfo:139 - Unknown STM32CubeMX version: 6.16.0
2025-12-27 11:36:13,382 [ERROR] AppliInfo:139 - Unknown STM32CubeMX version: 6.16.0
2025-12-27 11:36:13,383 [ERROR] AppliInfo:139 - Unknown STM32CubeMX version: 6.16.0
2025-12-27 11:36:13,383 [ERROR] AppliInfo:139 - Unknown STM32CubeMX version: 6.16.0
2025-12-27 11:36:13,383 [ERROR] AppliInfo:139 - Unknown STM32CubeMX version: 6.16.0
2025-12-27 11:36:13,383 [ERROR] AppliInfo:139 - Unknown STM32CubeMX version: 6.16.0
2025-12-27 11:36:13,383 [ERROR] AppliInfo:139 - Unknown STM32CubeMX version: 6.16.0
2025-12-27 11:36:13,383 [ERROR] AppliInfo:139 - Unknown STM32CubeMX version: 6.16.0
2025-12-27 11:36:13,383 [ERROR] AppliInfo:139 - Unknown STM32CubeMX version: 6.16.0
2025-12-27 11:36:13,383 [ERROR] AppliInfo:139 - Unknown STM32CubeMX version: 6.16.0
2025-12-27 11:36:13,383 [ERROR] AppliInfo:139 - Unknown STM32CubeMX version: 6.16.0
2025-12-27 11:36:13,383 [ERROR] AppliInfo:139 - Unknown STM32CubeMX version: 6.16.0
2025-12-27 11:36:13,383 [ERROR] AppliInfo:139 - Unknown STM32CubeMX version: 6.16.0
2025-12-27 11:36:13,384 [ERROR] AppliInfo:139 - Unknown STM32CubeMX version: 6.16.0
2025-12-27 11:36:13,384 [ERROR] AppliInfo:139 - Unknown STM32CubeMX version: 6.16.0
2025-12-27 11:36:13,386 [ERROR] AppliInfo:139 - Unknown STM32CubeMX version: 6.16.0
2025-12-27 11:36:13,386 [ERROR] AppliInfo:139 - Unknown STM32CubeMX version: 6.16.0
2025-12-27 11:36:13,386 [ERROR] AppliInfo:139 - Unknown STM32CubeMX version: 6.16.0
2025-12-27 11:36:13,386 [ERROR] AppliInfo:139 - Unknown STM32CubeMX version: 6.16.0
2025-12-27 11:36:13,387 [ERROR] AppliInfo:139 - Unknown STM32CubeMX version: 6.16.0
2025-12-27 11:36:13,387 [ERROR] AppliInfo:139 - Unknown STM32CubeMX version: 6.16.0
2025-12-27 11:36:13,387 [ERROR] AppliInfo:139 - Unknown STM32CubeMX version: 6.16.0
2025-12-27 11:36:13,388 [ERROR] AppliInfo:139 - Unknown STM32CubeMX version: 6.16.0
2025-12-27 11:36:13,388 [ERROR] AppliInfo:139 - Unknown STM32CubeMX version: 6.16.0
2025-12-27 11:36:13,388 [ERROR] AppliInfo:139 - Unknown STM32CubeMX version: 6.16.0
2025-12-27 11:36:13,388 [ERROR] AppliInfo:139 - Unknown STM32CubeMX version: 6.16.0
2025-12-27 11:36:13,389 [ERROR] AppliInfo:139 - Unknown STM32CubeMX version: 6.16.0
2025-12-27 11:36:13,389 [ERROR] AppliInfo:139 - Unknown STM32CubeMX version: 6.16.0
2025-12-27 11:36:13,389 [ERROR] AppliInfo:139 - Unknown STM32CubeMX version: 6.16.0
2025-12-27 11:36:13,389 [ERROR] AppliInfo:139 - Unknown STM32CubeMX version: 6.16.0
2025-12-27 11:36:13,389 [ERROR] AppliInfo:139 - Unknown STM32CubeMX version: 6.16.0
2025-12-27 11:36:13,389 [ERROR] AppliInfo:139 - Unknown STM32CubeMX version: 6.16.0
2025-12-27 11:36:13,389 [ERROR] AppliInfo:139 - Unknown STM32CubeMX version: 6.16.0
2025-12-27 11:36:13,389 [ERROR] AppliInfo:139 - Unknown STM32CubeMX version: 6.16.0
2025-12-27 11:36:13,389 [ERROR] AppliInfo:139 - Unknown STM32CubeMX version: 6.16.0
2025-12-27 11:36:13,390 [ERROR] AppliInfo:139 - Unknown STM32CubeMX version: 6.16.0
2025-12-27 11:36:13,390 [ERROR] AppliInfo:139 - Unknown STM32CubeMX version: 6.16.0
2025-12-27 11:36:13,390 [ERROR] AppliInfo:139 - Unknown STM32CubeMX version: 6.16.0
2025-12-27 11:36:13,395 [ERROR] AppliInfo:139 - Unknown STM32CubeMX version: 6.16.0
2025-12-27 11:36:13,397 [ERROR] AppliInfo:139 - Unknown STM32CubeMX version: 6.16.0
2025-12-27 11:36:13,397 [ERROR] AppliInfo:139 - Unknown STM32CubeMX version: 6.16.0
2025-12-27 11:36:13,397 [ERROR] AppliInfo:139 - Unknown STM32CubeMX version: 6.16.0
2025-12-27 11:36:13,397 [ERROR] AppliInfo:139 - Unknown STM32CubeMX version: 6.16.0
2025-12-27 11:36:13,398 [ERROR] AppliInfo:139 - Unknown STM32CubeMX version: 6.16.0
2025-12-27 11:36:13,399 [ERROR] AppliInfo:139 - Unknown STM32CubeMX version: 6.15.0
2025-12-27 11:36:13,399 [ERROR] AppliInfo:139 - Unknown STM32CubeMX version: 6.16.0
2025-12-27 11:36:13,399 [ERROR] AppliInfo:139 - Unknown STM32CubeMX version: 6.16.0
2025-12-27 11:36:13,399 [ERROR] AppliInfo:139 - Unknown STM32CubeMX version: 6.16.0
2025-12-27 11:36:13,399 [ERROR] AppliInfo:139 - Unknown STM32CubeMX version: 6.16.0
2025-12-27 11:36:13,399 [ERROR] AppliInfo:139 - Unknown STM32CubeMX version: 6.15.0
2025-12-27 11:36:13,399 [ERROR] AppliInfo:139 - Unknown STM32CubeMX version: 6.16.0
2025-12-27 11:36:13,399 [ERROR] AppliInfo:139 - Unknown STM32CubeMX version: 6.16.0
2025-12-27 11:36:13,399 [ERROR] AppliInfo:139 - Unknown STM32CubeMX version: 6.15.0
2025-12-27 11:36:13,399 [ERROR] AppliInfo:139 - Unknown STM32CubeMX version: 6.16.0
2025-12-27 11:36:13,400 [ERROR] AppliInfo:139 - Unknown STM32CubeMX version: 6.16.0
2025-12-27 11:36:13,400 [ERROR] AppliInfo:139 - Unknown STM32CubeMX version: 6.15.0
2025-12-27 11:36:13,400 [ERROR] AppliInfo:139 - Unknown STM32CubeMX version: 6.16.0
2025-12-27 11:36:13,400 [ERROR] AppliInfo:139 - Unknown STM32CubeMX version: 6.16.0
2025-12-27 11:36:13,400 [ERROR] AppliInfo:139 - Unknown STM32CubeMX version: 6.16.0
2025-12-27 11:36:13,403 [ERROR] AppliInfo:139 - Unknown STM32CubeMX version: 6.16.0
2025-12-27 11:36:13,404 [ERROR] AppliInfo:139 - Unknown STM32CubeMX version: 6.16.0
2025-12-27 11:36:13,409 [ERROR] AppliInfo:139 - Unknown STM32CubeMX version: 6.16.0
2025-12-27 11:36:13,409 [ERROR] AppliInfo:139 - Unknown STM32CubeMX version: 6.16.0
2025-12-27 11:36:13,409 [ERROR] AppliInfo:139 - Unknown STM32CubeMX version: 6.16.0
2025-12-27 11:36:13,409 [ERROR] AppliInfo:139 - Unknown STM32CubeMX version: 6.16.0
2025-12-27 11:36:13,409 [ERROR] AppliInfo:139 - Unknown STM32CubeMX version: 6.16.0
2025-12-27 11:36:13,410 [ERROR] AppliInfo:139 - Unknown STM32CubeMX version: 6.16.0
2025-12-27 11:36:13,410 [ERROR] AppliInfo:139 - Unknown STM32CubeMX version: 6.16.0
2025-12-27 11:36:13,410 [ERROR] AppliInfo:139 - Unknown STM32CubeMX version: 6.15.0
2025-12-27 11:36:13,410 [ERROR] AppliInfo:139 - Unknown STM32CubeMX version: 6.15.0
2025-12-27 11:36:13,410 [ERROR] AppliInfo:139 - Unknown STM32CubeMX version: 6.15.0
2025-12-27 11:36:13,410 [ERROR] AppliInfo:139 - Unknown STM32CubeMX version: 6.15.0
2025-12-27 11:36:13,410 [ERROR] AppliInfo:139 - Unknown STM32CubeMX version: 6.16.0
2025-12-27 11:36:13,411 [ERROR] AppliInfo:139 - Unknown STM32CubeMX version: 6.16.0
2025-12-27 11:36:13,411 [ERROR] AppliInfo:139 - Unknown STM32CubeMX version: 6.16.0
2025-12-27 11:36:13,411 [ERROR] AppliInfo:139 - Unknown STM32CubeMX version: 6.16.0
2025-12-27 11:36:13,411 [ERROR] AppliInfo:139 - Unknown STM32CubeMX version: 6.16.0
2025-12-27 11:36:13,411 [ERROR] AppliInfo:139 - Unknown STM32CubeMX version: 6.16.0
2025-12-27 11:36:13,411 [ERROR] AppliInfo:139 - Unknown STM32CubeMX version: 6.16.0
2025-12-27 11:36:13,411 [ERROR] AppliInfo:139 - Unknown STM32CubeMX version: 6.16.0
2025-12-27 11:36:13,411 [ERROR] AppliInfo:139 - Unknown STM32CubeMX version: 6.16.0
2025-12-27 11:36:13,412 [ERROR] AppliInfo:139 - Unknown STM32CubeMX version: 6.15.0
2025-12-27 11:36:13,412 [ERROR] AppliInfo:139 - Unknown STM32CubeMX version: 6.15.0
2025-12-27 11:36:13,412 [ERROR] AppliInfo:139 - Unknown STM32CubeMX version: 6.15.0
2025-12-27 11:36:13,412 [ERROR] AppliInfo:139 - Unknown STM32CubeMX version: 6.16.0
2025-12-27 11:36:13,412 [ERROR] AppliInfo:139 - Unknown STM32CubeMX version: 6.16.0
2025-12-27 11:36:13,412 [ERROR] AppliInfo:139 - Unknown STM32CubeMX version: 6.16.0
2025-12-27 11:36:13,412 [ERROR] AppliInfo:139 - Unknown STM32CubeMX version: 6.16.0
2025-12-27 11:36:13,412 [ERROR] AppliInfo:139 - Unknown STM32CubeMX version: 6.16.0
2025-12-27 11:36:13,412 [ERROR] AppliInfo:139 - Unknown STM32CubeMX version: 6.16.0
2025-12-27 11:36:13,412 [ERROR] AppliInfo:139 - Unknown STM32CubeMX version: 6.16.0
2025-12-27 11:36:13,413 [ERROR] AppliInfo:139 - Unknown STM32CubeMX version: 6.16.0
2025-12-27 11:36:13,413 [ERROR] AppliInfo:139 - Unknown STM32CubeMX version: 6.16.0
2025-12-27 11:36:13,413 [ERROR] AppliInfo:139 - Unknown STM32CubeMX version: 6.16.0
2025-12-27 11:36:13,413 [ERROR] AppliInfo:139 - Unknown STM32CubeMX version: 6.16.0
2025-12-27 11:36:13,413 [ERROR] AppliInfo:139 - Unknown STM32CubeMX version: 6.15.0
2025-12-27 11:36:13,413 [ERROR] AppliInfo:139 - Unknown STM32CubeMX version: 6.16.0
2025-12-27 11:36:13,413 [ERROR] AppliInfo:139 - Unknown STM32CubeMX version: 6.16.0
2025-12-27 11:36:13,413 [ERROR] AppliInfo:139 - Unknown STM32CubeMX version: 6.15.0
2025-12-27 11:36:13,413 [ERROR] AppliInfo:139 - Unknown STM32CubeMX version: 6.16.0
2025-12-27 11:36:13,414 [ERROR] AppliInfo:139 - Unknown STM32CubeMX version: 6.16.0
2025-12-27 11:36:13,414 [ERROR] AppliInfo:139 - Unknown STM32CubeMX version: 6.15.0
2025-12-27 11:36:13,414 [ERROR] AppliInfo:139 - Unknown STM32CubeMX version: 6.16.0
2025-12-27 11:36:13,414 [ERROR] AppliInfo:139 - Unknown STM32CubeMX version: 6.15.0
2025-12-27 11:36:13,414 [ERROR] AppliInfo:139 - Unknown STM32CubeMX version: 6.16.0
2025-12-27 11:36:13,414 [ERROR] AppliInfo:139 - Unknown STM32CubeMX version: 6.16.0
2025-12-27 11:36:13,414 [ERROR] AppliInfo:139 - Unknown STM32CubeMX version: 6.16.0
2025-12-27 11:36:13,414 [ERROR] AppliInfo:139 - Unknown STM32CubeMX version: 6.16.0
2025-12-27 11:36:13,414 [ERROR] AppliInfo:139 - Unknown STM32CubeMX version: 6.16.0
2025-12-27 11:36:13,414 [ERROR] AppliInfo:139 - Unknown STM32CubeMX version: 6.15.0
2025-12-27 11:36:13,414 [ERROR] AppliInfo:139 - Unknown STM32CubeMX version: 6.16.0
2025-12-27 11:36:13,414 [ERROR] AppliInfo:139 - Unknown STM32CubeMX version: 6.16.0
2025-12-27 11:36:13,415 [ERROR] AppliInfo:139 - Unknown STM32CubeMX version: 6.16.0
2025-12-27 11:36:13,415 [ERROR] AppliInfo:139 - Unknown STM32CubeMX version: 6.16.0
2025-12-27 11:36:13,415 [ERROR] AppliInfo:139 - Unknown STM32CubeMX version: 6.16.0
2025-12-27 11:36:13,415 [ERROR] AppliInfo:139 - Unknown STM32CubeMX version: 6.16.0
2025-12-27 11:36:13,415 [ERROR] AppliInfo:139 - Unknown STM32CubeMX version: 6.16.0
2025-12-27 11:36:13,415 [ERROR] AppliInfo:139 - Unknown STM32CubeMX version: 6.16.0
2025-12-27 11:36:13,415 [ERROR] AppliInfo:139 - Unknown STM32CubeMX version: 6.16.0
2025-12-27 11:36:13,416 [ERROR] AppliInfo:139 - Unknown STM32CubeMX version: 6.16.0
2025-12-27 11:36:13,416 [ERROR] AppliInfo:139 - Unknown STM32CubeMX version: 6.16.0
2025-12-27 11:36:13,416 [ERROR] AppliInfo:139 - Unknown STM32CubeMX version: 6.16.0
2025-12-27 11:36:13,416 [ERROR] AppliInfo:139 - Unknown STM32CubeMX version: 6.16.0
2025-12-27 11:36:13,416 [ERROR] AppliInfo:139 - Unknown STM32CubeMX version: 6.16.0
2025-12-27 11:36:13,416 [ERROR] AppliInfo:139 - Unknown STM32CubeMX version: 6.16.0
2025-12-27 11:36:13,416 [ERROR] AppliInfo:139 - Unknown STM32CubeMX version: 6.16.0
2025-12-27 11:36:13,417 [ERROR] AppliInfo:139 - Unknown STM32CubeMX version: 6.16.0
2025-12-27 11:36:13,418 [ERROR] AppliInfo:139 - Unknown STM32CubeMX version: 6.16.0
2025-12-27 11:36:13,418 [ERROR] AppliInfo:139 - Unknown STM32CubeMX version: 6.16.0
2025-12-27 11:36:13,419 [ERROR] AppliInfo:139 - Unknown STM32CubeMX version: 6.16.0
2025-12-27 11:36:13,419 [ERROR] AppliInfo:139 - Unknown STM32CubeMX version: 6.16.0
2025-12-27 11:36:13,419 [ERROR] AppliInfo:139 - Unknown STM32CubeMX version: 6.15.0
2025-12-27 11:36:13,419 [ERROR] AppliInfo:139 - Unknown STM32CubeMX version: 6.15.0
2025-12-27 11:36:13,419 [ERROR] AppliInfo:139 - Unknown STM32CubeMX version: 6.15.0
2025-12-27 11:36:13,419 [ERROR] AppliInfo:139 - Unknown STM32CubeMX version: 6.15.0
2025-12-27 11:36:13,419 [ERROR] AppliInfo:139 - Unknown STM32CubeMX version: 6.16.0
2025-12-27 11:36:13,419 [ERROR] AppliInfo:139 - Unknown STM32CubeMX version: 6.16.0
2025-12-27 11:36:13,420 [ERROR] AppliInfo:139 - Unknown STM32CubeMX version: 6.16.0
2025-12-27 11:36:13,420 [ERROR] AppliInfo:139 - Unknown STM32CubeMX version: 6.16.0
2025-12-27 11:36:13,420 [ERROR] AppliInfo:139 - Unknown STM32CubeMX version: 6.16.0
2025-12-27 11:36:13,420 [ERROR] AppliInfo:139 - Unknown STM32CubeMX version: 6.16.0
2025-12-27 11:36:13,420 [ERROR] AppliInfo:139 - Unknown STM32CubeMX version: 6.16.0
2025-12-27 11:36:13,420 [ERROR] AppliInfo:139 - Unknown STM32CubeMX version: 6.16.0
2025-12-27 11:36:13,428 [ERROR] AppliInfo:139 - Unknown STM32CubeMX version: 6.16.0
2025-12-27 11:36:13,428 [ERROR] AppliInfo:139 - Unknown STM32CubeMX version: 6.16.0
2025-12-27 11:36:13,428 [ERROR] AppliInfo:139 - Unknown STM32CubeMX version: 6.16.0
2025-12-27 11:36:13,429 [ERROR] AppliInfo:139 - Unknown STM32CubeMX version: 6.16.0
2025-12-27 11:36:13,429 [ERROR] AppliInfo:139 - Unknown STM32CubeMX version: 6.16.0
2025-12-27 11:36:13,429 [ERROR] AppliInfo:139 - Unknown STM32CubeMX version: 6.16.0
2025-12-27 11:36:13,429 [ERROR] AppliInfo:139 - Unknown STM32CubeMX version: 6.16.0
2025-12-27 11:36:13,444 [ERROR] AppliInfo:139 - Unknown STM32CubeMX version: 6.16.0
2025-12-27 11:36:13,444 [ERROR] AppliInfo:139 - Unknown STM32CubeMX version: 6.16.0
2025-12-27 11:36:13,444 [ERROR] AppliInfo:139 - Unknown STM32CubeMX version: 6.16.0
2025-12-27 11:36:13,444 [ERROR] AppliInfo:139 - Unknown STM32CubeMX version: 6.16.0
2025-12-27 11:36:13,444 [ERROR] AppliInfo:139 - Unknown STM32CubeMX version: 6.16.0
2025-12-27 11:36:13,444 [ERROR] AppliInfo:139 - Unknown STM32CubeMX version: 6.16.0
2025-12-27 11:36:13,444 [ERROR] AppliInfo:139 - Unknown STM32CubeMX version: 6.16.0
2025-12-27 11:36:13,445 [ERROR] AppliInfo:139 - Unknown STM32CubeMX version: 6.16.0
2025-12-27 11:36:13,445 [ERROR] AppliInfo:139 - Unknown STM32CubeMX version: 6.16.0
2025-12-27 11:36:13,445 [ERROR] AppliInfo:139 - Unknown STM32CubeMX version: 6.16.0
2025-12-27 11:36:13,445 [ERROR] AppliInfo:139 - Unknown STM32CubeMX version: 6.15.0
2025-12-27 11:36:13,445 [ERROR] AppliInfo:139 - Unknown STM32CubeMX version: 6.15.0
2025-12-27 11:36:13,445 [ERROR] AppliInfo:139 - Unknown STM32CubeMX version: 6.15.0
2025-12-27 11:36:13,445 [ERROR] AppliInfo:139 - Unknown STM32CubeMX version: 6.16.0
2025-12-27 11:36:13,445 [ERROR] AppliInfo:139 - Unknown STM32CubeMX version: 6.16.0
2025-12-27 11:36:13,447 [ERROR] AppliInfo:139 - Unknown STM32CubeMX version: 6.15.0
2025-12-27 11:36:13,448 [ERROR] AppliInfo:139 - Unknown STM32CubeMX version: 6.15.0
2025-12-27 11:36:13,449 [ERROR] AppliInfo:139 - Unknown STM32CubeMX version: 6.15.0
2025-12-27 11:36:13,449 [ERROR] AppliInfo:139 - Unknown STM32CubeMX version: 6.15.0
2025-12-27 11:36:13,449 [ERROR] AppliInfo:139 - Unknown STM32CubeMX version: 6.16.0
2025-12-27 11:36:13,449 [ERROR] AppliInfo:139 - Unknown STM32CubeMX version: 6.16.0
2025-12-27 11:36:13,450 [ERROR] AppliInfo:139 - Unknown STM32CubeMX version: 6.15.0
2025-12-27 11:36:13,452 [ERROR] AppliInfo:139 - Unknown STM32CubeMX version: 6.16.0
2025-12-27 11:36:13,452 [ERROR] AppliInfo:139 - Unknown STM32CubeMX version: 6.16.0
2025-12-27 11:36:13,452 [ERROR] AppliInfo:139 - Unknown STM32CubeMX version: 6.16.0
2025-12-27 11:36:13,453 [ERROR] AppliInfo:139 - Unknown STM32CubeMX version: 6.16.0
2025-12-27 11:36:13,453 [ERROR] AppliInfo:139 - Unknown STM32CubeMX version: 6.16.0
2025-12-27 11:36:13,453 [ERROR] AppliInfo:139 - Unknown STM32CubeMX version: 6.16.0
2025-12-27 11:36:13,453 [ERROR] AppliInfo:139 - Unknown STM32CubeMX version: 6.16.0
2025-12-27 11:36:13,453 [ERROR] AppliInfo:139 - Unknown STM32CubeMX version: 6.16.0
2025-12-27 11:36:13,453 [ERROR] AppliInfo:139 - Unknown STM32CubeMX version: 6.16.0
2025-12-27 11:36:13,453 [ERROR] AppliInfo:139 - Unknown STM32CubeMX version: 6.16.0
2025-12-27 11:36:13,453 [ERROR] AppliInfo:139 - Unknown STM32CubeMX version: 6.16.0
2025-12-27 11:36:13,454 [ERROR] AppliInfo:139 - Unknown STM32CubeMX version: 6.16.0
2025-12-27 11:36:13,454 [ERROR] AppliInfo:139 - Unknown STM32CubeMX version: 6.16.0
2025-12-27 11:36:13,454 [ERROR] AppliInfo:139 - Unknown STM32CubeMX version: 6.16.0
2025-12-27 11:36:13,454 [ERROR] AppliInfo:139 - Unknown STM32CubeMX version: 6.16.0
2025-12-27 11:36:13,454 [ERROR] AppliInfo:139 - Unknown STM32CubeMX version: 6.16.0
2025-12-27 11:36:13,454 [ERROR] AppliInfo:139 - Unknown STM32CubeMX version: 6.16.0
2025-12-27 11:36:13,454 [ERROR] AppliInfo:139 - Unknown STM32CubeMX version: 6.16.0
2025-12-27 11:36:13,454 [ERROR] AppliInfo:139 - Unknown STM32CubeMX version: 6.16.0
2025-12-27 11:36:13,455 [ERROR] AppliInfo:139 - Unknown STM32CubeMX version: 6.16.0
2025-12-27 11:36:13,455 [ERROR] AppliInfo:139 - Unknown STM32CubeMX version: 6.16.0
2025-12-27 11:36:13,455 [ERROR] AppliInfo:139 - Unknown STM32CubeMX version: 6.16.0
2025-12-27 11:36:13,455 [ERROR] AppliInfo:139 - Unknown STM32CubeMX version: 6.16.0
2025-12-27 11:36:13,455 [ERROR] AppliInfo:139 - Unknown STM32CubeMX version: 6.16.0
2025-12-27 11:36:13,455 [ERROR] AppliInfo:139 - Unknown STM32CubeMX version: 6.16.0
2025-12-27 11:36:13,455 [ERROR] AppliInfo:139 - Unknown STM32CubeMX version: 6.16.0
2025-12-27 11:36:13,455 [ERROR] AppliInfo:139 - Unknown STM32CubeMX version: 6.16.0
2025-12-27 11:36:13,458 [ERROR] AppliInfo:139 - Unknown STM32CubeMX version: 6.15.0
2025-12-27 11:36:13,458 [ERROR] AppliInfo:139 - Unknown STM32CubeMX version: 6.15.0
2025-12-27 11:36:13,458 [ERROR] AppliInfo:139 - Unknown STM32CubeMX version: 6.15.0
2025-12-27 11:36:13,458 [ERROR] AppliInfo:139 - Unknown STM32CubeMX version: 6.15.0
2025-12-27 11:36:13,458 [ERROR] AppliInfo:139 - Unknown STM32CubeMX version: 6.15.0
2025-12-27 11:36:13,458 [ERROR] AppliInfo:139 - Unknown STM32CubeMX version: 6.15.0
2025-12-27 11:36:13,458 [ERROR] AppliInfo:139 - Unknown STM32CubeMX version: 6.15.0
2025-12-27 11:36:13,458 [ERROR] AppliInfo:139 - Unknown STM32CubeMX version: 6.15.0
2025-12-27 11:36:13,458 [ERROR] AppliInfo:139 - Unknown STM32CubeMX version: 6.15.0
2025-12-27 11:36:13,458 [ERROR] AppliInfo:139 - Unknown STM32CubeMX version: 6.15.0
2025-12-27 11:36:13,460 [ERROR] AppliInfo:139 - Unknown STM32CubeMX version: 6.15.0
2025-12-27 11:36:13,460 [ERROR] AppliInfo:139 - Unknown STM32CubeMX version: 6.15.0
2025-12-27 11:36:13,461 [ERROR] AppliInfo:139 - Unknown STM32CubeMX version: 6.14.1
2025-12-27 11:36:13,461 [ERROR] AppliInfo:139 - Unknown STM32CubeMX version: 6.14.1
2025-12-27 11:36:13,461 [ERROR] AppliInfo:139 - Unknown STM32CubeMX version: 6.14.1
2025-12-27 11:36:13,461 [ERROR] AppliInfo:139 - Unknown STM32CubeMX version: 6.14.1
2025-12-27 11:36:13,461 [ERROR] AppliInfo:139 - Unknown STM32CubeMX version: 6.14.1
2025-12-27 11:36:13,462 [ERROR] AppliInfo:139 - Unknown STM32CubeMX version: 6.14.1
2025-12-27 11:36:13,462 [ERROR] AppliInfo:139 - Unknown STM32CubeMX version: 6.14.1
2025-12-27 11:36:13,462 [ERROR] AppliInfo:139 - Unknown STM32CubeMX version: 6.14.1
2025-12-27 11:36:13,462 [ERROR] AppliInfo:139 - Unknown STM32CubeMX version: 6.14.1
2025-12-27 11:36:13,462 [ERROR] AppliInfo:139 - Unknown STM32CubeMX version: 6.14.1
2025-12-27 11:36:13,462 [ERROR] AppliInfo:139 - Unknown STM32CubeMX version: 6.14.1
2025-12-27 11:36:13,462 [ERROR] AppliInfo:139 - Unknown STM32CubeMX version: 6.14.1
2025-12-27 11:36:13,462 [ERROR] AppliInfo:139 - Unknown STM32CubeMX version: 6.14.1
2025-12-27 11:36:13,462 [ERROR] AppliInfo:139 - Unknown STM32CubeMX version: 6.14.1
2025-12-27 11:36:13,463 [ERROR] AppliInfo:139 - Unknown STM32CubeMX version: 6.14.1
2025-12-27 11:36:13,463 [ERROR] AppliInfo:139 - Unknown STM32CubeMX version: 6.14.1
2025-12-27 11:36:13,463 [ERROR] AppliInfo:139 - Unknown STM32CubeMX version: 6.14.1
2025-12-27 11:36:13,463 [ERROR] AppliInfo:139 - Unknown STM32CubeMX version: 6.14.1
2025-12-27 11:36:13,464 [ERROR] AppliInfo:139 - Unknown STM32CubeMX version: 6.14.1
2025-12-27 11:36:13,464 [ERROR] AppliInfo:139 - Unknown STM32CubeMX version: 6.14.1
2025-12-27 11:36:13,464 [ERROR] AppliInfo:139 - Unknown STM32CubeMX version: 6.14.1
2025-12-27 11:36:13,464 [ERROR] AppliInfo:139 - Unknown STM32CubeMX version: 6.14.1
2025-12-27 11:36:13,464 [ERROR] AppliInfo:139 - Unknown STM32CubeMX version: 6.14.1
2025-12-27 11:36:13,464 [ERROR] AppliInfo:139 - Unknown STM32CubeMX version: 6.14.1
2025-12-27 11:36:13,464 [ERROR] AppliInfo:139 - Unknown STM32CubeMX version: 6.14.1
2025-12-27 11:36:13,464 [ERROR] AppliInfo:139 - Unknown STM32CubeMX version: 6.14.1
2025-12-27 11:36:13,464 [ERROR] AppliInfo:139 - Unknown STM32CubeMX version: 6.14.1
2025-12-27 11:36:13,464 [ERROR] AppliInfo:139 - Unknown STM32CubeMX version: 6.14.1
2025-12-27 11:36:13,464 [ERROR] AppliInfo:139 - Unknown STM32CubeMX version: 6.14.1
2025-12-27 11:36:13,464 [ERROR] AppliInfo:139 - Unknown STM32CubeMX version: 6.14.1
2025-12-27 11:36:13,465 [ERROR] AppliInfo:139 - Unknown STM32CubeMX version: 6.14.1
2025-12-27 11:36:13,465 [ERROR] AppliInfo:139 - Unknown STM32CubeMX version: 6.14.1
2025-12-27 11:36:13,465 [ERROR] AppliInfo:139 - Unknown STM32CubeMX version: 6.14.1
2025-12-27 11:36:13,465 [ERROR] AppliInfo:139 - Unknown STM32CubeMX version: 6.14.1
2025-12-27 11:36:13,465 [ERROR] AppliInfo:139 - Unknown STM32CubeMX version: 6.14.1
2025-12-27 11:36:13,465 [ERROR] AppliInfo:139 - Unknown STM32CubeMX version: 6.14.1
2025-12-27 11:36:13,465 [ERROR] AppliInfo:139 - Unknown STM32CubeMX version: 6.14.1
2025-12-27 11:36:13,465 [ERROR] AppliInfo:139 - Unknown STM32CubeMX version: 6.14.1
2025-12-27 11:36:13,465 [ERROR] AppliInfo:139 - Unknown STM32CubeMX version: 6.14.1
2025-12-27 11:36:13,465 [ERROR] AppliInfo:139 - Unknown STM32CubeMX version: 6.14.1
2025-12-27 11:36:13,465 [ERROR] AppliInfo:139 - Unknown STM32CubeMX version: 6.14.1
2025-12-27 11:36:13,465 [ERROR] AppliInfo:139 - Unknown STM32CubeMX version: 6.14.1
2025-12-27 11:36:13,466 [ERROR] AppliInfo:139 - Unknown STM32CubeMX version: 6.14.1
2025-12-27 11:36:13,466 [ERROR] AppliInfo:139 - Unknown STM32CubeMX version: 6.14.1
2025-12-27 11:36:13,466 [ERROR] AppliInfo:139 - Unknown STM32CubeMX version: 6.14.1
2025-12-27 11:36:13,466 [ERROR] AppliInfo:139 - Unknown STM32CubeMX version: 6.14.1
2025-12-27 11:36:13,466 [ERROR] AppliInfo:139 - Unknown STM32CubeMX version: 6.14.1
2025-12-27 11:36:13,466 [ERROR] AppliInfo:139 - Unknown STM32CubeMX version: 6.14.1
2025-12-27 11:36:13,466 [ERROR] AppliInfo:139 - Unknown STM32CubeMX version: 6.14.1
2025-12-27 11:36:13,466 [ERROR] AppliInfo:139 - Unknown STM32CubeMX version: 6.14.1
2025-12-27 11:36:13,466 [ERROR] AppliInfo:139 - Unknown STM32CubeMX version: 6.14.1
2025-12-27 11:36:13,466 [ERROR] AppliInfo:139 - Unknown STM32CubeMX version: 6.14.1
2025-12-27 11:36:13,466 [ERROR] AppliInfo:139 - Unknown STM32CubeMX version: 6.14.1
2025-12-27 11:36:13,466 [ERROR] AppliInfo:139 - Unknown STM32CubeMX version: 6.14.1
2025-12-27 11:36:13,467 [ERROR] AppliInfo:139 - Unknown STM32CubeMX version: 6.14.1
2025-12-27 11:36:13,467 [ERROR] AppliInfo:139 - Unknown STM32CubeMX version: 6.14.1
2025-12-27 11:36:13,467 [ERROR] AppliInfo:139 - Unknown STM32CubeMX version: 6.14.1
2025-12-27 11:36:13,467 [ERROR] AppliInfo:139 - Unknown STM32CubeMX version: 6.14.1
2025-12-27 11:36:13,467 [ERROR] AppliInfo:139 - Unknown STM32CubeMX version: 6.14.1
2025-12-27 11:36:13,467 [ERROR] AppliInfo:139 - Unknown STM32CubeMX version: 6.14.1
2025-12-27 11:36:13,467 [ERROR] AppliInfo:139 - Unknown STM32CubeMX version: 6.14.1
2025-12-27 11:36:13,467 [ERROR] AppliInfo:139 - Unknown STM32CubeMX version: 6.14.1
2025-12-27 11:36:13,467 [ERROR] AppliInfo:139 - Unknown STM32CubeMX version: 6.14.1
2025-12-27 11:36:13,467 [ERROR] AppliInfo:139 - Unknown STM32CubeMX version: 6.14.1
2025-12-27 11:36:13,467 [ERROR] AppliInfo:139 - Unknown STM32CubeMX version: 6.14.1
2025-12-27 11:36:13,467 [ERROR] AppliInfo:139 - Unknown STM32CubeMX version: 6.14.1
2025-12-27 11:36:13,468 [ERROR] AppliInfo:139 - Unknown STM32CubeMX version: 6.14.1
2025-12-27 11:36:13,468 [ERROR] AppliInfo:139 - Unknown STM32CubeMX version: 6.14.1
2025-12-27 11:36:13,468 [ERROR] AppliInfo:139 - Unknown STM32CubeMX version: 6.14.1
2025-12-27 11:36:13,468 [ERROR] AppliInfo:139 - Unknown STM32CubeMX version: 6.14.1
2025-12-27 11:36:13,468 [ERROR] AppliInfo:139 - Unknown STM32CubeMX version: 6.14.1
2025-12-27 11:36:13,468 [ERROR] AppliInfo:139 - Unknown STM32CubeMX version: 6.14.1
2025-12-27 11:36:13,468 [ERROR] AppliInfo:139 - Unknown STM32CubeMX version: 6.14.1
2025-12-27 11:36:13,468 [ERROR] AppliInfo:139 - Unknown STM32CubeMX version: 6.14.1
2025-12-27 11:36:13,468 [ERROR] AppliInfo:139 - Unknown STM32CubeMX version: 6.14.1
2025-12-27 11:36:13,468 [ERROR] AppliInfo:139 - Unknown STM32CubeMX version: 6.14.1
2025-12-27 11:36:13,468 [ERROR] AppliInfo:139 - Unknown STM32CubeMX version: 6.14.1
2025-12-27 11:36:13,468 [ERROR] AppliInfo:139 - Unknown STM32CubeMX version: 6.14.1
2025-12-27 11:36:13,468 [ERROR] AppliInfo:139 - Unknown STM32CubeMX version: 6.14.1
2025-12-27 11:36:13,469 [ERROR] AppliInfo:139 - Unknown STM32CubeMX version: 6.14.1
2025-12-27 11:36:13,469 [ERROR] AppliInfo:139 - Unknown STM32CubeMX version: 6.14.1
2025-12-27 11:36:13,469 [ERROR] AppliInfo:139 - Unknown STM32CubeMX version: 6.14.1
2025-12-27 11:36:13,469 [ERROR] AppliInfo:139 - Unknown STM32CubeMX version: 6.14.1
2025-12-27 11:36:13,469 [ERROR] AppliInfo:139 - Unknown STM32CubeMX version: 6.14.1
2025-12-27 11:36:13,469 [ERROR] AppliInfo:139 - Unknown STM32CubeMX version: 6.14.1
2025-12-27 11:36:13,469 [ERROR] AppliInfo:139 - Unknown STM32CubeMX version: 6.14.1
2025-12-27 11:36:13,469 [ERROR] AppliInfo:139 - Unknown STM32CubeMX version: 6.14.1
2025-12-27 11:36:13,469 [ERROR] AppliInfo:139 - Unknown STM32CubeMX version: 6.14.1
2025-12-27 11:36:13,469 [ERROR] AppliInfo:139 - Unknown STM32CubeMX version: 6.14.1
2025-12-27 11:36:13,469 [ERROR] AppliInfo:139 - Unknown STM32CubeMX version: 6.14.1
2025-12-27 11:36:13,469 [ERROR] AppliInfo:139 - Unknown STM32CubeMX version: 6.14.1
2025-12-27 11:36:13,469 [ERROR] AppliInfo:139 - Unknown STM32CubeMX version: 6.14.1
2025-12-27 11:36:13,470 [ERROR] AppliInfo:139 - Unknown STM32CubeMX version: 6.14.1
2025-12-27 11:36:13,470 [ERROR] AppliInfo:139 - Unknown STM32CubeMX version: 6.14.1
2025-12-27 11:36:13,470 [ERROR] AppliInfo:139 - Unknown STM32CubeMX version: 6.14.1
2025-12-27 11:36:13,470 [ERROR] AppliInfo:139 - Unknown STM32CubeMX version: 6.14.1
2025-12-27 11:36:13,471 [ERROR] AppliInfo:139 - Unknown STM32CubeMX version: 6.15.0
2025-12-27 11:36:13,471 [ERROR] AppliInfo:139 - Unknown STM32CubeMX version: 6.15.0
2025-12-27 11:36:13,472 [ERROR] AppliInfo:139 - Unknown STM32CubeMX version: 6.15.0
2025-12-27 11:36:13,472 [ERROR] AppliInfo:139 - Unknown STM32CubeMX version: 6.15.0
2025-12-27 11:36:13,472 [ERROR] AppliInfo:139 - Unknown STM32CubeMX version: 6.15.0
2025-12-27 11:36:13,472 [ERROR] AppliInfo:139 - Unknown STM32CubeMX version: 6.15.0
2025-12-27 11:36:13,472 [ERROR] AppliInfo:139 - Unknown STM32CubeMX version: 6.15.0
2025-12-27 11:36:13,472 [ERROR] AppliInfo:139 - Unknown STM32CubeMX version: 6.15.0
2025-12-27 11:36:13,619 [ERROR] AppliInfo:139 - Unknown STM32CubeMX version: 6.16.0
2025-12-27 11:36:13,619 [ERROR] AppliInfo:139 - Unknown STM32CubeMX version: 6.16.0
2025-12-27 11:36:13,619 [ERROR] AppliInfo:139 - Unknown STM32CubeMX version: 6.16.0
2025-12-27 11:36:13,619 [ERROR] AppliInfo:139 - Unknown STM32CubeMX version: 6.16.0
2025-12-27 11:36:13,619 [ERROR] AppliInfo:139 - Unknown STM32CubeMX version: 6.16.0
2025-12-27 11:36:13,620 [ERROR] AppliInfo:139 - Unknown STM32CubeMX version: 6.16.0
2025-12-27 11:36:13,620 [ERROR] AppliInfo:139 - Unknown STM32CubeMX version: 6.16.0
2025-12-27 11:36:13,620 [ERROR] AppliInfo:139 - Unknown STM32CubeMX version: 6.16.0
2025-12-27 11:36:13,620 [ERROR] AppliInfo:139 - Unknown STM32CubeMX version: 6.16.0
2025-12-27 11:36:13,620 [ERROR] AppliInfo:139 - Unknown STM32CubeMX version: 6.16.0
2025-12-27 11:36:13,620 [ERROR] AppliInfo:139 - Unknown STM32CubeMX version: 6.16.0
2025-12-27 11:36:13,620 [ERROR] AppliInfo:139 - Unknown STM32CubeMX version: 6.16.0
2025-12-27 11:36:13,620 [ERROR] AppliInfo:139 - Unknown STM32CubeMX version: 6.16.0
2025-12-27 11:36:13,620 [ERROR] AppliInfo:139 - Unknown STM32CubeMX version: 6.16.0
2025-12-27 11:36:13,620 [ERROR] AppliInfo:139 - Unknown STM32CubeMX version: 6.16.0
2025-12-27 11:36:13,620 [ERROR] AppliInfo:139 - Unknown STM32CubeMX version: 6.16.0
2025-12-27 11:36:13,621 [ERROR] AppliInfo:139 - Unknown STM32CubeMX version: 6.16.0
2025-12-27 11:36:13,621 [ERROR] AppliInfo:139 - Unknown STM32CubeMX version: 6.16.0
2025-12-27 11:36:13,621 [ERROR] AppliInfo:139 - Unknown STM32CubeMX version: 6.16.0
2025-12-27 11:36:13,621 [ERROR] AppliInfo:139 - Unknown STM32CubeMX version: 6.15.0
2025-12-27 11:36:13,621 [ERROR] AppliInfo:139 - Unknown STM32CubeMX version: 6.16.0
2025-12-27 11:36:13,621 [ERROR] AppliInfo:139 - Unknown STM32CubeMX version: 6.16.0
2025-12-27 11:36:13,622 [ERROR] AppliInfo:139 - Unknown STM32CubeMX version: 6.15.0
2025-12-27 11:36:13,622 [ERROR] AppliInfo:139 - Unknown STM32CubeMX version: 6.16.0
2025-12-27 11:36:13,622 [ERROR] AppliInfo:139 - Unknown STM32CubeMX version: 6.16.0
2025-12-27 11:36:13,622 [ERROR] AppliInfo:139 - Unknown STM32CubeMX version: 6.16.0
2025-12-27 11:36:13,622 [ERROR] AppliInfo:139 - Unknown STM32CubeMX version: 6.16.0
2025-12-27 11:36:13,622 [ERROR] AppliInfo:139 - Unknown STM32CubeMX version: 6.15.0
2025-12-27 11:36:13,622 [ERROR] AppliInfo:139 - Unknown STM32CubeMX version: 6.16.0
2025-12-27 11:36:13,622 [ERROR] AppliInfo:139 - Unknown STM32CubeMX version: 6.16.0
2025-12-27 11:36:13,622 [ERROR] AppliInfo:139 - Unknown STM32CubeMX version: 6.15.0
2025-12-27 11:36:13,622 [ERROR] AppliInfo:139 - Unknown STM32CubeMX version: 6.16.0
2025-12-27 11:36:13,622 [ERROR] AppliInfo:139 - Unknown STM32CubeMX version: 6.15.0
2025-12-27 11:36:13,623 [ERROR] AppliInfo:139 - Unknown STM32CubeMX version: 6.16.0
2025-12-27 11:36:13,623 [ERROR] AppliInfo:139 - Unknown STM32CubeMX version: 6.16.0
2025-12-27 11:36:13,623 [ERROR] AppliInfo:139 - Unknown STM32CubeMX version: 6.16.0
2025-12-27 11:36:13,623 [ERROR] AppliInfo:139 - Unknown STM32CubeMX version: 6.15.0
2025-12-27 11:36:13,623 [ERROR] AppliInfo:139 - Unknown STM32CubeMX version: 6.15.0
2025-12-27 11:36:15,707 [ERROR] AppliInfo:139 - Unknown STM32CubeMX version: 6.16.0
2025-12-27 11:36:15,707 [ERROR] AppliInfo:139 - Unknown STM32CubeMX version: 6.16.0
2025-12-27 11:36:15,707 [ERROR] AppliInfo:139 - Unknown STM32CubeMX version: 6.16.0
2025-12-27 11:36:15,707 [ERROR] AppliInfo:139 - Unknown STM32CubeMX version: 6.16.0
2025-12-27 11:36:15,707 [ERROR] AppliInfo:139 - Unknown STM32CubeMX version: 6.16.0
2025-12-27 11:36:15,708 [ERROR] AppliInfo:139 - Unknown STM32CubeMX version: 6.16.0
2025-12-27 11:36:15,708 [ERROR] AppliInfo:139 - Unknown STM32CubeMX version: 6.16.0
2025-12-27 11:36:15,708 [ERROR] AppliInfo:139 - Unknown STM32CubeMX version: 6.16.0
2025-12-27 11:36:15,708 [ERROR] AppliInfo:139 - Unknown STM32CubeMX version: 6.15.0
2025-12-27 11:36:15,708 [ERROR] AppliInfo:139 - Unknown STM32CubeMX version: 6.16.0
2025-12-27 11:36:15,708 [ERROR] AppliInfo:139 - Unknown STM32CubeMX version: 6.15.0
2025-12-27 11:38:33,165 [INFO] McuFinderGlobals:76 - Set McuFinderConnectedMode to true
2025-12-27 11:38:33,596 [INFO] ApiDb:448 - Save user favorites file C:\Users\jaowe/.stm32cubeide/favorites.mcus.txt: 0 item(s)
2025-12-27 11:38:33,596 [INFO] ApiDb:452 - User favorites MCUs=[]
2025-12-27 11:38:33,604 [INFO] ApiDb:448 - Save user favorites file C:\Users\jaowe/.stm32cubeide/favorites.boards.txt: 0 item(s)
2025-12-27 11:38:33,604 [INFO] ApiDb:452 - User favorites Boards=[]
2025-12-27 11:38:33,606 [INFO] ApiDb:448 - Save user favorites file C:\Users\jaowe/.stm32cubeide/favorites.examples.txt: 1 item(s)
2025-12-27 11:38:33,606 [INFO] ApiDb:452 - User favorites Examples=[STM32CUBEWB-SWX-18594]
2025-12-27 11:39:03,978 [INFO] MainUpdater:2872 - connection check result : 10
2025-12-27 11:39:04,068 [INFO] McuFinderGlobals:76 - Set McuFinderConnectedMode to true
2025-12-27 11:39:04,070 [INFO] MultiScanPanel:200 - Auto-refresh data requested => check proxy status ongoing
2025-12-27 11:39:04,070 [INFO] FinderPluginLoader:95 - Searching for filters in installed packs
2025-12-27 11:39:04,550 [INFO] LoadUrlFilesThread:185 - End of LoadServerUrlFiles without Thread
2025-12-27 11:39:04,551 [INFO] DetailPanel:341 - Set advertising image to C:/Users/jaowe/STM32Cube/Repository/\en.prom-st67w-expansion-board.png
2025-12-27 11:39:10,762 [INFO] ApiDb:581 - Connected to CubeFinder SQLite database (C:\Users\jaowe\.stmcufinder\plugins\mcufinder\mcu\cube-finder-db.db)
2025-12-27 11:39:16,271 [INFO] MultiScanPanel:200 - Auto-refresh data requested => check proxy status ongoing
2025-12-27 11:39:16,299 [INFO] LoadUrlFilesThread:185 - End of LoadServerUrlFiles without Thread
2025-12-27 11:39:16,299 [INFO] DetailPanel:341 - Set advertising image to C:/Users/jaowe/STM32Cube/Repository/\en.prom-st67w-expansion-board.png
2025-12-27 11:39:16,318 [INFO] MultiScanPanel:200 - Auto-refresh data requested => check proxy status ongoing
2025-12-27 11:39:16,365 [INFO] ApiDb:668 - CubeFinder database Data Model version=2.1
2025-12-27 11:39:16,365 [INFO] ApiDb:669 - CubeFinder database Configuration version=3.0.39
2025-12-27 11:39:16,365 [INFO] ApiDb:670 - CubeFinder database generation date=2025-11-05 (1762334721)
2025-12-27 11:39:16,365 [INFO] ApiDb:671 - CubeFinder database FW Pack versions=[FP-ATR-ASTRA1_V2.0.0, FP-SNS-FLIGHT1_V5.1.0, FP-SNS-MOTENV1_V5.1.0, FP-SNS-MOTENVWB1_V1.4.0, FP-SNS-SMARTAG2_V1.2.0, FP-SNS-STBOX1_V2.1.0, STM32Cube_FW_C0_V1.4.0, STM32Cube_FW_F4_V1.28.3, STM32Cube_FW_F7_V1.17.4, STM32Cube_FW_G0_V1.6.2, STM32Cube_FW_G4_V1.6.1, STM32Cube_FW_H5_V1.5.1, STM32Cube_FW_H7RS_V1.3.0, STM32Cube_FW_H7_V1.12.1, STM32Cube_FW_L0_V1.12.2, STM32Cube_FW_L4_V1.18.1, STM32Cube_FW_L5_V1.6.0, STM32Cube_FW_N6_V1.3.0, STM32Cube_FW_U0_V1.3.0, STM32Cube_FW_U3_V1.2.1, STM32Cube_FW_U5_V1.8.0, STM32Cube_FW_WB0_V1.4.0, STM32Cube_FW_WBA_V1.8.0, STM32Cube_FW_WB_V1.24.0, STM32Cube_FW_WL3_V1.3.0, STM32Cube_FW_WL_V1.4.0, X-CUBE-ALGOBUILD_V1.4.0, X-CUBE-ALS_V1.0.2, X-CUBE-AZRTOS-F4_V1.1.0, X-CUBE-AZRTOS-F7_V1.1.0, X-CUBE-AZRTOS-G0_V1.1.0, X-CUBE-AZRTOS-G4_V2.0.0, X-CUBE-AZRTOS-H7RS_V1.1.0, X-CUBE-AZRTOS-H7_V3.4.0, X-CUBE-AZRTOS-L4_V2.0.0, X-CUBE-AZRTOS-L5_V2.0.0, X-CUBE-AZRTOS-WB_V2.0.0, X-CUBE-AZRTOS-WL_V2.0.0, X-CUBE-BLE1_V7.1.0, X-CUBE-BLE2_V3.3.0, X-CUBE-BLEMGR_V4.1.0, X-CUBE-EEPRMA1_V5.2.0, X-CUBE-FREERTOS_V1.3.1, X-CUBE-GNSS1_V6.0.0, X-CUBE-MEMS1_V11.3.0, X-CUBE-NFC4_V3.0.0, X-CUBE-NFC7_V2.0.0, X-CUBE-SFXS2LP1_V4.0.0, X-CUBE-ST67W61_V1.1.0, X-CUBE-SUBG2_V5.0.0, X-CUBE-TOF1_V3.4.3]
2025-12-27 11:39:16,871 [ERROR] DbExamplesSqlite:437 - Missing JSON key: board_cpn
2025-12-27 11:39:16,871 [ERROR] DbExamplesSqlite:437 - Missing JSON key: board_cpn
2025-12-27 11:39:16,871 [ERROR] DbExamplesSqlite:437 - Missing JSON key: board_cpn
2025-12-27 11:39:16,871 [ERROR] DbExamplesSqlite:437 - Missing JSON key: board_cpn
2025-12-27 11:39:17,107 [ERROR] DbExamplesSqlite:437 - Missing JSON key: board_cpn
2025-12-27 11:39:17,107 [ERROR] DbExamplesSqlite:437 - Missing JSON key: board_cpn
2025-12-27 11:39:17,115 [INFO] DbExamplesSqlite:395 - Ignored 42 examples not supported by CubeIDE
2025-12-27 11:39:17,115 [INFO] DbExamplesSqlite:396 - Found 10883 examples active
2025-12-27 11:39:17,115 [INFO] DbExamplesSqlite:397 - Found 0 examples obsolete
2025-12-27 11:39:17,115 [INFO] DbExamplesSqlite:398 - Found 0 examples under development
2025-12-27 11:39:17,115 [INFO] DbExamplesSqlite:399 - Found 85 examples not building
2025-12-27 11:39:17,120 [INFO] DbExamples:125 - Found 10926 examples
2025-12-27 11:39:17,142 [ERROR] DbExamples:208 - Found 73 examples with invalid data (board or MCU)
2025-12-27 11:39:17,142 [INFO] DbExamples:222 - Found 134 boards with related examples
2025-12-27 11:39:17,142 [INFO] DbExamples:235 - Found 111 MCUs with related examples
2025-12-27 11:39:17,160 [INFO] ApiDb:423 - Load user favorites file C:\Users\jaowe/.stm32cubeide/favorites.examples.txt: 1 item(s)
2025-12-27 11:39:17,160 [INFO] ApiDb:427 - User favorites Examples=[STM32CUBEWB-SWX-18594]
2025-12-27 11:39:17,160 [INFO] DbExamples:250 - Set 1 / 1 favorites Examples
2025-12-27 11:39:17,277 [INFO] SoftwarePacks:127 - Download is needed for SW pack 'FP-ATR-ASTRA1_V2.0.0'
2025-12-27 11:39:17,280 [INFO] SoftwarePacks:127 - Download is needed for SW pack 'FP-SNS-FLIGHT1_V5.1.0'
2025-12-27 11:39:17,284 [INFO] SoftwarePacks:127 - Download is needed for SW pack 'FP-SNS-MOTENV1_V5.1.0'
2025-12-27 11:39:17,287 [INFO] SoftwarePacks:127 - Download is needed for SW pack 'FP-SNS-MOTENVWB1_V1.4.0'
2025-12-27 11:39:17,290 [INFO] SoftwarePacks:127 - Download is needed for SW pack 'FP-SNS-SMARTAG2_V1.2.0'
2025-12-27 11:39:17,293 [INFO] SoftwarePacks:127 - Download is needed for SW pack 'FP-SNS-STBOX1_V2.1.0'
2025-12-27 11:39:17,301 [INFO] SoftwarePacks:127 - Download is needed for SW pack 'STM32Cube_FW_C0_V1.4.0'
2025-12-27 11:39:17,307 [INFO] SoftwarePacks:127 - Download is needed for SW pack 'STM32Cube_FW_F4_V1.28.3'
2025-12-27 11:39:17,315 [INFO] SoftwarePacks:127 - Download is needed for SW pack 'STM32Cube_FW_F7_V1.17.4'
2025-12-27 11:39:17,321 [INFO] SoftwarePacks:127 - Download is needed for SW pack 'STM32Cube_FW_G0_V1.6.2'
2025-12-27 11:39:17,327 [INFO] SoftwarePacks:127 - Download is needed for SW pack 'STM32Cube_FW_G4_V1.6.1'
2025-12-27 11:39:17,335 [INFO] SoftwarePacks:127 - Download is needed for SW pack 'STM32Cube_FW_H5_V1.5.1'
2025-12-27 11:39:17,343 [INFO] SoftwarePacks:127 - Download is needed for SW pack 'STM32Cube_FW_H7RS_V1.3.0'
2025-12-27 11:39:17,351 [INFO] SoftwarePacks:127 - Download is needed for SW pack 'STM32Cube_FW_H7_V1.12.1'
2025-12-27 11:39:17,358 [INFO] SoftwarePacks:127 - Download is needed for SW pack 'STM32Cube_FW_L0_V1.12.2'
2025-12-27 11:39:17,365 [INFO] SoftwarePacks:127 - Download is needed for SW pack 'STM32Cube_FW_L4_V1.18.1'
2025-12-27 11:39:17,372 [INFO] SoftwarePacks:127 - Download is needed for SW pack 'STM32Cube_FW_L5_V1.6.0'
2025-12-27 11:39:17,378 [INFO] SoftwarePacks:127 - Download is needed for SW pack 'STM32Cube_FW_N6_V1.3.0'
2025-12-27 11:39:17,386 [INFO] SoftwarePacks:127 - Download is needed for SW pack 'STM32Cube_FW_U0_V1.3.0'
2025-12-27 11:39:17,391 [INFO] SoftwarePacks:127 - Download is needed for SW pack 'STM32Cube_FW_U3_V1.2.1'
2025-12-27 11:39:17,396 [INFO] SoftwarePacks:127 - Download is needed for SW pack 'STM32Cube_FW_U5_V1.8.0'
2025-12-27 11:39:17,402 [INFO] SoftwarePacks:127 - Download is needed for SW pack 'STM32Cube_FW_WB0_V1.4.0'
2025-12-27 11:39:17,408 [INFO] SoftwarePacks:127 - Download is needed for SW pack 'STM32Cube_FW_WBA_V1.8.0'
2025-12-27 11:39:17,412 [INFO] SoftwarePacks:131 - Found SW pack 'STM32Cube_FW_WB_V1.24.0' up-to-date on disk.
2025-12-27 11:39:17,420 [INFO] SoftwarePacks:127 - Download is needed for SW pack 'STM32Cube_FW_WL3_V1.3.0'
2025-12-27 11:39:17,426 [INFO] SoftwarePacks:127 - Download is needed for SW pack 'STM32Cube_FW_WL_V1.4.0'
2025-12-27 11:39:17,428 [INFO] SoftwarePacks:127 - Download is needed for SW pack 'X-CUBE-ALGOBUILD_V1.4.0'
2025-12-27 11:39:17,429 [INFO] SoftwarePacks:127 - Download is needed for SW pack 'X-CUBE-ALS_V1.0.2'
2025-12-27 11:39:17,431 [INFO] SoftwarePacks:127 - Download is needed for SW pack 'X-CUBE-AZRTOS-F4_V1.1.0'
2025-12-27 11:39:17,433 [INFO] SoftwarePacks:127 - Download is needed for SW pack 'X-CUBE-AZRTOS-F7_V1.1.0'
2025-12-27 11:39:17,435 [INFO] SoftwarePacks:127 - Download is needed for SW pack 'X-CUBE-AZRTOS-G0_V1.1.0'
2025-12-27 11:39:17,437 [INFO] SoftwarePacks:127 - Download is needed for SW pack 'X-CUBE-AZRTOS-G4_V2.0.0'
2025-12-27 11:39:17,439 [INFO] SoftwarePacks:127 - Download is needed for SW pack 'X-CUBE-AZRTOS-H7RS_V1.1.0'
2025-12-27 11:39:17,441 [INFO] SoftwarePacks:127 - Download is needed for SW pack 'X-CUBE-AZRTOS-H7_V3.4.0'
2025-12-27 11:39:17,443 [INFO] SoftwarePacks:127 - Download is needed for SW pack 'X-CUBE-AZRTOS-L4_V2.0.0'
2025-12-27 11:39:17,445 [INFO] SoftwarePacks:127 - Download is needed for SW pack 'X-CUBE-AZRTOS-L5_V2.0.0'
2025-12-27 11:39:17,447 [INFO] SoftwarePacks:127 - Download is needed for SW pack 'X-CUBE-AZRTOS-WB_V2.0.0'
2025-12-27 11:39:17,449 [INFO] SoftwarePacks:127 - Download is needed for SW pack 'X-CUBE-AZRTOS-WL_V2.0.0'
2025-12-27 11:39:17,451 [INFO] SoftwarePacks:127 - Download is needed for SW pack 'X-CUBE-BLE1_V7.1.0'
2025-12-27 11:39:17,453 [INFO] SoftwarePacks:127 - Download is needed for SW pack 'X-CUBE-BLE2_V3.3.0'
2025-12-27 11:39:17,454 [INFO] SoftwarePacks:127 - Download is needed for SW pack 'X-CUBE-BLEMGR_V4.1.0'
2025-12-27 11:39:17,456 [INFO] SoftwarePacks:127 - Download is needed for SW pack 'X-CUBE-EEPRMA1_V5.2.0'
2025-12-27 11:39:17,457 [INFO] SoftwarePacks:127 - Download is needed for SW pack 'X-CUBE-FREERTOS_V1.3.1'
2025-12-27 11:39:17,459 [INFO] SoftwarePacks:127 - Download is needed for SW pack 'X-CUBE-GNSS1_V6.0.0'
2025-12-27 11:39:17,461 [INFO] SoftwarePacks:127 - Download is needed for SW pack 'X-CUBE-MEMS1_V11.3.0'
2025-12-27 11:39:17,463 [INFO] SoftwarePacks:127 - Download is needed for SW pack 'X-CUBE-NFC4_V3.0.0'
2025-12-27 11:39:17,467 [INFO] SoftwarePacks:127 - Download is needed for SW pack 'X-CUBE-NFC7_V2.0.0'
2025-12-27 11:39:17,469 [INFO] SoftwarePacks:127 - Download is needed for SW pack 'X-CUBE-SFXS2LP1_V4.0.0'
2025-12-27 11:39:17,471 [INFO] SoftwarePacks:127 - Download is needed for SW pack 'X-CUBE-ST67W61_V1.1.0'
2025-12-27 11:39:17,473 [INFO] SoftwarePacks:127 - Download is needed for SW pack 'X-CUBE-SUBG2_V5.0.0'
2025-12-27 11:39:17,475 [INFO] SoftwarePacks:127 - Download is needed for SW pack 'X-CUBE-TOF1_V3.4.3'
2025-12-27 11:39:18,541 [INFO] LoadUrlFilesThread:185 - End of LoadServerUrlFiles without Thread
2025-12-27 11:39:18,542 [INFO] DetailPanel:341 - Set advertising image to C:/Users/jaowe/STM32Cube/Repository/\en.prom-st67w-expansion-board.png
2025-12-27 11:39:18,547 [ERROR] AppliInfo:139 - Unknown STM32CubeMX version: 6.15.0
2025-12-27 11:39:18,547 [ERROR] AppliInfo:139 - Unknown STM32CubeMX version: 6.15.0
2025-12-27 11:39:18,548 [ERROR] AppliInfo:139 - Unknown STM32CubeMX version: 6.15.0
2025-12-27 11:39:18,548 [ERROR] AppliInfo:139 - Unknown STM32CubeMX version: 6.15.0
2025-12-27 11:39:18,548 [ERROR] AppliInfo:139 - Unknown STM32CubeMX version: 6.15.0
2025-12-27 11:39:18,548 [ERROR] AppliInfo:139 - Unknown STM32CubeMX version: 6.15.0
2025-12-27 11:39:18,548 [ERROR] AppliInfo:139 - Unknown STM32CubeMX version: 6.14.1
2025-12-27 11:39:18,548 [ERROR] AppliInfo:139 - Unknown STM32CubeMX version: 6.14.1
2025-12-27 11:39:18,548 [ERROR] AppliInfo:139 - Unknown STM32CubeMX version: 6.14.1
2025-12-27 11:39:18,548 [ERROR] AppliInfo:139 - Unknown STM32CubeMX version: 6.14.1
2025-12-27 11:39:18,548 [ERROR] AppliInfo:139 - Unknown STM32CubeMX version: 6.14.1
2025-12-27 11:39:18,548 [ERROR] AppliInfo:139 - Unknown STM32CubeMX version: 6.14.1
2025-12-27 11:39:18,548 [ERROR] AppliInfo:139 - Unknown STM32CubeMX version: 6.14.1
2025-12-27 11:39:18,549 [ERROR] AppliInfo:139 - Unknown STM32CubeMX version: 6.14.1
2025-12-27 11:39:18,549 [ERROR] AppliInfo:139 - Unknown STM32CubeMX version: 6.14.1
2025-12-27 11:39:18,549 [ERROR] AppliInfo:139 - Unknown STM32CubeMX version: 6.14.1
2025-12-27 11:39:18,549 [ERROR] AppliInfo:139 - Unknown STM32CubeMX version: 6.14.1
2025-12-27 11:39:18,549 [ERROR] AppliInfo:139 - Unknown STM32CubeMX version: 6.14.1
2025-12-27 11:39:18,549 [ERROR] AppliInfo:139 - Unknown STM32CubeMX version: 6.14.1
2025-12-27 11:39:18,549 [ERROR] AppliInfo:139 - Unknown STM32CubeMX version: 6.14.1
2025-12-27 11:39:18,911 [ERROR] AppliInfo:139 - Unknown STM32CubeMX version: 6.16.0
2025-12-27 11:39:18,912 [ERROR] AppliInfo:139 - Unknown STM32CubeMX version: 6.16.0
2025-12-27 11:39:18,912 [ERROR] AppliInfo:139 - Unknown STM32CubeMX version: 6.16.0
2025-12-27 11:39:18,912 [ERROR] AppliInfo:139 - Unknown STM32CubeMX version: 6.16.0
2025-12-27 11:39:18,912 [ERROR] AppliInfo:139 - Unknown STM32CubeMX version: 6.16.0
2025-12-27 11:39:18,917 [ERROR] AppliInfo:139 - Unknown STM32CubeMX version: 6.15.0
2025-12-27 11:39:18,917 [ERROR] AppliInfo:139 - Unknown STM32CubeMX version: 6.15.0
2025-12-27 11:39:18,917 [ERROR] AppliInfo:139 - Unknown STM32CubeMX version: 6.15.0
2025-12-27 11:39:18,917 [ERROR] AppliInfo:139 - Unknown STM32CubeMX version: 6.15.0
2025-12-27 11:39:18,917 [ERROR] AppliInfo:139 - Unknown STM32CubeMX version: 6.15.0
2025-12-27 11:39:18,918 [ERROR] AppliInfo:139 - Unknown STM32CubeMX version: 6.15.0
2025-12-27 11:39:18,918 [ERROR] AppliInfo:139 - Unknown STM32CubeMX version: 6.15.0
2025-12-27 11:39:18,928 [ERROR] AppliInfo:139 - Unknown STM32CubeMX version: 6.15.0
2025-12-27 11:39:18,937 [ERROR] AppliInfo:139 - Unknown STM32CubeMX version: 6.16.0
2025-12-27 11:39:18,937 [ERROR] AppliInfo:139 - Unknown STM32CubeMX version: 6.16.0
2025-12-27 11:39:18,937 [ERROR] AppliInfo:139 - Unknown STM32CubeMX version: 6.16.0
2025-12-27 11:39:18,940 [ERROR] AppliInfo:139 - Unknown STM32CubeMX version: 6.16.0
2025-12-27 11:39:19,055 [ERROR] AppliInfo:139 - Unknown STM32CubeMX version: 6.16.0
2025-12-27 11:39:19,056 [ERROR] AppliInfo:139 - Unknown STM32CubeMX version: 6.16.0
2025-12-27 11:39:19,074 [ERROR] AppliInfo:139 - Unknown STM32CubeMX version: 6.16.0
2025-12-27 11:39:19,075 [ERROR] AppliInfo:139 - Unknown STM32CubeMX version: 6.16.0
2025-12-27 11:39:19,075 [ERROR] AppliInfo:139 - Unknown STM32CubeMX version: 6.16.0
2025-12-27 11:39:19,076 [ERROR] AppliInfo:139 - Unknown STM32CubeMX version: 6.16.0
2025-12-27 11:39:19,076 [ERROR] AppliInfo:139 - Unknown STM32CubeMX version: 6.16.0
2025-12-27 11:39:19,076 [ERROR] AppliInfo:139 - Unknown STM32CubeMX version: 6.16.0
2025-12-27 11:39:19,076 [ERROR] AppliInfo:139 - Unknown STM32CubeMX version: 6.16.0
2025-12-27 11:39:19,076 [ERROR] AppliInfo:139 - Unknown STM32CubeMX version: 6.16.0
2025-12-27 11:39:19,076 [ERROR] AppliInfo:139 - Unknown STM32CubeMX version: 6.16.0
2025-12-27 11:39:19,076 [ERROR] AppliInfo:139 - Unknown STM32CubeMX version: 6.16.0
2025-12-27 11:39:19,076 [ERROR] AppliInfo:139 - Unknown STM32CubeMX version: 6.16.0
2025-12-27 11:39:19,077 [ERROR] AppliInfo:139 - Unknown STM32CubeMX version: 6.15.0
2025-12-27 11:39:19,077 [ERROR] AppliInfo:139 - Unknown STM32CubeMX version: 6.16.0
2025-12-27 11:39:19,077 [ERROR] AppliInfo:139 - Unknown STM32CubeMX version: 6.15.0
2025-12-27 11:39:19,078 [ERROR] AppliInfo:139 - Unknown STM32CubeMX version: 6.16.0
2025-12-27 11:39:19,078 [ERROR] AppliInfo:139 - Unknown STM32CubeMX version: 6.16.0
2025-12-27 11:39:19,078 [ERROR] AppliInfo:139 - Unknown STM32CubeMX version: 6.15.0
2025-12-27 11:39:19,078 [ERROR] AppliInfo:139 - Unknown STM32CubeMX version: 6.15.0
2025-12-27 11:39:19,079 [ERROR] AppliInfo:139 - Unknown STM32CubeMX version: 6.16.0
2025-12-27 11:39:19,079 [ERROR] AppliInfo:139 - Unknown STM32CubeMX version: 6.16.0
2025-12-27 11:39:19,079 [ERROR] AppliInfo:139 - Unknown STM32CubeMX version: 6.16.0
2025-12-27 11:39:19,079 [ERROR] AppliInfo:139 - Unknown STM32CubeMX version: 6.16.0
2025-12-27 11:39:19,079 [ERROR] AppliInfo:139 - Unknown STM32CubeMX version: 6.15.0
2025-12-27 11:39:19,080 [ERROR] AppliInfo:139 - Unknown STM32CubeMX version: 6.15.0
2025-12-27 11:39:19,080 [ERROR] AppliInfo:139 - Unknown STM32CubeMX version: 6.15.0
2025-12-27 11:39:19,082 [ERROR] AppliInfo:139 - Unknown STM32CubeMX version: 6.15.0
2025-12-27 11:39:19,083 [ERROR] AppliInfo:139 - Unknown STM32CubeMX version: 6.15.0
2025-12-27 11:39:19,083 [ERROR] AppliInfo:139 - Unknown STM32CubeMX version: 6.15.0
2025-12-27 11:39:19,083 [ERROR] AppliInfo:139 - Unknown STM32CubeMX version: 6.16.0
2025-12-27 11:39:19,083 [ERROR] AppliInfo:139 - Unknown STM32CubeMX version: 6.16.0
2025-12-27 11:39:19,083 [ERROR] AppliInfo:139 - Unknown STM32CubeMX version: 6.16.0
2025-12-27 11:39:19,083 [ERROR] AppliInfo:139 - Unknown STM32CubeMX version: 6.16.0
2025-12-27 11:39:19,084 [ERROR] AppliInfo:139 - Unknown STM32CubeMX version: 6.16.0
2025-12-27 11:39:19,084 [ERROR] AppliInfo:139 - Unknown STM32CubeMX version: 6.16.0
2025-12-27 11:39:19,085 [ERROR] AppliInfo:139 - Unknown STM32CubeMX version: 6.16.0
2025-12-27 11:39:19,085 [ERROR] AppliInfo:139 - Unknown STM32CubeMX version: 6.16.0
2025-12-27 11:39:19,085 [ERROR] AppliInfo:139 - Unknown STM32CubeMX version: 6.15.0
2025-12-27 11:39:19,086 [ERROR] AppliInfo:139 - Unknown STM32CubeMX version: 6.15.0
2025-12-27 11:39:19,086 [ERROR] AppliInfo:139 - Unknown STM32CubeMX version: 6.16.0
2025-12-27 11:39:19,086 [ERROR] AppliInfo:139 - Unknown STM32CubeMX version: 6.16.0
2025-12-27 11:39:19,086 [ERROR] AppliInfo:139 - Unknown STM32CubeMX version: 6.16.0
2025-12-27 11:39:19,086 [ERROR] AppliInfo:139 - Unknown STM32CubeMX version: 6.15.0
2025-12-27 11:39:19,086 [ERROR] AppliInfo:139 - Unknown STM32CubeMX version: 6.15.0
2025-12-27 11:39:19,086 [ERROR] AppliInfo:139 - Unknown STM32CubeMX version: 6.15.0
2025-12-27 11:39:19,087 [ERROR] AppliInfo:139 - Unknown STM32CubeMX version: 6.16.0
2025-12-27 11:39:19,087 [ERROR] AppliInfo:139 - Unknown STM32CubeMX version: 6.16.0
2025-12-27 11:39:19,087 [ERROR] AppliInfo:139 - Unknown STM32CubeMX version: 6.16.0
2025-12-27 11:39:19,087 [ERROR] AppliInfo:139 - Unknown STM32CubeMX version: 6.16.0
2025-12-27 11:39:19,088 [ERROR] AppliInfo:139 - Unknown STM32CubeMX version: 6.16.0
2025-12-27 11:39:19,088 [ERROR] AppliInfo:139 - Unknown STM32CubeMX version: 6.16.0
2025-12-27 11:39:19,117 [ERROR] AppliInfo:139 - Unknown STM32CubeMX version: 6.16.0
2025-12-27 11:39:19,117 [ERROR] AppliInfo:139 - Unknown STM32CubeMX version: 6.16.0
2025-12-27 11:39:19,117 [ERROR] AppliInfo:139 - Unknown STM32CubeMX version: 6.16.0
2025-12-27 11:39:19,119 [ERROR] AppliInfo:139 - Unknown STM32CubeMX version: 6.16.0
2025-12-27 11:39:19,157 [ERROR] AppliInfo:139 - Unknown STM32CubeMX version: 6.15.0
2025-12-27 11:39:19,158 [ERROR] AppliInfo:139 - Unknown STM32CubeMX version: 6.15.0
2025-12-27 11:39:19,171 [ERROR] AppliInfo:139 - Unknown STM32CubeMX version: 6.15.0
2025-12-27 11:39:19,172 [ERROR] AppliInfo:139 - Unknown STM32CubeMX version: 6.15.0
2025-12-27 11:39:19,174 [ERROR] AppliInfo:139 - Unknown STM32CubeMX version: 6.15.0
2025-12-27 11:39:19,174 [ERROR] AppliInfo:139 - Unknown STM32CubeMX version: 6.15.0
2025-12-27 11:39:19,175 [ERROR] AppliInfo:139 - Unknown STM32CubeMX version: 6.15.0
2025-12-27 11:39:19,179 [ERROR] AppliInfo:139 - Unknown STM32CubeMX version: 6.15.0
2025-12-27 11:39:19,179 [ERROR] AppliInfo:139 - Unknown STM32CubeMX version: 6.15.0
2025-12-27 11:39:19,180 [ERROR] AppliInfo:139 - Unknown STM32CubeMX version: 6.16.0
2025-12-27 11:39:19,188 [ERROR] AppliInfo:139 - Unknown STM32CubeMX version: 6.16.0
2025-12-27 11:39:19,188 [ERROR] AppliInfo:139 - Unknown STM32CubeMX version: 6.16.0
2025-12-27 11:39:19,188 [ERROR] AppliInfo:139 - Unknown STM32CubeMX version: 6.16.0
2025-12-27 11:39:19,188 [ERROR] AppliInfo:139 - Unknown STM32CubeMX version: 6.16.0
2025-12-27 11:39:19,188 [ERROR] AppliInfo:139 - Unknown STM32CubeMX version: 6.16.0
2025-12-27 11:39:19,188 [ERROR] AppliInfo:139 - Unknown STM32CubeMX version: 6.16.0
2025-12-27 11:39:19,210 [ERROR] AppliInfo:139 - Unknown STM32CubeMX version: 6.12.1
2025-12-27 11:39:19,210 [ERROR] AppliInfo:139 - Unknown STM32CubeMX version: 6.16.0
2025-12-27 11:39:19,210 [ERROR] AppliInfo:139 - Unknown STM32CubeMX version: 6.16.0
2025-12-27 11:39:19,210 [ERROR] AppliInfo:139 - Unknown STM32CubeMX version: 6.16.0
2025-12-27 11:39:19,210 [ERROR] AppliInfo:139 - Unknown STM32CubeMX version: 6.16.0
2025-12-27 11:39:19,210 [ERROR] AppliInfo:139 - Unknown STM32CubeMX version: 6.16.0
2025-12-27 11:39:19,210 [ERROR] AppliInfo:139 - Unknown STM32CubeMX version: 6.16.0
2025-12-27 11:39:19,211 [ERROR] AppliInfo:139 - Unknown STM32CubeMX version: 6.16.0
2025-12-27 11:39:19,211 [ERROR] AppliInfo:139 - Unknown STM32CubeMX version: 6.16.0
2025-12-27 11:39:19,211 [ERROR] AppliInfo:139 - Unknown STM32CubeMX version: 6.16.0
2025-12-27 11:39:19,211 [ERROR] AppliInfo:139 - Unknown STM32CubeMX version: 6.16.0
2025-12-27 11:39:19,211 [ERROR] AppliInfo:139 - Unknown STM32CubeMX version: 6.16.0
2025-12-27 11:39:19,211 [ERROR] AppliInfo:139 - Unknown STM32CubeMX version: 6.16.0
2025-12-27 11:39:19,211 [ERROR] AppliInfo:139 - Unknown STM32CubeMX version: 6.16.0
2025-12-27 11:39:19,211 [ERROR] AppliInfo:139 - Unknown STM32CubeMX version: 6.16.0
2025-12-27 11:39:19,211 [ERROR] AppliInfo:139 - Unknown STM32CubeMX version: 6.16.0
2025-12-27 11:39:19,211 [ERROR] AppliInfo:139 - Unknown STM32CubeMX version: 6.16.0
2025-12-27 11:39:19,212 [ERROR] AppliInfo:139 - Unknown STM32CubeMX version: 6.16.0
2025-12-27 11:39:19,212 [ERROR] AppliInfo:139 - Unknown STM32CubeMX version: 6.16.0
2025-12-27 11:39:19,212 [ERROR] AppliInfo:139 - Unknown STM32CubeMX version: 6.16.0
2025-12-27 11:39:19,212 [ERROR] AppliInfo:139 - Unknown STM32CubeMX version: 6.16.0
2025-12-27 11:39:19,212 [ERROR] AppliInfo:139 - Unknown STM32CubeMX version: 6.16.0
2025-12-27 11:39:19,216 [ERROR] AppliInfo:139 - Unknown STM32CubeMX version: 6.16.0
2025-12-27 11:39:19,216 [ERROR] AppliInfo:139 - Unknown STM32CubeMX version: 6.16.0
2025-12-27 11:39:19,216 [ERROR] AppliInfo:139 - Unknown STM32CubeMX version: 6.16.0
2025-12-27 11:39:19,216 [ERROR] AppliInfo:139 - Unknown STM32CubeMX version: 6.16.0
2025-12-27 11:39:19,216 [ERROR] AppliInfo:139 - Unknown STM32CubeMX version: 6.16.0
2025-12-27 11:39:19,216 [ERROR] AppliInfo:139 - Unknown STM32CubeMX version: 6.16.0
2025-12-27 11:39:19,216 [ERROR] AppliInfo:139 - Unknown STM32CubeMX version: 6.16.0
2025-12-27 11:39:19,216 [ERROR] AppliInfo:139 - Unknown STM32CubeMX version: 6.16.0
2025-12-27 11:39:19,216 [ERROR] AppliInfo:139 - Unknown STM32CubeMX version: 6.16.0
2025-12-27 11:39:19,217 [ERROR] AppliInfo:139 - Unknown STM32CubeMX version: 6.16.0
2025-12-27 11:39:19,217 [ERROR] AppliInfo:139 - Unknown STM32CubeMX version: 6.16.0
2025-12-27 11:39:19,217 [ERROR] AppliInfo:139 - Unknown STM32CubeMX version: 6.16.0
2025-12-27 11:39:19,217 [ERROR] AppliInfo:139 - Unknown STM32CubeMX version: 6.16.0
2025-12-27 11:39:19,217 [ERROR] AppliInfo:139 - Unknown STM32CubeMX version: 6.16.0
2025-12-27 11:39:19,217 [ERROR] AppliInfo:139 - Unknown STM32CubeMX version: 6.16.0
2025-12-27 11:39:19,217 [ERROR] AppliInfo:139 - Unknown STM32CubeMX version: 6.16.0
2025-12-27 11:39:19,217 [ERROR] AppliInfo:139 - Unknown STM32CubeMX version: 6.16.0
2025-12-27 11:39:19,217 [ERROR] AppliInfo:139 - Unknown STM32CubeMX version: 6.16.0
2025-12-27 11:39:19,217 [ERROR] AppliInfo:139 - Unknown STM32CubeMX version: 6.16.0
2025-12-27 11:39:19,217 [ERROR] AppliInfo:139 - Unknown STM32CubeMX version: 6.16.0
2025-12-27 11:39:19,218 [ERROR] AppliInfo:139 - Unknown STM32CubeMX version: 6.16.0
2025-12-27 11:39:19,221 [ERROR] AppliInfo:139 - Unknown STM32CubeMX version: 6.16.0
2025-12-27 11:39:19,221 [ERROR] AppliInfo:139 - Unknown STM32CubeMX version: 6.16.0
2025-12-27 11:39:19,221 [ERROR] AppliInfo:139 - Unknown STM32CubeMX version: 6.16.0
2025-12-27 11:39:19,221 [ERROR] AppliInfo:139 - Unknown STM32CubeMX version: 6.16.0
2025-12-27 11:39:19,221 [ERROR] AppliInfo:139 - Unknown STM32CubeMX version: 6.16.0
2025-12-27 11:39:19,221 [ERROR] AppliInfo:139 - Unknown STM32CubeMX version: 6.16.0
2025-12-27 11:39:19,221 [ERROR] AppliInfo:139 - Unknown STM32CubeMX version: 6.16.0
2025-12-27 11:39:19,221 [ERROR] AppliInfo:139 - Unknown STM32CubeMX version: 6.16.0
2025-12-27 11:39:19,221 [ERROR] AppliInfo:139 - Unknown STM32CubeMX version: 6.16.0
2025-12-27 11:39:19,221 [ERROR] AppliInfo:139 - Unknown STM32CubeMX version: 6.16.0
2025-12-27 11:39:19,221 [ERROR] AppliInfo:139 - Unknown STM32CubeMX version: 6.16.0
2025-12-27 11:39:19,221 [ERROR] AppliInfo:139 - Unknown STM32CubeMX version: 6.16.0
2025-12-27 11:39:19,222 [ERROR] AppliInfo:139 - Unknown STM32CubeMX version: 6.16.0
2025-12-27 11:39:19,222 [ERROR] AppliInfo:139 - Unknown STM32CubeMX version: 6.16.0
2025-12-27 11:39:19,222 [ERROR] AppliInfo:139 - Unknown STM32CubeMX version: 6.16.0
2025-12-27 11:39:19,222 [ERROR] AppliInfo:139 - Unknown STM32CubeMX version: 6.16.0
2025-12-27 11:39:19,222 [ERROR] AppliInfo:139 - Unknown STM32CubeMX version: 6.16.0
2025-12-27 11:39:19,222 [ERROR] AppliInfo:139 - Unknown STM32CubeMX version: 6.16.0
2025-12-27 11:39:19,222 [ERROR] AppliInfo:139 - Unknown STM32CubeMX version: 6.16.0
2025-12-27 11:39:19,222 [ERROR] AppliInfo:139 - Unknown STM32CubeMX version: 6.16.0
2025-12-27 11:39:19,222 [ERROR] AppliInfo:139 - Unknown STM32CubeMX version: 6.16.0
2025-12-27 11:39:19,228 [ERROR] AppliInfo:139 - Unknown STM32CubeMX version: 6.16.0
2025-12-27 11:39:19,228 [ERROR] AppliInfo:139 - Unknown STM32CubeMX version: 6.16.0
2025-12-27 11:39:19,228 [ERROR] AppliInfo:139 - Unknown STM32CubeMX version: 6.16.0
2025-12-27 11:39:19,228 [ERROR] AppliInfo:139 - Unknown STM32CubeMX version: 6.16.0
2025-12-27 11:39:19,228 [ERROR] AppliInfo:139 - Unknown STM32CubeMX version: 6.16.0
2025-12-27 11:39:19,228 [ERROR] AppliInfo:139 - Unknown STM32CubeMX version: 6.16.0
2025-12-27 11:39:19,228 [ERROR] AppliInfo:139 - Unknown STM32CubeMX version: 6.16.0
2025-12-27 11:39:19,228 [ERROR] AppliInfo:139 - Unknown STM32CubeMX version: 6.16.0
2025-12-27 11:39:19,228 [ERROR] AppliInfo:139 - Unknown STM32CubeMX version: 6.16.0
2025-12-27 11:39:19,229 [ERROR] AppliInfo:139 - Unknown STM32CubeMX version: 6.16.0
2025-12-27 11:39:19,229 [ERROR] AppliInfo:139 - Unknown STM32CubeMX version: 6.16.0
2025-12-27 11:39:19,229 [ERROR] AppliInfo:139 - Unknown STM32CubeMX version: 6.16.0
2025-12-27 11:39:19,229 [ERROR] AppliInfo:139 - Unknown STM32CubeMX version: 6.16.0
2025-12-27 11:39:19,229 [ERROR] AppliInfo:139 - Unknown STM32CubeMX version: 6.16.0
2025-12-27 11:39:19,229 [ERROR] AppliInfo:139 - Unknown STM32CubeMX version: 6.16.0
2025-12-27 11:39:19,230 [ERROR] AppliInfo:139 - Unknown STM32CubeMX version: 6.16.0
2025-12-27 11:39:19,230 [ERROR] AppliInfo:139 - Unknown STM32CubeMX version: 6.16.0
2025-12-27 11:39:19,231 [ERROR] AppliInfo:139 - Unknown STM32CubeMX version: 6.16.0
2025-12-27 11:39:19,231 [ERROR] AppliInfo:139 - Unknown STM32CubeMX version: 6.16.0
2025-12-27 11:39:19,231 [ERROR] AppliInfo:139 - Unknown STM32CubeMX version: 6.16.0
2025-12-27 11:39:19,231 [ERROR] AppliInfo:139 - Unknown STM32CubeMX version: 6.16.0
2025-12-27 11:39:19,231 [ERROR] AppliInfo:139 - Unknown STM32CubeMX version: 6.16.0
2025-12-27 11:39:19,232 [ERROR] AppliInfo:139 - Unknown STM32CubeMX version: 6.16.0
2025-12-27 11:39:19,233 [ERROR] AppliInfo:139 - Unknown STM32CubeMX version: 6.16.0
2025-12-27 11:39:19,233 [ERROR] AppliInfo:139 - Unknown STM32CubeMX version: 6.16.0
2025-12-27 11:39:19,233 [ERROR] AppliInfo:139 - Unknown STM32CubeMX version: 6.16.0
2025-12-27 11:39:19,233 [ERROR] AppliInfo:139 - Unknown STM32CubeMX version: 6.16.0
2025-12-27 11:39:19,233 [ERROR] AppliInfo:139 - Unknown STM32CubeMX version: 6.16.0
2025-12-27 11:39:19,233 [ERROR] AppliInfo:139 - Unknown STM32CubeMX version: 6.16.0
2025-12-27 11:39:19,233 [ERROR] AppliInfo:139 - Unknown STM32CubeMX version: 6.16.0
2025-12-27 11:39:19,234 [ERROR] AppliInfo:139 - Unknown STM32CubeMX version: 6.16.0
2025-12-27 11:39:19,234 [ERROR] AppliInfo:139 - Unknown STM32CubeMX version: 6.16.0
2025-12-27 11:39:19,234 [ERROR] AppliInfo:139 - Unknown STM32CubeMX version: 6.16.0
2025-12-27 11:39:19,234 [ERROR] AppliInfo:139 - Unknown STM32CubeMX version: 6.16.0
2025-12-27 11:39:19,234 [ERROR] AppliInfo:139 - Unknown STM32CubeMX version: 6.16.0
2025-12-27 11:39:19,234 [ERROR] AppliInfo:139 - Unknown STM32CubeMX version: 6.16.0
2025-12-27 11:39:19,234 [ERROR] AppliInfo:139 - Unknown STM32CubeMX version: 6.16.0
2025-12-27 11:39:19,235 [ERROR] AppliInfo:139 - Unknown STM32CubeMX version: 6.16.0
2025-12-27 11:39:19,235 [ERROR] AppliInfo:139 - Unknown STM32CubeMX version: 6.16.0
2025-12-27 11:39:19,235 [ERROR] AppliInfo:139 - Unknown STM32CubeMX version: 6.16.0
2025-12-27 11:39:19,235 [ERROR] AppliInfo:139 - Unknown STM32CubeMX version: 6.16.0
2025-12-27 11:39:19,235 [ERROR] AppliInfo:139 - Unknown STM32CubeMX version: 6.16.0
2025-12-27 11:39:19,235 [ERROR] AppliInfo:139 - Unknown STM32CubeMX version: 6.16.0
2025-12-27 11:39:19,235 [ERROR] AppliInfo:139 - Unknown STM32CubeMX version: 6.16.0
2025-12-27 11:39:19,236 [ERROR] AppliInfo:139 - Unknown STM32CubeMX version: 6.16.0
2025-12-27 11:39:19,236 [ERROR] AppliInfo:139 - Unknown STM32CubeMX version: 6.16.0
2025-12-27 11:39:19,236 [ERROR] AppliInfo:139 - Unknown STM32CubeMX version: 6.16.0
2025-12-27 11:39:19,237 [ERROR] AppliInfo:139 - Unknown STM32CubeMX version: 6.15.0
2025-12-27 11:39:19,251 [ERROR] AppliInfo:139 - Unknown STM32CubeMX version: 6.16.0
2025-12-27 11:39:19,251 [ERROR] AppliInfo:139 - Unknown STM32CubeMX version: 6.16.0
2025-12-27 11:39:19,251 [ERROR] AppliInfo:139 - Unknown STM32CubeMX version: 6.16.0
2025-12-27 11:39:19,251 [ERROR] AppliInfo:139 - Unknown STM32CubeMX version: 6.16.0
2025-12-27 11:39:19,252 [ERROR] AppliInfo:139 - Unknown STM32CubeMX version: 6.16.0
2025-12-27 11:39:19,252 [ERROR] AppliInfo:139 - Unknown STM32CubeMX version: 6.16.0
2025-12-27 11:39:19,252 [ERROR] AppliInfo:139 - Unknown STM32CubeMX version: 6.16.0
2025-12-27 11:39:19,252 [ERROR] AppliInfo:139 - Unknown STM32CubeMX version: 6.16.0
2025-12-27 11:39:19,252 [ERROR] AppliInfo:139 - Unknown STM32CubeMX version: 6.16.0
2025-12-27 11:39:19,252 [ERROR] AppliInfo:139 - Unknown STM32CubeMX version: 6.15.0
2025-12-27 11:39:19,252 [ERROR] AppliInfo:139 - Unknown STM32CubeMX version: 6.16.0
2025-12-27 11:39:19,252 [ERROR] AppliInfo:139 - Unknown STM32CubeMX version: 6.16.0
2025-12-27 11:39:19,252 [ERROR] AppliInfo:139 - Unknown STM32CubeMX version: 6.15.0
2025-12-27 11:39:19,252 [ERROR] AppliInfo:139 - Unknown STM32CubeMX version: 6.16.0
2025-12-27 11:39:19,252 [ERROR] AppliInfo:139 - Unknown STM32CubeMX version: 6.16.0
2025-12-27 11:39:19,252 [ERROR] AppliInfo:139 - Unknown STM32CubeMX version: 6.15.0
2025-12-27 11:39:19,253 [ERROR] AppliInfo:139 - Unknown STM32CubeMX version: 6.15.0
2025-12-27 11:39:19,253 [ERROR] AppliInfo:139 - Unknown STM32CubeMX version: 6.16.0
2025-12-27 11:39:19,253 [ERROR] AppliInfo:139 - Unknown STM32CubeMX version: 6.16.0
2025-12-27 11:39:19,253 [ERROR] AppliInfo:139 - Unknown STM32CubeMX version: 6.16.0
2025-12-27 11:39:19,253 [ERROR] AppliInfo:139 - Unknown STM32CubeMX version: 6.16.0
2025-12-27 11:39:19,253 [ERROR] AppliInfo:139 - Unknown STM32CubeMX version: 6.16.0
2025-12-27 11:39:19,253 [ERROR] AppliInfo:139 - Unknown STM32CubeMX version: 6.16.0
2025-12-27 11:39:19,257 [ERROR] AppliInfo:139 - Unknown STM32CubeMX version: 6.16.0
2025-12-27 11:39:19,258 [ERROR] AppliInfo:139 - Unknown STM32CubeMX version: 6.16.0
2025-12-27 11:39:19,266 [ERROR] AppliInfo:139 - Unknown STM32CubeMX version: 6.16.0
2025-12-27 11:39:19,266 [ERROR] AppliInfo:139 - Unknown STM32CubeMX version: 6.16.0
2025-12-27 11:39:19,266 [ERROR] AppliInfo:139 - Unknown STM32CubeMX version: 6.16.0
2025-12-27 11:39:19,266 [ERROR] AppliInfo:139 - Unknown STM32CubeMX version: 6.16.0
2025-12-27 11:39:19,267 [ERROR] AppliInfo:139 - Unknown STM32CubeMX version: 6.16.0
2025-12-27 11:39:19,267 [ERROR] AppliInfo:139 - Unknown STM32CubeMX version: 6.16.0
2025-12-27 11:39:19,267 [ERROR] AppliInfo:139 - Unknown STM32CubeMX version: 6.16.0
2025-12-27 11:39:19,267 [ERROR] AppliInfo:139 - Unknown STM32CubeMX version: 6.16.0
2025-12-27 11:39:19,267 [ERROR] AppliInfo:139 - Unknown STM32CubeMX version: 6.16.0
2025-12-27 11:39:19,268 [ERROR] AppliInfo:139 - Unknown STM32CubeMX version: 6.16.0
2025-12-27 11:39:19,268 [ERROR] AppliInfo:139 - Unknown STM32CubeMX version: 6.15.0
2025-12-27 11:39:19,268 [ERROR] AppliInfo:139 - Unknown STM32CubeMX version: 6.15.0
2025-12-27 11:39:19,268 [ERROR] AppliInfo:139 - Unknown STM32CubeMX version: 6.15.0
2025-12-27 11:39:19,268 [ERROR] AppliInfo:139 - Unknown STM32CubeMX version: 6.15.0
2025-12-27 11:39:19,268 [ERROR] AppliInfo:139 - Unknown STM32CubeMX version: 6.15.0
2025-12-27 11:39:19,268 [ERROR] AppliInfo:139 - Unknown STM32CubeMX version: 6.16.0
2025-12-27 11:39:19,269 [ERROR] AppliInfo:139 - Unknown STM32CubeMX version: 6.16.0
2025-12-27 11:39:19,269 [ERROR] AppliInfo:139 - Unknown STM32CubeMX version: 6.16.0
2025-12-27 11:39:19,269 [ERROR] AppliInfo:139 - Unknown STM32CubeMX version: 6.16.0
2025-12-27 11:39:19,269 [ERROR] AppliInfo:139 - Unknown STM32CubeMX version: 6.16.0
2025-12-27 11:39:19,269 [ERROR] AppliInfo:139 - Unknown STM32CubeMX version: 6.16.0
2025-12-27 11:39:19,269 [ERROR] AppliInfo:139 - Unknown STM32CubeMX version: 6.16.0
2025-12-27 11:39:19,269 [ERROR] AppliInfo:139 - Unknown STM32CubeMX version: 6.16.0
2025-12-27 11:39:19,269 [ERROR] AppliInfo:139 - Unknown STM32CubeMX version: 6.16.0
2025-12-27 11:39:19,269 [ERROR] AppliInfo:139 - Unknown STM32CubeMX version: 6.16.0
2025-12-27 11:39:19,269 [ERROR] AppliInfo:139 - Unknown STM32CubeMX version: 6.16.0
2025-12-27 11:39:19,270 [ERROR] AppliInfo:139 - Unknown STM32CubeMX version: 6.16.0
2025-12-27 11:39:19,270 [ERROR] AppliInfo:139 - Unknown STM32CubeMX version: 6.16.0
2025-12-27 11:39:19,270 [ERROR] AppliInfo:139 - Unknown STM32CubeMX version: 6.16.0
2025-12-27 11:39:19,270 [ERROR] AppliInfo:139 - Unknown STM32CubeMX version: 6.16.0
2025-12-27 11:39:19,270 [ERROR] AppliInfo:139 - Unknown STM32CubeMX version: 6.16.0
2025-12-27 11:39:19,270 [ERROR] AppliInfo:139 - Unknown STM32CubeMX version: 6.16.0
2025-12-27 11:39:19,270 [ERROR] AppliInfo:139 - Unknown STM32CubeMX version: 6.16.0
2025-12-27 11:39:19,270 [ERROR] AppliInfo:139 - Unknown STM32CubeMX version: 6.16.0
2025-12-27 11:39:19,270 [ERROR] AppliInfo:139 - Unknown STM32CubeMX version: 6.16.0
2025-12-27 11:39:19,271 [ERROR] AppliInfo:139 - Unknown STM32CubeMX version: 6.16.0
2025-12-27 11:39:19,271 [ERROR] AppliInfo:139 - Unknown STM32CubeMX version: 6.16.0
2025-12-27 11:39:19,271 [ERROR] AppliInfo:139 - Unknown STM32CubeMX version: 6.16.0
2025-12-27 11:39:19,271 [ERROR] AppliInfo:139 - Unknown STM32CubeMX version: 6.16.0
2025-12-27 11:39:19,271 [ERROR] AppliInfo:139 - Unknown STM32CubeMX version: 6.16.0
2025-12-27 11:39:19,271 [ERROR] AppliInfo:139 - Unknown STM32CubeMX version: 6.16.0
2025-12-27 11:39:19,271 [ERROR] AppliInfo:139 - Unknown STM32CubeMX version: 6.16.0
2025-12-27 11:39:19,271 [ERROR] AppliInfo:139 - Unknown STM32CubeMX version: 6.16.0
2025-12-27 11:39:19,271 [ERROR] AppliInfo:139 - Unknown STM32CubeMX version: 6.16.0
2025-12-27 11:39:19,272 [ERROR] AppliInfo:139 - Unknown STM32CubeMX version: 6.16.0
2025-12-27 11:39:19,272 [ERROR] AppliInfo:139 - Unknown STM32CubeMX version: 6.15.0
2025-12-27 11:39:19,272 [ERROR] AppliInfo:139 - Unknown STM32CubeMX version: 6.15.0
2025-12-27 11:39:19,272 [ERROR] AppliInfo:139 - Unknown STM32CubeMX version: 6.15.0
2025-12-27 11:39:19,272 [ERROR] AppliInfo:139 - Unknown STM32CubeMX version: 6.15.0
2025-12-27 11:39:19,273 [ERROR] AppliInfo:139 - Unknown STM32CubeMX version: 6.16.0
2025-12-27 11:39:19,273 [ERROR] AppliInfo:139 - Unknown STM32CubeMX version: 6.16.0
2025-12-27 11:39:19,273 [ERROR] AppliInfo:139 - Unknown STM32CubeMX version: 6.16.0
2025-12-27 11:39:19,273 [ERROR] AppliInfo:139 - Unknown STM32CubeMX version: 6.16.0
2025-12-27 11:39:19,273 [ERROR] AppliInfo:139 - Unknown STM32CubeMX version: 6.16.0
2025-12-27 11:39:19,273 [ERROR] AppliInfo:139 - Unknown STM32CubeMX version: 6.16.0
2025-12-27 11:39:19,273 [ERROR] AppliInfo:139 - Unknown STM32CubeMX version: 6.16.0
2025-12-27 11:39:19,274 [ERROR] AppliInfo:139 - Unknown STM32CubeMX version: 6.16.0
2025-12-27 11:39:19,274 [ERROR] AppliInfo:139 - Unknown STM32CubeMX version: 6.16.0
2025-12-27 11:39:19,274 [ERROR] AppliInfo:139 - Unknown STM32CubeMX version: 6.16.0
2025-12-27 11:39:19,274 [ERROR] AppliInfo:139 - Unknown STM32CubeMX version: 6.16.0
2025-12-27 11:39:19,274 [ERROR] AppliInfo:139 - Unknown STM32CubeMX version: 6.16.0
2025-12-27 11:39:19,274 [ERROR] AppliInfo:139 - Unknown STM32CubeMX version: 6.16.0
2025-12-27 11:39:19,274 [ERROR] AppliInfo:139 - Unknown STM32CubeMX version: 6.16.0
2025-12-27 11:39:19,274 [ERROR] AppliInfo:139 - Unknown STM32CubeMX version: 6.16.0
2025-12-27 11:39:19,274 [ERROR] AppliInfo:139 - Unknown STM32CubeMX version: 6.16.0
2025-12-27 11:39:19,274 [ERROR] AppliInfo:139 - Unknown STM32CubeMX version: 6.16.0
2025-12-27 11:39:19,274 [ERROR] AppliInfo:139 - Unknown STM32CubeMX version: 6.16.0
2025-12-27 11:39:19,275 [ERROR] AppliInfo:139 - Unknown STM32CubeMX version: 6.16.0
2025-12-27 11:39:19,275 [ERROR] AppliInfo:139 - Unknown STM32CubeMX version: 6.16.0
2025-12-27 11:39:19,275 [ERROR] AppliInfo:139 - Unknown STM32CubeMX version: 6.16.0
2025-12-27 11:39:19,275 [ERROR] AppliInfo:139 - Unknown STM32CubeMX version: 6.16.0
2025-12-27 11:39:19,275 [ERROR] AppliInfo:139 - Unknown STM32CubeMX version: 6.15.0
2025-12-27 11:39:19,275 [ERROR] AppliInfo:139 - Unknown STM32CubeMX version: 6.16.0
2025-12-27 11:39:19,275 [ERROR] AppliInfo:139 - Unknown STM32CubeMX version: 6.16.0
2025-12-27 11:39:19,275 [ERROR] AppliInfo:139 - Unknown STM32CubeMX version: 6.16.0
2025-12-27 11:39:19,276 [ERROR] AppliInfo:139 - Unknown STM32CubeMX version: 6.16.0
2025-12-27 11:39:19,276 [ERROR] AppliInfo:139 - Unknown STM32CubeMX version: 6.16.0
2025-12-27 11:39:19,276 [ERROR] AppliInfo:139 - Unknown STM32CubeMX version: 6.15.0
2025-12-27 11:39:19,276 [ERROR] AppliInfo:139 - Unknown STM32CubeMX version: 6.16.0
2025-12-27 11:39:19,276 [ERROR] AppliInfo:139 - Unknown STM32CubeMX version: 6.16.0
2025-12-27 11:39:19,276 [ERROR] AppliInfo:139 - Unknown STM32CubeMX version: 6.16.0
2025-12-27 11:39:19,276 [ERROR] AppliInfo:139 - Unknown STM32CubeMX version: 6.16.0
2025-12-27 11:39:19,276 [ERROR] AppliInfo:139 - Unknown STM32CubeMX version: 6.15.0
2025-12-27 11:39:19,276 [ERROR] AppliInfo:139 - Unknown STM32CubeMX version: 6.16.0
2025-12-27 11:39:19,276 [ERROR] AppliInfo:139 - Unknown STM32CubeMX version: 6.16.0
2025-12-27 11:39:19,276 [ERROR] AppliInfo:139 - Unknown STM32CubeMX version: 6.15.0
2025-12-27 11:39:19,277 [ERROR] AppliInfo:139 - Unknown STM32CubeMX version: 6.16.0
2025-12-27 11:39:19,277 [ERROR] AppliInfo:139 - Unknown STM32CubeMX version: 6.15.0
2025-12-27 11:39:19,277 [ERROR] AppliInfo:139 - Unknown STM32CubeMX version: 6.16.0
2025-12-27 11:39:19,277 [ERROR] AppliInfo:139 - Unknown STM32CubeMX version: 6.16.0
2025-12-27 11:39:19,277 [ERROR] AppliInfo:139 - Unknown STM32CubeMX version: 6.16.0
2025-12-27 11:39:19,277 [ERROR] AppliInfo:139 - Unknown STM32CubeMX version: 6.16.0
2025-12-27 11:39:19,277 [ERROR] AppliInfo:139 - Unknown STM32CubeMX version: 6.16.0
2025-12-27 11:39:19,277 [ERROR] AppliInfo:139 - Unknown STM32CubeMX version: 6.15.0
2025-12-27 11:39:19,277 [ERROR] AppliInfo:139 - Unknown STM32CubeMX version: 6.15.0
2025-12-27 11:39:19,277 [ERROR] AppliInfo:139 - Unknown STM32CubeMX version: 6.16.0
2025-12-27 11:39:19,277 [ERROR] AppliInfo:139 - Unknown STM32CubeMX version: 6.16.0
2025-12-27 11:39:19,278 [ERROR] AppliInfo:139 - Unknown STM32CubeMX version: 6.16.0
2025-12-27 11:39:19,278 [ERROR] AppliInfo:139 - Unknown STM32CubeMX version: 6.16.0
2025-12-27 11:39:19,278 [ERROR] AppliInfo:139 - Unknown STM32CubeMX version: 6.16.0
2025-12-27 11:39:19,278 [ERROR] AppliInfo:139 - Unknown STM32CubeMX version: 6.16.0
2025-12-27 11:39:19,278 [ERROR] AppliInfo:139 - Unknown STM32CubeMX version: 6.16.0
2025-12-27 11:39:19,278 [ERROR] AppliInfo:139 - Unknown STM32CubeMX version: 6.16.0
2025-12-27 11:39:19,278 [ERROR] AppliInfo:139 - Unknown STM32CubeMX version: 6.16.0
2025-12-27 11:39:19,279 [ERROR] AppliInfo:139 - Unknown STM32CubeMX version: 6.16.0
2025-12-27 11:39:19,279 [ERROR] AppliInfo:139 - Unknown STM32CubeMX version: 6.16.0
2025-12-27 11:39:19,279 [ERROR] AppliInfo:139 - Unknown STM32CubeMX version: 6.16.0
2025-12-27 11:39:19,279 [ERROR] AppliInfo:139 - Unknown STM32CubeMX version: 6.16.0
2025-12-27 11:39:19,279 [ERROR] AppliInfo:139 - Unknown STM32CubeMX version: 6.16.0
2025-12-27 11:39:19,279 [ERROR] AppliInfo:139 - Unknown STM32CubeMX version: 6.16.0
2025-12-27 11:39:19,279 [ERROR] AppliInfo:139 - Unknown STM32CubeMX version: 6.16.0
2025-12-27 11:39:19,279 [ERROR] AppliInfo:139 - Unknown STM32CubeMX version: 6.16.0
2025-12-27 11:39:19,279 [ERROR] AppliInfo:139 - Unknown STM32CubeMX version: 6.16.0
2025-12-27 11:39:19,282 [ERROR] AppliInfo:139 - Unknown STM32CubeMX version: 6.16.0
2025-12-27 11:39:19,282 [ERROR] AppliInfo:139 - Unknown STM32CubeMX version: 6.16.0
2025-12-27 11:39:19,282 [ERROR] AppliInfo:139 - Unknown STM32CubeMX version: 6.16.0
2025-12-27 11:39:19,282 [ERROR] AppliInfo:139 - Unknown STM32CubeMX version: 6.16.0
2025-12-27 11:39:19,282 [ERROR] AppliInfo:139 - Unknown STM32CubeMX version: 6.16.0
2025-12-27 11:39:19,282 [ERROR] AppliInfo:139 - Unknown STM32CubeMX version: 6.16.0
2025-12-27 11:39:19,282 [ERROR] AppliInfo:139 - Unknown STM32CubeMX version: 6.16.0
2025-12-27 11:39:19,283 [ERROR] AppliInfo:139 - Unknown STM32CubeMX version: 6.16.0
2025-12-27 11:39:19,283 [ERROR] AppliInfo:139 - Unknown STM32CubeMX version: 6.16.0
2025-12-27 11:39:19,283 [ERROR] AppliInfo:139 - Unknown STM32CubeMX version: 6.16.0
2025-12-27 11:39:19,285 [ERROR] AppliInfo:139 - Unknown STM32CubeMX version: 6.16.0
2025-12-27 11:39:19,285 [ERROR] AppliInfo:139 - Unknown STM32CubeMX version: 6.16.0
2025-12-27 11:39:19,285 [ERROR] AppliInfo:139 - Unknown STM32CubeMX version: 6.16.0
2025-12-27 11:39:19,285 [ERROR] AppliInfo:139 - Unknown STM32CubeMX version: 6.16.0
2025-12-27 11:39:19,286 [ERROR] AppliInfo:139 - Unknown STM32CubeMX version: 6.16.0
2025-12-27 11:39:19,286 [ERROR] AppliInfo:139 - Unknown STM32CubeMX version: 6.16.0
2025-12-27 11:39:19,286 [ERROR] AppliInfo:139 - Unknown STM32CubeMX version: 6.16.0
2025-12-27 11:39:19,286 [ERROR] AppliInfo:139 - Unknown STM32CubeMX version: 6.16.0
2025-12-27 11:39:19,286 [ERROR] AppliInfo:139 - Unknown STM32CubeMX version: 6.16.0
2025-12-27 11:39:19,286 [ERROR] AppliInfo:139 - Unknown STM32CubeMX version: 6.16.0
2025-12-27 11:39:19,286 [ERROR] AppliInfo:139 - Unknown STM32CubeMX version: 6.16.0
2025-12-27 11:39:19,286 [ERROR] AppliInfo:139 - Unknown STM32CubeMX version: 6.16.0
2025-12-27 11:39:19,286 [ERROR] AppliInfo:139 - Unknown STM32CubeMX version: 6.16.0
2025-12-27 11:39:19,286 [ERROR] AppliInfo:139 - Unknown STM32CubeMX version: 6.16.0
2025-12-27 11:39:19,287 [ERROR] AppliInfo:139 - Unknown STM32CubeMX version: 6.16.0
2025-12-27 11:39:19,287 [ERROR] AppliInfo:139 - Unknown STM32CubeMX version: 6.16.0
2025-12-27 11:39:19,287 [ERROR] AppliInfo:139 - Unknown STM32CubeMX version: 6.16.0
2025-12-27 11:39:19,288 [ERROR] AppliInfo:139 - Unknown STM32CubeMX version: 6.16.0
2025-12-27 11:39:19,288 [ERROR] AppliInfo:139 - Unknown STM32CubeMX version: 6.16.0
2025-12-27 11:39:19,288 [ERROR] AppliInfo:139 - Unknown STM32CubeMX version: 6.16.0
2025-12-27 11:39:19,288 [ERROR] AppliInfo:139 - Unknown STM32CubeMX version: 6.16.0
2025-12-27 11:39:19,288 [ERROR] AppliInfo:139 - Unknown STM32CubeMX version: 6.16.0
2025-12-27 11:39:19,289 [ERROR] AppliInfo:139 - Unknown STM32CubeMX version: 6.16.0
2025-12-27 11:39:19,289 [ERROR] AppliInfo:139 - Unknown STM32CubeMX version: 6.15.0
2025-12-27 11:39:19,289 [ERROR] AppliInfo:139 - Unknown STM32CubeMX version: 6.15.0
2025-12-27 11:39:19,289 [ERROR] AppliInfo:139 - Unknown STM32CubeMX version: 6.15.0
2025-12-27 11:39:19,289 [ERROR] AppliInfo:139 - Unknown STM32CubeMX version: 6.15.0
2025-12-27 11:39:19,289 [ERROR] AppliInfo:139 - Unknown STM32CubeMX version: 6.15.0
2025-12-27 11:39:19,289 [ERROR] AppliInfo:139 - Unknown STM32CubeMX version: 6.16.0
2025-12-27 11:39:19,289 [ERROR] AppliInfo:139 - Unknown STM32CubeMX version: 6.16.0
2025-12-27 11:39:19,289 [ERROR] AppliInfo:139 - Unknown STM32CubeMX version: 6.16.0
2025-12-27 11:39:19,290 [ERROR] AppliInfo:139 - Unknown STM32CubeMX version: 6.16.0
2025-12-27 11:39:19,290 [ERROR] AppliInfo:139 - Unknown STM32CubeMX version: 6.16.0
2025-12-27 11:39:19,290 [ERROR] AppliInfo:139 - Unknown STM32CubeMX version: 6.16.0
2025-12-27 11:39:19,290 [ERROR] AppliInfo:139 - Unknown STM32CubeMX version: 6.16.0
2025-12-27 11:39:19,290 [ERROR] AppliInfo:139 - Unknown STM32CubeMX version: 6.16.0
2025-12-27 11:39:19,290 [ERROR] AppliInfo:139 - Unknown STM32CubeMX version: 6.16.0
2025-12-27 11:39:19,291 [ERROR] AppliInfo:139 - Unknown STM32CubeMX version: 6.16.0
2025-12-27 11:39:19,291 [ERROR] AppliInfo:139 - Unknown STM32CubeMX version: 6.16.0
2025-12-27 11:39:19,291 [ERROR] AppliInfo:139 - Unknown STM32CubeMX version: 6.16.0
2025-12-27 11:39:19,291 [ERROR] AppliInfo:139 - Unknown STM32CubeMX version: 6.16.0
2025-12-27 11:39:19,291 [ERROR] AppliInfo:139 - Unknown STM32CubeMX version: 6.16.0
2025-12-27 11:39:19,291 [ERROR] AppliInfo:139 - Unknown STM32CubeMX version: 6.16.0
2025-12-27 11:39:19,291 [ERROR] AppliInfo:139 - Unknown STM32CubeMX version: 6.16.0
2025-12-27 11:39:19,291 [ERROR] AppliInfo:139 - Unknown STM32CubeMX version: 6.16.0
2025-12-27 11:39:19,291 [ERROR] AppliInfo:139 - Unknown STM32CubeMX version: 6.16.0
2025-12-27 11:39:19,291 [ERROR] AppliInfo:139 - Unknown STM32CubeMX version: 6.16.0
2025-12-27 11:39:19,291 [ERROR] AppliInfo:139 - Unknown STM32CubeMX version: 6.16.0
2025-12-27 11:39:19,292 [ERROR] AppliInfo:139 - Unknown STM32CubeMX version: 6.16.0
2025-12-27 11:39:19,292 [ERROR] AppliInfo:139 - Unknown STM32CubeMX version: 6.16.0
2025-12-27 11:39:19,292 [ERROR] AppliInfo:139 - Unknown STM32CubeMX version: 6.16.0
2025-12-27 11:39:19,308 [ERROR] AppliInfo:139 - Unknown STM32CubeMX version: 6.16.0
2025-12-27 11:39:19,309 [ERROR] AppliInfo:139 - Unknown STM32CubeMX version: 6.16.0
2025-12-27 11:39:19,309 [ERROR] AppliInfo:139 - Unknown STM32CubeMX version: 6.16.0
2025-12-27 11:39:19,309 [ERROR] AppliInfo:139 - Unknown STM32CubeMX version: 6.16.0
2025-12-27 11:39:19,309 [ERROR] AppliInfo:139 - Unknown STM32CubeMX version: 6.16.0
2025-12-27 11:39:19,309 [ERROR] AppliInfo:139 - Unknown STM32CubeMX version: 6.16.0
2025-12-27 11:39:19,309 [ERROR] AppliInfo:139 - Unknown STM32CubeMX version: 6.16.0
2025-12-27 11:39:19,309 [ERROR] AppliInfo:139 - Unknown STM32CubeMX version: 6.16.0
2025-12-27 11:39:19,309 [ERROR] AppliInfo:139 - Unknown STM32CubeMX version: 6.16.0
2025-12-27 11:39:19,309 [ERROR] AppliInfo:139 - Unknown STM32CubeMX version: 6.16.0
2025-12-27 11:39:19,310 [ERROR] AppliInfo:139 - Unknown STM32CubeMX version: 6.16.0
2025-12-27 11:39:19,310 [ERROR] AppliInfo:139 - Unknown STM32CubeMX version: 6.16.0
2025-12-27 11:39:19,310 [ERROR] AppliInfo:139 - Unknown STM32CubeMX version: 6.16.0
2025-12-27 11:39:19,310 [ERROR] AppliInfo:139 - Unknown STM32CubeMX version: 6.16.0
2025-12-27 11:39:19,310 [ERROR] AppliInfo:139 - Unknown STM32CubeMX version: 6.16.0
2025-12-27 11:39:19,310 [ERROR] AppliInfo:139 - Unknown STM32CubeMX version: 6.16.0
2025-12-27 11:39:19,310 [ERROR] AppliInfo:139 - Unknown STM32CubeMX version: 6.16.0
2025-12-27 11:39:19,311 [ERROR] AppliInfo:139 - Unknown STM32CubeMX version: 6.16.0
2025-12-27 11:39:19,311 [ERROR] AppliInfo:139 - Unknown STM32CubeMX version: 6.16.0
2025-12-27 11:39:19,328 [ERROR] AppliInfo:139 - Unknown STM32CubeMX version: 6.16.0
2025-12-27 11:39:19,328 [ERROR] AppliInfo:139 - Unknown STM32CubeMX version: 6.16.0
2025-12-27 11:39:19,328 [ERROR] AppliInfo:139 - Unknown STM32CubeMX version: 6.16.0
2025-12-27 11:39:19,328 [ERROR] AppliInfo:139 - Unknown STM32CubeMX version: 6.16.0
2025-12-27 11:39:19,329 [ERROR] AppliInfo:139 - Unknown STM32CubeMX version: 6.16.0
2025-12-27 11:39:19,329 [ERROR] AppliInfo:139 - Unknown STM32CubeMX version: 6.16.0
2025-12-27 11:39:19,329 [ERROR] AppliInfo:139 - Unknown STM32CubeMX version: 6.16.0
2025-12-27 11:39:19,329 [ERROR] AppliInfo:139 - Unknown STM32CubeMX version: 6.16.0
2025-12-27 11:39:19,329 [ERROR] AppliInfo:139 - Unknown STM32CubeMX version: 6.16.0
2025-12-27 11:39:19,329 [ERROR] AppliInfo:139 - Unknown STM32CubeMX version: 6.16.0
2025-12-27 11:39:19,329 [ERROR] AppliInfo:139 - Unknown STM32CubeMX version: 6.16.0
2025-12-27 11:39:19,329 [ERROR] AppliInfo:139 - Unknown STM32CubeMX version: 6.16.0
2025-12-27 11:39:19,329 [ERROR] AppliInfo:139 - Unknown STM32CubeMX version: 6.16.0
2025-12-27 11:39:19,330 [ERROR] AppliInfo:139 - Unknown STM32CubeMX version: 6.16.0
2025-12-27 11:39:19,330 [ERROR] AppliInfo:139 - Unknown STM32CubeMX version: 6.16.0
2025-12-27 11:39:19,330 [ERROR] AppliInfo:139 - Unknown STM32CubeMX version: 6.16.0
2025-12-27 11:39:19,330 [ERROR] AppliInfo:139 - Unknown STM32CubeMX version: 6.16.0
2025-12-27 11:39:19,330 [ERROR] AppliInfo:139 - Unknown STM32CubeMX version: 6.16.0
2025-12-27 11:39:19,330 [ERROR] AppliInfo:139 - Unknown STM32CubeMX version: 6.16.0
2025-12-27 11:39:19,331 [ERROR] AppliInfo:139 - Unknown STM32CubeMX version: 6.15.0
2025-12-27 11:39:19,331 [ERROR] AppliInfo:139 - Unknown STM32CubeMX version: 6.15.0
2025-12-27 11:39:19,332 [ERROR] AppliInfo:139 - Unknown STM32CubeMX version: 6.15.0
2025-12-27 11:39:19,332 [ERROR] AppliInfo:139 - Unknown STM32CubeMX version: 6.15.0
2025-12-27 11:39:19,332 [ERROR] AppliInfo:139 - Unknown STM32CubeMX version: 6.15.0
2025-12-27 11:39:19,332 [ERROR] AppliInfo:139 - Unknown STM32CubeMX version: 6.15.0
2025-12-27 11:39:19,332 [ERROR] AppliInfo:139 - Unknown STM32CubeMX version: 6.15.0
2025-12-27 11:39:19,332 [ERROR] AppliInfo:139 - Unknown STM32CubeMX version: 6.16.0
2025-12-27 11:39:19,332 [ERROR] AppliInfo:139 - Unknown STM32CubeMX version: 6.16.0
2025-12-27 11:39:19,335 [ERROR] AppliInfo:139 - Unknown STM32CubeMX version: 6.15.0
2025-12-27 11:39:19,335 [ERROR] AppliInfo:139 - Unknown STM32CubeMX version: 6.15.0
2025-12-27 11:39:19,335 [ERROR] AppliInfo:139 - Unknown STM32CubeMX version: 6.15.0
2025-12-27 11:39:19,335 [ERROR] AppliInfo:139 - Unknown STM32CubeMX version: 6.15.0
2025-12-27 11:39:19,335 [ERROR] AppliInfo:139 - Unknown STM32CubeMX version: 6.15.0
2025-12-27 11:39:19,335 [ERROR] AppliInfo:139 - Unknown STM32CubeMX version: 6.15.0
2025-12-27 11:39:19,335 [ERROR] AppliInfo:139 - Unknown STM32CubeMX version: 6.15.0
2025-12-27 11:39:19,335 [ERROR] AppliInfo:139 - Unknown STM32CubeMX version: 6.15.0
2025-12-27 11:39:19,335 [ERROR] AppliInfo:139 - Unknown STM32CubeMX version: 6.15.0
2025-12-27 11:39:19,336 [ERROR] AppliInfo:139 - Unknown STM32CubeMX version: 6.15.0
2025-12-27 11:39:19,336 [ERROR] AppliInfo:139 - Unknown STM32CubeMX version: 6.15.0
2025-12-27 11:39:19,336 [ERROR] AppliInfo:139 - Unknown STM32CubeMX version: 6.15.0
2025-12-27 11:39:19,336 [ERROR] AppliInfo:139 - Unknown STM32CubeMX version: 6.15.0
2025-12-27 11:39:19,339 [ERROR] AppliInfo:139 - Unknown STM32CubeMX version: 6.16.0
2025-12-27 11:39:19,339 [ERROR] AppliInfo:139 - Unknown STM32CubeMX version: 6.15.0
2025-12-27 11:39:19,339 [ERROR] AppliInfo:139 - Unknown STM32CubeMX version: 6.15.0
2025-12-27 11:39:19,339 [ERROR] AppliInfo:139 - Unknown STM32CubeMX version: 6.15.0
2025-12-27 11:39:19,339 [ERROR] AppliInfo:139 - Unknown STM32CubeMX version: 6.15.0
2025-12-27 11:39:19,339 [ERROR] AppliInfo:139 - Unknown STM32CubeMX version: 6.15.0
2025-12-27 11:39:19,340 [ERROR] AppliInfo:139 - Unknown STM32CubeMX version: 6.15.0
2025-12-27 11:39:19,340 [ERROR] AppliInfo:139 - Unknown STM32CubeMX version: 6.15.0
2025-12-27 11:39:19,340 [ERROR] AppliInfo:139 - Unknown STM32CubeMX version: 6.16.0
2025-12-27 11:39:19,340 [ERROR] AppliInfo:139 - Unknown STM32CubeMX version: 6.16.0
2025-12-27 11:39:19,342 [ERROR] AppliInfo:139 - Unknown STM32CubeMX version: 6.15.0
2025-12-27 11:39:19,343 [ERROR] AppliInfo:139 - Unknown STM32CubeMX version: 6.15.0
2025-12-27 11:39:19,343 [ERROR] AppliInfo:139 - Unknown STM32CubeMX version: 6.15.0
2025-12-27 11:39:19,343 [ERROR] AppliInfo:139 - Unknown STM32CubeMX version: 6.15.0
2025-12-27 11:39:19,343 [ERROR] AppliInfo:139 - Unknown STM32CubeMX version: 6.15.0
2025-12-27 11:39:19,343 [ERROR] AppliInfo:139 - Unknown STM32CubeMX version: 6.15.0
2025-12-27 11:39:19,343 [ERROR] AppliInfo:139 - Unknown STM32CubeMX version: 6.15.0
2025-12-27 11:39:19,343 [ERROR] AppliInfo:139 - Unknown STM32CubeMX version: 6.15.0
2025-12-27 11:39:19,343 [ERROR] AppliInfo:139 - Unknown STM32CubeMX version: 6.15.0
2025-12-27 11:39:19,343 [ERROR] AppliInfo:139 - Unknown STM32CubeMX version: 6.15.0
2025-12-27 11:39:19,343 [ERROR] AppliInfo:139 - Unknown STM32CubeMX version: 6.15.0
2025-12-27 11:39:19,344 [ERROR] AppliInfo:139 - Unknown STM32CubeMX version: 6.15.0
2025-12-27 11:39:19,344 [ERROR] AppliInfo:139 - Unknown STM32CubeMX version: 6.15.0
2025-12-27 11:39:19,347 [ERROR] AppliInfo:139 - Unknown STM32CubeMX version: 6.16.0
2025-12-27 11:39:19,347 [ERROR] AppliInfo:139 - Unknown STM32CubeMX version: 6.16.0
2025-12-27 11:39:19,347 [ERROR] AppliInfo:139 - Unknown STM32CubeMX version: 6.16.0
2025-12-27 11:39:19,347 [ERROR] AppliInfo:139 - Unknown STM32CubeMX version: 6.16.0
2025-12-27 11:39:19,348 [ERROR] AppliInfo:139 - Unknown STM32CubeMX version: 6.16.0
2025-12-27 11:39:19,348 [ERROR] AppliInfo:139 - Unknown STM32CubeMX version: 6.16.0
2025-12-27 11:39:19,348 [ERROR] AppliInfo:139 - Unknown STM32CubeMX version: 6.16.0
2025-12-27 11:39:19,348 [ERROR] AppliInfo:139 - Unknown STM32CubeMX version: 6.16.0
2025-12-27 11:39:19,348 [ERROR] AppliInfo:139 - Unknown STM32CubeMX version: 6.16.0
2025-12-27 11:39:19,348 [ERROR] AppliInfo:139 - Unknown STM32CubeMX version: 6.16.0
2025-12-27 11:39:19,348 [ERROR] AppliInfo:139 - Unknown STM32CubeMX version: 6.16.0
2025-12-27 11:39:19,350 [ERROR] AppliInfo:139 - Unknown STM32CubeMX version: 6.16.0
2025-12-27 11:39:19,350 [ERROR] AppliInfo:139 - Unknown STM32CubeMX version: 6.16.0
2025-12-27 11:39:19,350 [ERROR] AppliInfo:139 - Unknown STM32CubeMX version: 6.16.0
2025-12-27 11:39:19,350 [ERROR] AppliInfo:139 - Unknown STM32CubeMX version: 6.16.0
2025-12-27 11:39:19,350 [ERROR] AppliInfo:139 - Unknown STM32CubeMX version: 6.16.0
2025-12-27 11:39:19,350 [ERROR] AppliInfo:139 - Unknown STM32CubeMX version: 6.16.0
2025-12-27 11:39:19,350 [ERROR] AppliInfo:139 - Unknown STM32CubeMX version: 6.16.0
2025-12-27 11:39:19,350 [ERROR] AppliInfo:139 - Unknown STM32CubeMX version: 6.16.0
2025-12-27 11:39:19,351 [ERROR] AppliInfo:139 - Unknown STM32CubeMX version: 6.16.0
2025-12-27 11:39:19,351 [ERROR] AppliInfo:139 - Unknown STM32CubeMX version: 6.16.0
2025-12-27 11:39:19,351 [ERROR] AppliInfo:139 - Unknown STM32CubeMX version: 6.16.0
2025-12-27 11:39:19,351 [ERROR] AppliInfo:139 - Unknown STM32CubeMX version: 6.16.0
2025-12-27 11:39:19,351 [ERROR] AppliInfo:139 - Unknown STM32CubeMX version: 6.16.0
2025-12-27 11:39:19,351 [ERROR] AppliInfo:139 - Unknown STM32CubeMX version: 6.16.0
2025-12-27 11:39:19,352 [ERROR] AppliInfo:139 - Unknown STM32CubeMX version: 6.16.0
2025-12-27 11:39:19,352 [ERROR] AppliInfo:139 - Unknown STM32CubeMX version: 6.16.0
2025-12-27 11:39:19,352 [ERROR] AppliInfo:139 - Unknown STM32CubeMX version: 6.16.0
2025-12-27 11:39:19,352 [ERROR] AppliInfo:139 - Unknown STM32CubeMX version: 6.16.0
2025-12-27 11:39:19,352 [ERROR] AppliInfo:139 - Unknown STM32CubeMX version: 6.16.0
2025-12-27 11:39:19,352 [ERROR] AppliInfo:139 - Unknown STM32CubeMX version: 6.16.0
2025-12-27 11:39:19,352 [ERROR] AppliInfo:139 - Unknown STM32CubeMX version: 6.16.0
2025-12-27 11:39:19,352 [ERROR] AppliInfo:139 - Unknown STM32CubeMX version: 6.16.0
2025-12-27 11:39:19,352 [ERROR] AppliInfo:139 - Unknown STM32CubeMX version: 6.16.0
2025-12-27 11:39:19,352 [ERROR] AppliInfo:139 - Unknown STM32CubeMX version: 6.16.0
2025-12-27 11:39:19,353 [ERROR] AppliInfo:139 - Unknown STM32CubeMX version: 6.16.0
2025-12-27 11:39:19,353 [ERROR] AppliInfo:139 - Unknown STM32CubeMX version: 6.16.0
2025-12-27 11:39:19,353 [ERROR] AppliInfo:139 - Unknown STM32CubeMX version: 6.16.0
2025-12-27 11:39:19,353 [ERROR] AppliInfo:139 - Unknown STM32CubeMX version: 6.16.0
2025-12-27 11:39:19,353 [ERROR] AppliInfo:139 - Unknown STM32CubeMX version: 6.16.0
2025-12-27 11:39:19,353 [ERROR] AppliInfo:139 - Unknown STM32CubeMX version: 6.16.0
2025-12-27 11:39:19,353 [ERROR] AppliInfo:139 - Unknown STM32CubeMX version: 6.16.0
2025-12-27 11:39:19,353 [ERROR] AppliInfo:139 - Unknown STM32CubeMX version: 6.16.0
2025-12-27 11:39:19,353 [ERROR] AppliInfo:139 - Unknown STM32CubeMX version: 6.16.0
2025-12-27 11:39:19,354 [ERROR] AppliInfo:139 - Unknown STM32CubeMX version: 6.16.0
2025-12-27 11:39:19,354 [ERROR] AppliInfo:139 - Unknown STM32CubeMX version: 6.16.0
2025-12-27 11:39:19,354 [ERROR] AppliInfo:139 - Unknown STM32CubeMX version: 6.16.0
2025-12-27 11:39:19,354 [ERROR] AppliInfo:139 - Unknown STM32CubeMX version: 6.16.0
2025-12-27 11:39:19,354 [ERROR] AppliInfo:139 - Unknown STM32CubeMX version: 6.16.0
2025-12-27 11:39:19,354 [ERROR] AppliInfo:139 - Unknown STM32CubeMX version: 6.16.0
2025-12-27 11:39:19,354 [ERROR] AppliInfo:139 - Unknown STM32CubeMX version: 6.16.0
2025-12-27 11:39:19,354 [ERROR] AppliInfo:139 - Unknown STM32CubeMX version: 6.16.0
2025-12-27 11:39:19,354 [ERROR] AppliInfo:139 - Unknown STM32CubeMX version: 6.16.0
2025-12-27 11:39:19,355 [ERROR] AppliInfo:139 - Unknown STM32CubeMX version: 6.16.0
2025-12-27 11:39:19,355 [ERROR] AppliInfo:139 - Unknown STM32CubeMX version: 6.16.0
2025-12-27 11:39:19,355 [ERROR] AppliInfo:139 - Unknown STM32CubeMX version: 6.16.0
2025-12-27 11:39:19,355 [ERROR] AppliInfo:139 - Unknown STM32CubeMX version: 6.16.0
2025-12-27 11:39:19,355 [ERROR] AppliInfo:139 - Unknown STM32CubeMX version: 6.16.0
2025-12-27 11:39:19,355 [ERROR] AppliInfo:139 - Unknown STM32CubeMX version: 6.16.0
2025-12-27 11:39:19,355 [ERROR] AppliInfo:139 - Unknown STM32CubeMX version: 6.16.0
2025-12-27 11:39:19,375 [ERROR] AppliInfo:139 - Unknown STM32CubeMX version: 6.15.0
2025-12-27 11:39:19,375 [ERROR] AppliInfo:139 - Unknown STM32CubeMX version: 6.15.0
2025-12-27 11:39:19,375 [ERROR] AppliInfo:139 - Unknown STM32CubeMX version: 6.15.0
2025-12-27 11:39:19,375 [ERROR] AppliInfo:139 - Unknown STM32CubeMX version: 6.15.0
2025-12-27 11:39:19,375 [ERROR] AppliInfo:139 - Unknown STM32CubeMX version: 6.15.0
2025-12-27 11:39:19,375 [ERROR] AppliInfo:139 - Unknown STM32CubeMX version: 6.15.0
2025-12-27 11:39:19,376 [ERROR] AppliInfo:139 - Unknown STM32CubeMX version: 6.15.0
2025-12-27 11:39:19,376 [ERROR] AppliInfo:139 - Unknown STM32CubeMX version: 6.15.0
2025-12-27 11:39:19,376 [ERROR] AppliInfo:139 - Unknown STM32CubeMX version: 6.15.0
2025-12-27 11:39:19,376 [ERROR] AppliInfo:139 - Unknown STM32CubeMX version: 6.15.0
2025-12-27 11:39:19,376 [ERROR] AppliInfo:139 - Unknown STM32CubeMX version: 6.15.0
2025-12-27 11:39:19,376 [ERROR] AppliInfo:139 - Unknown STM32CubeMX version: 6.15.0
2025-12-27 11:39:19,376 [ERROR] AppliInfo:139 - Unknown STM32CubeMX version: 6.15.0
2025-12-27 11:39:19,376 [ERROR] AppliInfo:139 - Unknown STM32CubeMX version: 6.15.0
2025-12-27 11:39:19,376 [ERROR] AppliInfo:139 - Unknown STM32CubeMX version: 6.15.0
2025-12-27 11:39:19,376 [ERROR] AppliInfo:139 - Unknown STM32CubeMX version: 6.15.0
2025-12-27 11:39:19,377 [ERROR] AppliInfo:139 - Unknown STM32CubeMX version: 6.15.0
2025-12-27 11:39:19,377 [ERROR] AppliInfo:139 - Unknown STM32CubeMX version: 6.15.0
2025-12-27 11:39:19,377 [ERROR] AppliInfo:139 - Unknown STM32CubeMX version: 6.15.0
2025-12-27 11:39:19,377 [ERROR] AppliInfo:139 - Unknown STM32CubeMX version: 6.15.0
2025-12-27 11:39:19,377 [ERROR] AppliInfo:139 - Unknown STM32CubeMX version: 6.15.0
2025-12-27 11:39:19,377 [ERROR] AppliInfo:139 - Unknown STM32CubeMX version: 6.15.0
2025-12-27 11:39:19,377 [ERROR] AppliInfo:139 - Unknown STM32CubeMX version: 6.15.0
2025-12-27 11:39:19,377 [ERROR] AppliInfo:139 - Unknown STM32CubeMX version: 6.15.0
2025-12-27 11:39:19,377 [ERROR] AppliInfo:139 - Unknown STM32CubeMX version: 6.15.0
2025-12-27 11:39:19,378 [ERROR] AppliInfo:139 - Unknown STM32CubeMX version: 6.15.0
2025-12-27 11:39:19,378 [ERROR] AppliInfo:139 - Unknown STM32CubeMX version: 6.15.0
2025-12-27 11:39:19,378 [ERROR] AppliInfo:139 - Unknown STM32CubeMX version: 6.15.0
2025-12-27 11:39:19,378 [ERROR] AppliInfo:139 - Unknown STM32CubeMX version: 6.15.0
2025-12-27 11:39:19,378 [ERROR] AppliInfo:139 - Unknown STM32CubeMX version: 6.15.0
2025-12-27 11:39:19,378 [ERROR] AppliInfo:139 - Unknown STM32CubeMX version: 6.15.0
2025-12-27 11:39:19,378 [ERROR] AppliInfo:139 - Unknown STM32CubeMX version: 6.15.0
2025-12-27 11:39:19,378 [ERROR] AppliInfo:139 - Unknown STM32CubeMX version: 6.15.0
2025-12-27 11:39:19,378 [ERROR] AppliInfo:139 - Unknown STM32CubeMX version: 6.15.0
2025-12-27 11:39:19,378 [ERROR] AppliInfo:139 - Unknown STM32CubeMX version: 6.15.0
2025-12-27 11:39:19,379 [ERROR] AppliInfo:139 - Unknown STM32CubeMX version: 6.15.0
2025-12-27 11:39:19,379 [ERROR] AppliInfo:139 - Unknown STM32CubeMX version: 6.15.0
2025-12-27 11:39:19,379 [ERROR] AppliInfo:139 - Unknown STM32CubeMX version: 6.15.0
2025-12-27 11:39:19,379 [ERROR] AppliInfo:139 - Unknown STM32CubeMX version: 6.15.0
2025-12-27 11:39:19,379 [ERROR] AppliInfo:139 - Unknown STM32CubeMX version: 6.15.0
2025-12-27 11:39:19,379 [ERROR] AppliInfo:139 - Unknown STM32CubeMX version: 6.15.0
2025-12-27 11:39:19,379 [ERROR] AppliInfo:139 - Unknown STM32CubeMX version: 6.15.0
2025-12-27 11:39:19,379 [ERROR] AppliInfo:139 - Unknown STM32CubeMX version: 6.15.0
2025-12-27 11:39:19,388 [ERROR] AppliInfo:139 - Unknown STM32CubeMX version: 6.14.1
2025-12-27 11:39:19,388 [ERROR] AppliInfo:139 - Unknown STM32CubeMX version: 6.14.1
2025-12-27 11:39:19,388 [ERROR] AppliInfo:139 - Unknown STM32CubeMX version: 6.14.1
2025-12-27 11:39:19,388 [ERROR] AppliInfo:139 - Unknown STM32CubeMX version: 6.14.1
2025-12-27 11:39:19,388 [ERROR] AppliInfo:139 - Unknown STM32CubeMX version: 6.14.1
2025-12-27 11:39:19,388 [ERROR] AppliInfo:139 - Unknown STM32CubeMX version: 6.14.1
2025-12-27 11:39:19,388 [ERROR] AppliInfo:139 - Unknown STM32CubeMX version: 6.14.1
2025-12-27 11:39:19,388 [ERROR] AppliInfo:139 - Unknown STM32CubeMX version: 6.14.1
2025-12-27 11:39:19,388 [ERROR] AppliInfo:139 - Unknown STM32CubeMX version: 6.14.1
2025-12-27 11:39:19,388 [ERROR] AppliInfo:139 - Unknown STM32CubeMX version: 6.14.1
2025-12-27 11:39:19,389 [ERROR] AppliInfo:139 - Unknown STM32CubeMX version: 6.14.1
2025-12-27 11:39:19,389 [ERROR] AppliInfo:139 - Unknown STM32CubeMX version: 6.14.1
2025-12-27 11:39:19,389 [ERROR] AppliInfo:139 - Unknown STM32CubeMX version: 6.14.1
2025-12-27 11:39:19,389 [ERROR] AppliInfo:139 - Unknown STM32CubeMX version: 6.14.1
2025-12-27 11:39:19,389 [ERROR] AppliInfo:139 - Unknown STM32CubeMX version: 6.14.1
2025-12-27 11:39:19,389 [ERROR] AppliInfo:139 - Unknown STM32CubeMX version: 6.14.1
2025-12-27 11:39:19,389 [ERROR] AppliInfo:139 - Unknown STM32CubeMX version: 6.14.1
2025-12-27 11:39:19,389 [ERROR] AppliInfo:139 - Unknown STM32CubeMX version: 6.14.1
2025-12-27 11:39:19,389 [ERROR] AppliInfo:139 - Unknown STM32CubeMX version: 6.14.1
2025-12-27 11:39:19,389 [ERROR] AppliInfo:139 - Unknown STM32CubeMX version: 6.14.1
2025-12-27 11:39:19,390 [ERROR] AppliInfo:139 - Unknown STM32CubeMX version: 6.14.1
2025-12-27 11:39:19,390 [ERROR] AppliInfo:139 - Unknown STM32CubeMX version: 6.14.1
2025-12-27 11:39:19,390 [ERROR] AppliInfo:139 - Unknown STM32CubeMX version: 6.14.1
2025-12-27 11:39:19,390 [ERROR] AppliInfo:139 - Unknown STM32CubeMX version: 6.14.1
2025-12-27 11:39:19,390 [ERROR] AppliInfo:139 - Unknown STM32CubeMX version: 6.14.1
2025-12-27 11:39:19,390 [ERROR] AppliInfo:139 - Unknown STM32CubeMX version: 6.14.1
2025-12-27 11:39:19,390 [ERROR] AppliInfo:139 - Unknown STM32CubeMX version: 6.14.1
2025-12-27 11:39:19,390 [ERROR] AppliInfo:139 - Unknown STM32CubeMX version: 6.14.1
2025-12-27 11:39:19,390 [ERROR] AppliInfo:139 - Unknown STM32CubeMX version: 6.14.1
2025-12-27 11:39:19,391 [ERROR] AppliInfo:139 - Unknown STM32CubeMX version: 6.14.1
2025-12-27 11:39:19,391 [ERROR] AppliInfo:139 - Unknown STM32CubeMX version: 6.14.1
2025-12-27 11:39:19,391 [ERROR] AppliInfo:139 - Unknown STM32CubeMX version: 6.14.1
2025-12-27 11:39:19,391 [ERROR] AppliInfo:139 - Unknown STM32CubeMX version: 6.14.1
2025-12-27 11:39:19,391 [ERROR] AppliInfo:139 - Unknown STM32CubeMX version: 6.14.1
2025-12-27 11:39:19,391 [ERROR] AppliInfo:139 - Unknown STM32CubeMX version: 6.14.1
2025-12-27 11:39:19,391 [ERROR] AppliInfo:139 - Unknown STM32CubeMX version: 6.14.1
2025-12-27 11:39:19,392 [ERROR] AppliInfo:139 - Unknown STM32CubeMX version: 6.14.1
2025-12-27 11:39:19,392 [ERROR] AppliInfo:139 - Unknown STM32CubeMX version: 6.14.1
2025-12-27 11:39:19,392 [ERROR] AppliInfo:139 - Unknown STM32CubeMX version: 6.14.1
2025-12-27 11:39:19,392 [ERROR] AppliInfo:139 - Unknown STM32CubeMX version: 6.14.1
2025-12-27 11:39:19,392 [ERROR] AppliInfo:139 - Unknown STM32CubeMX version: 6.14.1
2025-12-27 11:39:19,392 [ERROR] AppliInfo:139 - Unknown STM32CubeMX version: 6.14.1
2025-12-27 11:39:19,392 [ERROR] AppliInfo:139 - Unknown STM32CubeMX version: 6.14.1
2025-12-27 11:39:19,393 [ERROR] AppliInfo:139 - Unknown STM32CubeMX version: 6.14.1
2025-12-27 11:39:19,393 [ERROR] AppliInfo:139 - Unknown STM32CubeMX version: 6.14.1
2025-12-27 11:39:19,393 [ERROR] AppliInfo:139 - Unknown STM32CubeMX version: 6.14.1
2025-12-27 11:39:19,393 [ERROR] AppliInfo:139 - Unknown STM32CubeMX version: 6.14.1
2025-12-27 11:39:19,393 [ERROR] AppliInfo:139 - Unknown STM32CubeMX version: 6.14.1
2025-12-27 11:39:19,393 [ERROR] AppliInfo:139 - Unknown STM32CubeMX version: 6.14.1
2025-12-27 11:39:19,393 [ERROR] AppliInfo:139 - Unknown STM32CubeMX version: 6.14.1
2025-12-27 11:39:19,393 [ERROR] AppliInfo:139 - Unknown STM32CubeMX version: 6.14.1
2025-12-27 11:39:19,393 [ERROR] AppliInfo:139 - Unknown STM32CubeMX version: 6.14.1
2025-12-27 11:39:19,393 [ERROR] AppliInfo:139 - Unknown STM32CubeMX version: 6.14.1
2025-12-27 11:39:19,393 [ERROR] AppliInfo:139 - Unknown STM32CubeMX version: 6.14.1
2025-12-27 11:39:19,393 [ERROR] AppliInfo:139 - Unknown STM32CubeMX version: 6.14.1
2025-12-27 11:39:19,394 [ERROR] AppliInfo:139 - Unknown STM32CubeMX version: 6.14.1
2025-12-27 11:39:19,394 [ERROR] AppliInfo:139 - Unknown STM32CubeMX version: 6.14.1
2025-12-27 11:39:19,394 [ERROR] AppliInfo:139 - Unknown STM32CubeMX version: 6.14.1
2025-12-27 11:39:19,394 [ERROR] AppliInfo:139 - Unknown STM32CubeMX version: 6.14.1
2025-12-27 11:39:19,394 [ERROR] AppliInfo:139 - Unknown STM32CubeMX version: 6.14.1
2025-12-27 11:39:19,394 [ERROR] AppliInfo:139 - Unknown STM32CubeMX version: 6.14.1
2025-12-27 11:39:19,394 [ERROR] AppliInfo:139 - Unknown STM32CubeMX version: 6.14.1
2025-12-27 11:39:19,394 [ERROR] AppliInfo:139 - Unknown STM32CubeMX version: 6.14.1
2025-12-27 11:39:19,394 [ERROR] AppliInfo:139 - Unknown STM32CubeMX version: 6.14.1
2025-12-27 11:39:19,394 [ERROR] AppliInfo:139 - Unknown STM32CubeMX version: 6.14.1
2025-12-27 11:39:19,394 [ERROR] AppliInfo:139 - Unknown STM32CubeMX version: 6.14.1
2025-12-27 11:39:19,395 [ERROR] AppliInfo:139 - Unknown STM32CubeMX version: 6.14.1
2025-12-27 11:39:19,395 [ERROR] AppliInfo:139 - Unknown STM32CubeMX version: 6.14.1
2025-12-27 11:39:19,395 [ERROR] AppliInfo:139 - Unknown STM32CubeMX version: 6.14.1
2025-12-27 11:39:19,395 [ERROR] AppliInfo:139 - Unknown STM32CubeMX version: 6.14.1
2025-12-27 11:39:19,395 [ERROR] AppliInfo:139 - Unknown STM32CubeMX version: 6.14.1
2025-12-27 11:39:19,395 [ERROR] AppliInfo:139 - Unknown STM32CubeMX version: 6.14.1
2025-12-27 11:39:19,395 [ERROR] AppliInfo:139 - Unknown STM32CubeMX version: 6.14.1
2025-12-27 11:39:19,395 [ERROR] AppliInfo:139 - Unknown STM32CubeMX version: 6.14.1
2025-12-27 11:39:19,395 [ERROR] AppliInfo:139 - Unknown STM32CubeMX version: 6.14.1
2025-12-27 11:39:19,395 [ERROR] AppliInfo:139 - Unknown STM32CubeMX version: 6.14.1
2025-12-27 11:39:19,395 [ERROR] AppliInfo:139 - Unknown STM32CubeMX version: 6.14.1
2025-12-27 11:39:19,396 [ERROR] AppliInfo:139 - Unknown STM32CubeMX version: 6.14.1
2025-12-27 11:39:19,396 [ERROR] AppliInfo:139 - Unknown STM32CubeMX version: 6.14.1
2025-12-27 11:39:19,396 [ERROR] AppliInfo:139 - Unknown STM32CubeMX version: 6.14.1
2025-12-27 11:39:19,396 [ERROR] AppliInfo:139 - Unknown STM32CubeMX version: 6.14.1
2025-12-27 11:39:19,396 [ERROR] AppliInfo:139 - Unknown STM32CubeMX version: 6.14.1
2025-12-27 11:39:19,396 [ERROR] AppliInfo:139 - Unknown STM32CubeMX version: 6.14.1
2025-12-27 11:39:19,396 [ERROR] AppliInfo:139 - Unknown STM32CubeMX version: 6.14.1
2025-12-27 11:39:19,396 [ERROR] AppliInfo:139 - Unknown STM32CubeMX version: 6.14.1
2025-12-27 11:39:19,396 [ERROR] AppliInfo:139 - Unknown STM32CubeMX version: 6.14.1
2025-12-27 11:39:19,396 [ERROR] AppliInfo:139 - Unknown STM32CubeMX version: 6.14.1
2025-12-27 11:39:19,397 [ERROR] AppliInfo:139 - Unknown STM32CubeMX version: 6.14.1
2025-12-27 11:39:19,397 [ERROR] AppliInfo:139 - Unknown STM32CubeMX version: 6.14.1
2025-12-27 11:39:19,397 [ERROR] AppliInfo:139 - Unknown STM32CubeMX version: 6.14.1
2025-12-27 11:39:19,397 [ERROR] AppliInfo:139 - Unknown STM32CubeMX version: 6.14.1
2025-12-27 11:39:19,397 [ERROR] AppliInfo:139 - Unknown STM32CubeMX version: 6.14.1
2025-12-27 11:39:19,397 [ERROR] AppliInfo:139 - Unknown STM32CubeMX version: 6.14.1
2025-12-27 11:39:19,397 [ERROR] AppliInfo:139 - Unknown STM32CubeMX version: 6.14.1
2025-12-27 11:39:19,397 [ERROR] AppliInfo:139 - Unknown STM32CubeMX version: 6.14.1
2025-12-27 11:39:19,397 [ERROR] AppliInfo:139 - Unknown STM32CubeMX version: 6.14.1
2025-12-27 11:39:19,397 [ERROR] AppliInfo:139 - Unknown STM32CubeMX version: 6.14.1
2025-12-27 11:39:19,398 [ERROR] AppliInfo:139 - Unknown STM32CubeMX version: 6.14.1
2025-12-27 11:39:19,398 [ERROR] AppliInfo:139 - Unknown STM32CubeMX version: 6.14.1
2025-12-27 11:39:19,398 [ERROR] AppliInfo:139 - Unknown STM32CubeMX version: 6.14.1
2025-12-27 11:39:19,398 [ERROR] AppliInfo:139 - Unknown STM32CubeMX version: 6.14.1
2025-12-27 11:39:19,398 [ERROR] AppliInfo:139 - Unknown STM32CubeMX version: 6.14.1
2025-12-27 11:39:19,398 [ERROR] AppliInfo:139 - Unknown STM32CubeMX version: 6.14.1
2025-12-27 11:39:19,398 [ERROR] AppliInfo:139 - Unknown STM32CubeMX version: 6.14.1
2025-12-27 11:39:19,398 [ERROR] AppliInfo:139 - Unknown STM32CubeMX version: 6.14.1
2025-12-27 11:39:19,399 [ERROR] AppliInfo:139 - Unknown STM32CubeMX version: 6.14.1
2025-12-27 11:39:19,399 [ERROR] AppliInfo:139 - Unknown STM32CubeMX version: 6.14.1
2025-12-27 11:39:19,399 [ERROR] AppliInfo:139 - Unknown STM32CubeMX version: 6.14.1
2025-12-27 11:39:19,399 [ERROR] AppliInfo:139 - Unknown STM32CubeMX version: 6.14.1
2025-12-27 11:39:19,399 [ERROR] AppliInfo:139 - Unknown STM32CubeMX version: 6.14.1
2025-12-27 11:39:19,399 [ERROR] AppliInfo:139 - Unknown STM32CubeMX version: 6.14.1
2025-12-27 11:39:19,399 [ERROR] AppliInfo:139 - Unknown STM32CubeMX version: 6.14.1
2025-12-27 11:39:19,400 [ERROR] AppliInfo:139 - Unknown STM32CubeMX version: 6.14.1
2025-12-27 11:39:19,400 [ERROR] AppliInfo:139 - Unknown STM32CubeMX version: 6.14.1
2025-12-27 11:39:19,400 [ERROR] AppliInfo:139 - Unknown STM32CubeMX version: 6.14.1
2025-12-27 11:39:19,400 [ERROR] AppliInfo:139 - Unknown STM32CubeMX version: 6.14.1
2025-12-27 11:39:19,400 [ERROR] AppliInfo:139 - Unknown STM32CubeMX version: 6.14.1
2025-12-27 11:39:19,400 [ERROR] AppliInfo:139 - Unknown STM32CubeMX version: 6.14.1
2025-12-27 11:39:19,400 [ERROR] AppliInfo:139 - Unknown STM32CubeMX version: 6.14.1
2025-12-27 11:39:19,400 [ERROR] AppliInfo:139 - Unknown STM32CubeMX version: 6.14.1
2025-12-27 11:39:19,401 [ERROR] AppliInfo:139 - Unknown STM32CubeMX version: 6.14.1
2025-12-27 11:39:19,401 [ERROR] AppliInfo:139 - Unknown STM32CubeMX version: 6.14.1
2025-12-27 11:39:19,401 [ERROR] AppliInfo:139 - Unknown STM32CubeMX version: 6.14.1
2025-12-27 11:39:19,401 [ERROR] AppliInfo:139 - Unknown STM32CubeMX version: 6.14.1
2025-12-27 11:39:19,401 [ERROR] AppliInfo:139 - Unknown STM32CubeMX version: 6.14.1
2025-12-27 11:39:19,401 [ERROR] AppliInfo:139 - Unknown STM32CubeMX version: 6.14.1
2025-12-27 11:39:19,402 [ERROR] AppliInfo:139 - Unknown STM32CubeMX version: 6.14.1
2025-12-27 11:39:19,402 [ERROR] AppliInfo:139 - Unknown STM32CubeMX version: 6.14.1
2025-12-27 11:39:19,402 [ERROR] AppliInfo:139 - Unknown STM32CubeMX version: 6.14.1
2025-12-27 11:39:19,402 [ERROR] AppliInfo:139 - Unknown STM32CubeMX version: 6.14.1
2025-12-27 11:39:19,402 [ERROR] AppliInfo:139 - Unknown STM32CubeMX version: 6.14.1
2025-12-27 11:39:19,402 [ERROR] AppliInfo:139 - Unknown STM32CubeMX version: 6.14.1
2025-12-27 11:39:19,402 [ERROR] AppliInfo:139 - Unknown STM32CubeMX version: 6.14.1
2025-12-27 11:39:19,403 [ERROR] AppliInfo:139 - Unknown STM32CubeMX version: 6.14.1
2025-12-27 11:39:19,403 [ERROR] AppliInfo:139 - Unknown STM32CubeMX version: 6.14.1
2025-12-27 11:39:19,403 [ERROR] AppliInfo:139 - Unknown STM32CubeMX version: 6.14.1
2025-12-27 11:39:19,403 [ERROR] AppliInfo:139 - Unknown STM32CubeMX version: 6.14.1
2025-12-27 11:39:19,403 [ERROR] AppliInfo:139 - Unknown STM32CubeMX version: 6.14.1
2025-12-27 11:39:19,403 [ERROR] AppliInfo:139 - Unknown STM32CubeMX version: 6.14.1
2025-12-27 11:39:19,403 [ERROR] AppliInfo:139 - Unknown STM32CubeMX version: 6.14.1
2025-12-27 11:39:19,404 [ERROR] AppliInfo:139 - Unknown STM32CubeMX version: 6.14.1
2025-12-27 11:39:19,404 [ERROR] AppliInfo:139 - Unknown STM32CubeMX version: 6.14.1
2025-12-27 11:39:19,404 [ERROR] AppliInfo:139 - Unknown STM32CubeMX version: 6.14.1
2025-12-27 11:39:19,404 [ERROR] AppliInfo:139 - Unknown STM32CubeMX version: 6.14.1
2025-12-27 11:39:19,404 [ERROR] AppliInfo:139 - Unknown STM32CubeMX version: 6.14.1
2025-12-27 11:39:19,404 [ERROR] AppliInfo:139 - Unknown STM32CubeMX version: 6.14.1
2025-12-27 11:39:19,404 [ERROR] AppliInfo:139 - Unknown STM32CubeMX version: 6.14.1
2025-12-27 11:39:19,405 [ERROR] AppliInfo:139 - Unknown STM32CubeMX version: 6.14.1
2025-12-27 11:39:19,405 [ERROR] AppliInfo:139 - Unknown STM32CubeMX version: 6.14.1
2025-12-27 11:39:19,405 [ERROR] AppliInfo:139 - Unknown STM32CubeMX version: 6.14.1
2025-12-27 11:39:19,405 [ERROR] AppliInfo:139 - Unknown STM32CubeMX version: 6.14.1
2025-12-27 11:39:19,405 [ERROR] AppliInfo:139 - Unknown STM32CubeMX version: 6.14.1
2025-12-27 11:39:19,405 [ERROR] AppliInfo:139 - Unknown STM32CubeMX version: 6.14.1
2025-12-27 11:39:19,405 [ERROR] AppliInfo:139 - Unknown STM32CubeMX version: 6.14.1
2025-12-27 11:39:19,405 [ERROR] AppliInfo:139 - Unknown STM32CubeMX version: 6.14.1
2025-12-27 11:39:19,406 [ERROR] AppliInfo:139 - Unknown STM32CubeMX version: 6.14.1
2025-12-27 11:39:19,406 [ERROR] AppliInfo:139 - Unknown STM32CubeMX version: 6.14.1
2025-12-27 11:39:19,406 [ERROR] AppliInfo:139 - Unknown STM32CubeMX version: 6.14.1
2025-12-27 11:39:19,406 [ERROR] AppliInfo:139 - Unknown STM32CubeMX version: 6.14.1
2025-12-27 11:39:19,406 [ERROR] AppliInfo:139 - Unknown STM32CubeMX version: 6.14.1
2025-12-27 11:39:19,406 [ERROR] AppliInfo:139 - Unknown STM32CubeMX version: 6.14.1
2025-12-27 11:39:19,407 [ERROR] AppliInfo:139 - Unknown STM32CubeMX version: 6.14.1
2025-12-27 11:39:19,407 [ERROR] AppliInfo:139 - Unknown STM32CubeMX version: 6.14.1
2025-12-27 11:39:19,407 [ERROR] AppliInfo:139 - Unknown STM32CubeMX version: 6.14.1
2025-12-27 11:39:19,407 [ERROR] AppliInfo:139 - Unknown STM32CubeMX version: 6.14.1
2025-12-27 11:39:19,407 [ERROR] AppliInfo:139 - Unknown STM32CubeMX version: 6.14.1
2025-12-27 11:39:19,407 [ERROR] AppliInfo:139 - Unknown STM32CubeMX version: 6.14.1
2025-12-27 11:39:19,407 [ERROR] AppliInfo:139 - Unknown STM32CubeMX version: 6.14.1
2025-12-27 11:39:19,407 [ERROR] AppliInfo:139 - Unknown STM32CubeMX version: 6.14.1
2025-12-27 11:39:19,408 [ERROR] AppliInfo:139 - Unknown STM32CubeMX version: 6.14.1
2025-12-27 11:39:19,408 [ERROR] AppliInfo:139 - Unknown STM32CubeMX version: 6.14.1
2025-12-27 11:39:19,408 [ERROR] AppliInfo:139 - Unknown STM32CubeMX version: 6.14.1
2025-12-27 11:39:19,408 [ERROR] AppliInfo:139 - Unknown STM32CubeMX version: 6.14.1
2025-12-27 11:39:19,408 [ERROR] AppliInfo:139 - Unknown STM32CubeMX version: 6.14.1
2025-12-27 11:39:19,408 [ERROR] AppliInfo:139 - Unknown STM32CubeMX version: 6.14.1
2025-12-27 11:39:19,409 [ERROR] AppliInfo:139 - Unknown STM32CubeMX version: 6.14.1
2025-12-27 11:39:19,409 [ERROR] AppliInfo:139 - Unknown STM32CubeMX version: 6.14.1
2025-12-27 11:39:19,409 [ERROR] AppliInfo:139 - Unknown STM32CubeMX version: 6.14.1
2025-12-27 11:39:19,409 [ERROR] AppliInfo:139 - Unknown STM32CubeMX version: 6.14.1
2025-12-27 11:39:19,409 [ERROR] AppliInfo:139 - Unknown STM32CubeMX version: 6.14.1
2025-12-27 11:39:19,409 [ERROR] AppliInfo:139 - Unknown STM32CubeMX version: 6.14.1
2025-12-27 11:39:19,409 [ERROR] AppliInfo:139 - Unknown STM32CubeMX version: 6.14.1
2025-12-27 11:39:19,410 [ERROR] AppliInfo:139 - Unknown STM32CubeMX version: 6.14.1
2025-12-27 11:39:19,410 [ERROR] AppliInfo:139 - Unknown STM32CubeMX version: 6.14.1
2025-12-27 11:39:19,410 [ERROR] AppliInfo:139 - Unknown STM32CubeMX version: 6.14.1
2025-12-27 11:39:19,410 [ERROR] AppliInfo:139 - Unknown STM32CubeMX version: 6.14.1
2025-12-27 11:39:19,410 [ERROR] AppliInfo:139 - Unknown STM32CubeMX version: 6.14.1
2025-12-27 11:39:19,410 [ERROR] AppliInfo:139 - Unknown STM32CubeMX version: 6.14.1
2025-12-27 11:39:19,410 [ERROR] AppliInfo:139 - Unknown STM32CubeMX version: 6.14.1
2025-12-27 11:39:19,411 [ERROR] AppliInfo:139 - Unknown STM32CubeMX version: 6.14.1
2025-12-27 11:39:19,411 [ERROR] AppliInfo:139 - Unknown STM32CubeMX version: 6.14.1
2025-12-27 11:39:19,411 [ERROR] AppliInfo:139 - Unknown STM32CubeMX version: 6.14.1
2025-12-27 11:39:19,411 [ERROR] AppliInfo:139 - Unknown STM32CubeMX version: 6.14.1
2025-12-27 11:39:19,411 [ERROR] AppliInfo:139 - Unknown STM32CubeMX version: 6.14.1
2025-12-27 11:39:19,411 [ERROR] AppliInfo:139 - Unknown STM32CubeMX version: 6.14.1
2025-12-27 11:39:19,411 [ERROR] AppliInfo:139 - Unknown STM32CubeMX version: 6.14.1
2025-12-27 11:39:19,412 [ERROR] AppliInfo:139 - Unknown STM32CubeMX version: 6.14.1
2025-12-27 11:39:19,412 [ERROR] AppliInfo:139 - Unknown STM32CubeMX version: 6.14.1
2025-12-27 11:39:19,412 [ERROR] AppliInfo:139 - Unknown STM32CubeMX version: 6.14.1
2025-12-27 11:39:19,412 [ERROR] AppliInfo:139 - Unknown STM32CubeMX version: 6.14.1
2025-12-27 11:39:19,412 [ERROR] AppliInfo:139 - Unknown STM32CubeMX version: 6.14.1
2025-12-27 11:39:19,412 [ERROR] AppliInfo:139 - Unknown STM32CubeMX version: 6.14.1
2025-12-27 11:39:19,412 [ERROR] AppliInfo:139 - Unknown STM32CubeMX version: 6.14.1
2025-12-27 11:39:19,413 [ERROR] AppliInfo:139 - Unknown STM32CubeMX version: 6.14.1
2025-12-27 11:39:19,413 [ERROR] AppliInfo:139 - Unknown STM32CubeMX version: 6.14.1
2025-12-27 11:39:19,413 [ERROR] AppliInfo:139 - Unknown STM32CubeMX version: 6.14.1
2025-12-27 11:39:19,413 [ERROR] AppliInfo:139 - Unknown STM32CubeMX version: 6.14.1
2025-12-27 11:39:19,413 [ERROR] AppliInfo:139 - Unknown STM32CubeMX version: 6.14.1
2025-12-27 11:39:19,413 [ERROR] AppliInfo:139 - Unknown STM32CubeMX version: 6.14.1
2025-12-27 11:39:19,413 [ERROR] AppliInfo:139 - Unknown STM32CubeMX version: 6.14.1
2025-12-27 11:39:19,414 [ERROR] AppliInfo:139 - Unknown STM32CubeMX version: 6.14.1
2025-12-27 11:39:19,414 [ERROR] AppliInfo:139 - Unknown STM32CubeMX version: 6.14.1
2025-12-27 11:39:19,415 [ERROR] AppliInfo:139 - Unknown STM32CubeMX version: 6.14.1
2025-12-27 11:39:19,415 [ERROR] AppliInfo:139 - Unknown STM32CubeMX version: 6.14.1
2025-12-27 11:39:19,415 [ERROR] AppliInfo:139 - Unknown STM32CubeMX version: 6.14.1
2025-12-27 11:39:19,415 [ERROR] AppliInfo:139 - Unknown STM32CubeMX version: 6.14.1
2025-12-27 11:39:19,415 [ERROR] AppliInfo:139 - Unknown STM32CubeMX version: 6.14.1
2025-12-27 11:39:19,415 [ERROR] AppliInfo:139 - Unknown STM32CubeMX version: 6.14.1
2025-12-27 11:39:19,415 [ERROR] AppliInfo:139 - Unknown STM32CubeMX version: 6.14.1
2025-12-27 11:39:19,415 [ERROR] AppliInfo:139 - Unknown STM32CubeMX version: 6.14.1
2025-12-27 11:39:19,415 [ERROR] AppliInfo:139 - Unknown STM32CubeMX version: 6.14.1
2025-12-27 11:39:19,415 [ERROR] AppliInfo:139 - Unknown STM32CubeMX version: 6.14.1
2025-12-27 11:39:19,415 [ERROR] AppliInfo:139 - Unknown STM32CubeMX version: 6.14.1
2025-12-27 11:39:19,416 [ERROR] AppliInfo:139 - Unknown STM32CubeMX version: 6.14.1
2025-12-27 11:39:19,416 [ERROR] AppliInfo:139 - Unknown STM32CubeMX version: 6.14.1
2025-12-27 11:39:19,416 [ERROR] AppliInfo:139 - Unknown STM32CubeMX version: 6.14.1
2025-12-27 11:39:19,416 [ERROR] AppliInfo:139 - Unknown STM32CubeMX version: 6.14.1
2025-12-27 11:39:19,416 [ERROR] AppliInfo:139 - Unknown STM32CubeMX version: 6.14.1
2025-12-27 11:39:19,416 [ERROR] AppliInfo:139 - Unknown STM32CubeMX version: 6.14.1
2025-12-27 11:39:19,417 [ERROR] AppliInfo:139 - Unknown STM32CubeMX version: 6.14.1
2025-12-27 11:39:19,417 [ERROR] AppliInfo:139 - Unknown STM32CubeMX version: 6.14.1
2025-12-27 11:39:19,417 [ERROR] AppliInfo:139 - Unknown STM32CubeMX version: 6.14.1
2025-12-27 11:39:19,417 [ERROR] AppliInfo:139 - Unknown STM32CubeMX version: 6.14.1
2025-12-27 11:39:19,417 [ERROR] AppliInfo:139 - Unknown STM32CubeMX version: 6.14.1
2025-12-27 11:39:19,417 [ERROR] AppliInfo:139 - Unknown STM32CubeMX version: 6.14.1
2025-12-27 11:39:19,417 [ERROR] AppliInfo:139 - Unknown STM32CubeMX version: 6.14.1
2025-12-27 11:39:19,418 [ERROR] AppliInfo:139 - Unknown STM32CubeMX version: 6.14.1
2025-12-27 11:39:19,418 [ERROR] AppliInfo:139 - Unknown STM32CubeMX version: 6.14.1
2025-12-27 11:39:19,418 [ERROR] AppliInfo:139 - Unknown STM32CubeMX version: 6.14.1
2025-12-27 11:39:19,418 [ERROR] AppliInfo:139 - Unknown STM32CubeMX version: 6.14.1
2025-12-27 11:39:19,418 [ERROR] AppliInfo:139 - Unknown STM32CubeMX version: 6.14.1
2025-12-27 11:39:19,418 [ERROR] AppliInfo:139 - Unknown STM32CubeMX version: 6.14.1
2025-12-27 11:39:19,418 [ERROR] AppliInfo:139 - Unknown STM32CubeMX version: 6.14.1
2025-12-27 11:39:19,419 [ERROR] AppliInfo:139 - Unknown STM32CubeMX version: 6.14.1
2025-12-27 11:39:19,419 [ERROR] AppliInfo:139 - Unknown STM32CubeMX version: 6.14.1
2025-12-27 11:39:19,419 [ERROR] AppliInfo:139 - Unknown STM32CubeMX version: 6.14.1
2025-12-27 11:39:19,419 [ERROR] AppliInfo:139 - Unknown STM32CubeMX version: 6.14.1
2025-12-27 11:39:19,419 [ERROR] AppliInfo:139 - Unknown STM32CubeMX version: 6.14.1
2025-12-27 11:39:19,419 [ERROR] AppliInfo:139 - Unknown STM32CubeMX version: 6.14.1
2025-12-27 11:39:19,419 [ERROR] AppliInfo:139 - Unknown STM32CubeMX version: 6.14.1
2025-12-27 11:39:19,419 [ERROR] AppliInfo:139 - Unknown STM32CubeMX version: 6.14.1
2025-12-27 11:39:19,420 [ERROR] AppliInfo:139 - Unknown STM32CubeMX version: 6.14.1
2025-12-27 11:39:19,420 [ERROR] AppliInfo:139 - Unknown STM32CubeMX version: 6.14.1
2025-12-27 11:39:19,420 [ERROR] AppliInfo:139 - Unknown STM32CubeMX version: 6.14.1
2025-12-27 11:39:19,420 [ERROR] AppliInfo:139 - Unknown STM32CubeMX version: 6.14.1
2025-12-27 11:39:19,420 [ERROR] AppliInfo:139 - Unknown STM32CubeMX version: 6.14.1
2025-12-27 11:39:19,420 [ERROR] AppliInfo:139 - Unknown STM32CubeMX version: 6.14.1
2025-12-27 11:39:19,421 [ERROR] AppliInfo:139 - Unknown STM32CubeMX version: 6.14.1
2025-12-27 11:39:19,421 [ERROR] AppliInfo:139 - Unknown STM32CubeMX version: 6.14.1
2025-12-27 11:39:19,421 [ERROR] AppliInfo:139 - Unknown STM32CubeMX version: 6.14.1
2025-12-27 11:39:19,428 [ERROR] AppliInfo:139 - Unknown STM32CubeMX version: 6.15.0
2025-12-27 11:39:19,428 [ERROR] AppliInfo:139 - Unknown STM32CubeMX version: 6.15.0
2025-12-27 11:39:19,428 [ERROR] AppliInfo:139 - Unknown STM32CubeMX version: 6.15.0
2025-12-27 11:39:19,428 [ERROR] AppliInfo:139 - Unknown STM32CubeMX version: 6.15.0
2025-12-27 11:39:19,428 [ERROR] AppliInfo:139 - Unknown STM32CubeMX version: 6.15.0
2025-12-27 11:39:19,428 [ERROR] AppliInfo:139 - Unknown STM32CubeMX version: 6.15.0
2025-12-27 11:39:19,428 [ERROR] AppliInfo:139 - Unknown STM32CubeMX version: 6.15.0
2025-12-27 11:39:19,429 [ERROR] AppliInfo:139 - Unknown STM32CubeMX version: 6.15.0
2025-12-27 11:39:19,429 [ERROR] AppliInfo:139 - Unknown STM32CubeMX version: 6.15.0
2025-12-27 11:39:19,429 [ERROR] AppliInfo:139 - Unknown STM32CubeMX version: 6.15.0
2025-12-27 11:39:19,429 [ERROR] AppliInfo:139 - Unknown STM32CubeMX version: 6.15.0
2025-12-27 11:39:19,429 [ERROR] AppliInfo:139 - Unknown STM32CubeMX version: 6.15.0
2025-12-27 11:39:19,429 [ERROR] AppliInfo:139 - Unknown STM32CubeMX version: 6.15.0
2025-12-27 11:39:19,429 [ERROR] AppliInfo:139 - Unknown STM32CubeMX version: 6.15.0
2025-12-27 11:39:19,429 [ERROR] AppliInfo:139 - Unknown STM32CubeMX version: 6.15.0
2025-12-27 11:39:19,429 [ERROR] AppliInfo:139 - Unknown STM32CubeMX version: 6.15.0
2025-12-27 11:39:19,429 [ERROR] AppliInfo:139 - Unknown STM32CubeMX version: 6.15.0
2025-12-27 11:39:19,430 [ERROR] AppliInfo:139 - Unknown STM32CubeMX version: 6.15.0
2025-12-27 11:39:19,430 [ERROR] AppliInfo:139 - Unknown STM32CubeMX version: 6.15.0
2025-12-27 11:39:19,430 [ERROR] AppliInfo:139 - Unknown STM32CubeMX version: 6.15.0
2025-12-27 11:39:22,872 [ERROR] AppliInfo:139 - Unknown STM32CubeMX version: 6.14.1
2025-12-27 11:39:22,872 [ERROR] AppliInfo:139 - Unknown STM32CubeMX version: 6.14.1
2025-12-27 11:39:22,872 [ERROR] AppliInfo:139 - Unknown STM32CubeMX version: 6.14.1
2025-12-27 11:39:22,872 [ERROR] AppliInfo:139 - Unknown STM32CubeMX version: 6.14.1
2025-12-27 11:39:22,872 [ERROR] AppliInfo:139 - Unknown STM32CubeMX version: 6.14.1
2025-12-27 11:39:22,872 [ERROR] AppliInfo:139 - Unknown STM32CubeMX version: 6.14.1
2025-12-27 11:39:22,872 [ERROR] AppliInfo:139 - Unknown STM32CubeMX version: 6.14.1
2025-12-27 11:39:22,983 [ERROR] AppliInfo:139 - Unknown STM32CubeMX version: 6.16.0
2025-12-27 11:39:22,984 [ERROR] AppliInfo:139 - Unknown STM32CubeMX version: 6.16.0
2025-12-27 11:39:22,984 [ERROR] AppliInfo:139 - Unknown STM32CubeMX version: 6.16.0
2025-12-27 11:39:22,984 [ERROR] AppliInfo:139 - Unknown STM32CubeMX version: 6.16.0
2025-12-27 11:39:22,984 [ERROR] AppliInfo:139 - Unknown STM32CubeMX version: 6.16.0
2025-12-27 11:39:22,984 [ERROR] AppliInfo:139 - Unknown STM32CubeMX version: 6.15.0
2025-12-27 11:39:22,984 [ERROR] AppliInfo:139 - Unknown STM32CubeMX version: 6.15.0
2025-12-27 11:39:22,984 [ERROR] AppliInfo:139 - Unknown STM32CubeMX version: 6.15.0
2025-12-27 11:39:22,984 [ERROR] AppliInfo:139 - Unknown STM32CubeMX version: 6.15.0
2025-12-27 11:39:22,984 [ERROR] AppliInfo:139 - Unknown STM32CubeMX version: 6.15.0
2025-12-27 11:39:22,989 [ERROR] AppliInfo:139 - Unknown STM32CubeMX version: 6.16.0
2025-12-27 11:39:22,989 [ERROR] AppliInfo:139 - Unknown STM32CubeMX version: 6.16.0
2025-12-27 11:39:22,989 [ERROR] AppliInfo:139 - Unknown STM32CubeMX version: 6.16.0
2025-12-27 11:39:22,989 [ERROR] AppliInfo:139 - Unknown STM32CubeMX version: 6.16.0
2025-12-27 11:39:23,031 [ERROR] AppliInfo:139 - Unknown STM32CubeMX version: 6.16.0
2025-12-27 11:39:23,032 [ERROR] AppliInfo:139 - Unknown STM32CubeMX version: 6.16.0
2025-12-27 11:39:23,042 [ERROR] AppliInfo:139 - Unknown STM32CubeMX version: 6.16.0
2025-12-27 11:39:23,043 [ERROR] AppliInfo:139 - Unknown STM32CubeMX version: 6.16.0
2025-12-27 11:39:23,043 [ERROR] AppliInfo:139 - Unknown STM32CubeMX version: 6.16.0
2025-12-27 11:39:23,043 [ERROR] AppliInfo:139 - Unknown STM32CubeMX version: 6.16.0
2025-12-27 11:39:23,044 [ERROR] AppliInfo:139 - Unknown STM32CubeMX version: 6.16.0
2025-12-27 11:39:23,044 [ERROR] AppliInfo:139 - Unknown STM32CubeMX version: 6.16.0
2025-12-27 11:39:23,044 [ERROR] AppliInfo:139 - Unknown STM32CubeMX version: 6.16.0
2025-12-27 11:39:23,044 [ERROR] AppliInfo:139 - Unknown STM32CubeMX version: 6.16.0
2025-12-27 11:39:23,044 [ERROR] AppliInfo:139 - Unknown STM32CubeMX version: 6.16.0
2025-12-27 11:39:23,044 [ERROR] AppliInfo:139 - Unknown STM32CubeMX version: 6.15.0
2025-12-27 11:39:23,045 [ERROR] AppliInfo:139 - Unknown STM32CubeMX version: 6.15.0
2025-12-27 11:39:23,045 [ERROR] AppliInfo:139 - Unknown STM32CubeMX version: 6.15.0
2025-12-27 11:39:23,045 [ERROR] AppliInfo:139 - Unknown STM32CubeMX version: 6.15.0
2025-12-27 11:39:23,045 [ERROR] AppliInfo:139 - Unknown STM32CubeMX version: 6.15.0
2025-12-27 11:39:23,046 [ERROR] AppliInfo:139 - Unknown STM32CubeMX version: 6.16.0
2025-12-27 11:39:23,046 [ERROR] AppliInfo:139 - Unknown STM32CubeMX version: 6.16.0
2025-12-27 11:39:23,047 [ERROR] AppliInfo:139 - Unknown STM32CubeMX version: 6.15.0
2025-12-27 11:39:23,048 [ERROR] AppliInfo:139 - Unknown STM32CubeMX version: 6.16.0
2025-12-27 11:39:23,048 [ERROR] AppliInfo:139 - Unknown STM32CubeMX version: 6.16.0
2025-12-27 11:39:23,048 [ERROR] AppliInfo:139 - Unknown STM32CubeMX version: 6.16.0
2025-12-27 11:39:23,049 [ERROR] AppliInfo:139 - Unknown STM32CubeMX version: 6.16.0
2025-12-27 11:39:23,049 [ERROR] AppliInfo:139 - Unknown STM32CubeMX version: 6.16.0
2025-12-27 11:39:23,049 [ERROR] AppliInfo:139 - Unknown STM32CubeMX version: 6.16.0
2025-12-27 11:39:23,049 [ERROR] AppliInfo:139 - Unknown STM32CubeMX version: 6.16.0
2025-12-27 11:39:23,076 [ERROR] AppliInfo:139 - Unknown STM32CubeMX version: 6.15.0
2025-12-27 11:39:23,077 [ERROR] AppliInfo:139 - Unknown STM32CubeMX version: 6.15.0
2025-12-27 11:39:23,108 [ERROR] AppliInfo:139 - Unknown STM32CubeMX version: 6.15.0
2025-12-27 11:39:23,116 [ERROR] AppliInfo:139 - Unknown STM32CubeMX version: 6.16.0
2025-12-27 11:39:23,116 [ERROR] AppliInfo:139 - Unknown STM32CubeMX version: 6.16.0
2025-12-27 11:39:23,129 [ERROR] AppliInfo:139 - Unknown STM32CubeMX version: 6.16.0
2025-12-27 11:39:23,129 [ERROR] AppliInfo:139 - Unknown STM32CubeMX version: 6.16.0
2025-12-27 11:39:23,129 [ERROR] AppliInfo:139 - Unknown STM32CubeMX version: 6.16.0
2025-12-27 11:39:23,129 [ERROR] AppliInfo:139 - Unknown STM32CubeMX version: 6.16.0
2025-12-27 11:39:23,129 [ERROR] AppliInfo:139 - Unknown STM32CubeMX version: 6.16.0
2025-12-27 11:39:23,129 [ERROR] AppliInfo:139 - Unknown STM32CubeMX version: 6.16.0
2025-12-27 11:39:23,129 [ERROR] AppliInfo:139 - Unknown STM32CubeMX version: 6.16.0
2025-12-27 11:39:23,129 [ERROR] AppliInfo:139 - Unknown STM32CubeMX version: 6.16.0
2025-12-27 11:39:23,129 [ERROR] AppliInfo:139 - Unknown STM32CubeMX version: 6.16.0
2025-12-27 11:39:23,129 [ERROR] AppliInfo:139 - Unknown STM32CubeMX version: 6.16.0
2025-12-27 11:39:23,129 [ERROR] AppliInfo:139 - Unknown STM32CubeMX version: 6.16.0
2025-12-27 11:39:23,130 [ERROR] AppliInfo:139 - Unknown STM32CubeMX version: 6.16.0
2025-12-27 11:39:23,130 [ERROR] AppliInfo:139 - Unknown STM32CubeMX version: 6.16.0
2025-12-27 11:39:23,131 [ERROR] AppliInfo:139 - Unknown STM32CubeMX version: 6.16.0
2025-12-27 11:39:23,131 [ERROR] AppliInfo:139 - Unknown STM32CubeMX version: 6.16.0
2025-12-27 11:39:23,131 [ERROR] AppliInfo:139 - Unknown STM32CubeMX version: 6.16.0
2025-12-27 11:39:23,131 [ERROR] AppliInfo:139 - Unknown STM32CubeMX version: 6.16.0
2025-12-27 11:39:23,131 [ERROR] AppliInfo:139 - Unknown STM32CubeMX version: 6.16.0
2025-12-27 11:39:23,131 [ERROR] AppliInfo:139 - Unknown STM32CubeMX version: 6.16.0
2025-12-27 11:39:23,132 [ERROR] AppliInfo:139 - Unknown STM32CubeMX version: 6.16.0
2025-12-27 11:39:23,132 [ERROR] AppliInfo:139 - Unknown STM32CubeMX version: 6.16.0
2025-12-27 11:39:23,132 [ERROR] AppliInfo:139 - Unknown STM32CubeMX version: 6.16.0
2025-12-27 11:39:23,132 [ERROR] AppliInfo:139 - Unknown STM32CubeMX version: 6.16.0
2025-12-27 11:39:23,132 [ERROR] AppliInfo:139 - Unknown STM32CubeMX version: 6.16.0
2025-12-27 11:39:23,132 [ERROR] AppliInfo:139 - Unknown STM32CubeMX version: 6.16.0
2025-12-27 11:39:23,132 [ERROR] AppliInfo:139 - Unknown STM32CubeMX version: 6.16.0
2025-12-27 11:39:23,132 [ERROR] AppliInfo:139 - Unknown STM32CubeMX version: 6.16.0
2025-12-27 11:39:23,132 [ERROR] AppliInfo:139 - Unknown STM32CubeMX version: 6.16.0
2025-12-27 11:39:23,133 [ERROR] AppliInfo:139 - Unknown STM32CubeMX version: 6.16.0
2025-12-27 11:39:23,133 [ERROR] AppliInfo:139 - Unknown STM32CubeMX version: 6.16.0
2025-12-27 11:39:23,134 [ERROR] AppliInfo:139 - Unknown STM32CubeMX version: 6.16.0
2025-12-27 11:39:23,134 [ERROR] AppliInfo:139 - Unknown STM32CubeMX version: 6.16.0
2025-12-27 11:39:23,134 [ERROR] AppliInfo:139 - Unknown STM32CubeMX version: 6.16.0
2025-12-27 11:39:23,134 [ERROR] AppliInfo:139 - Unknown STM32CubeMX version: 6.16.0
2025-12-27 11:39:23,134 [ERROR] AppliInfo:139 - Unknown STM32CubeMX version: 6.16.0
2025-12-27 11:39:23,134 [ERROR] AppliInfo:139 - Unknown STM32CubeMX version: 6.16.0
2025-12-27 11:39:23,134 [ERROR] AppliInfo:139 - Unknown STM32CubeMX version: 6.16.0
2025-12-27 11:39:23,134 [ERROR] AppliInfo:139 - Unknown STM32CubeMX version: 6.16.0
2025-12-27 11:39:23,134 [ERROR] AppliInfo:139 - Unknown STM32CubeMX version: 6.16.0
2025-12-27 11:39:23,134 [ERROR] AppliInfo:139 - Unknown STM32CubeMX version: 6.16.0
2025-12-27 11:39:23,134 [ERROR] AppliInfo:139 - Unknown STM32CubeMX version: 6.16.0
2025-12-27 11:39:23,134 [ERROR] AppliInfo:139 - Unknown STM32CubeMX version: 6.16.0
2025-12-27 11:39:23,134 [ERROR] AppliInfo:139 - Unknown STM32CubeMX version: 6.16.0
2025-12-27 11:39:23,137 [ERROR] AppliInfo:139 - Unknown STM32CubeMX version: 6.16.0
2025-12-27 11:39:23,137 [ERROR] AppliInfo:139 - Unknown STM32CubeMX version: 6.16.0
2025-12-27 11:39:23,137 [ERROR] AppliInfo:139 - Unknown STM32CubeMX version: 6.16.0
2025-12-27 11:39:23,137 [ERROR] AppliInfo:139 - Unknown STM32CubeMX version: 6.16.0
2025-12-27 11:39:23,137 [ERROR] AppliInfo:139 - Unknown STM32CubeMX version: 6.16.0
2025-12-27 11:39:23,137 [ERROR] AppliInfo:139 - Unknown STM32CubeMX version: 6.16.0
2025-12-27 11:39:23,138 [ERROR] AppliInfo:139 - Unknown STM32CubeMX version: 6.16.0
2025-12-27 11:39:23,138 [ERROR] AppliInfo:139 - Unknown STM32CubeMX version: 6.16.0
2025-12-27 11:39:23,138 [ERROR] AppliInfo:139 - Unknown STM32CubeMX version: 6.16.0
2025-12-27 11:39:23,138 [ERROR] AppliInfo:139 - Unknown STM32CubeMX version: 6.16.0
2025-12-27 11:39:23,139 [ERROR] AppliInfo:139 - Unknown STM32CubeMX version: 6.16.0
2025-12-27 11:39:23,139 [ERROR] AppliInfo:139 - Unknown STM32CubeMX version: 6.16.0
2025-12-27 11:39:23,139 [ERROR] AppliInfo:139 - Unknown STM32CubeMX version: 6.16.0
2025-12-27 11:39:23,139 [ERROR] AppliInfo:139 - Unknown STM32CubeMX version: 6.16.0
2025-12-27 11:39:23,139 [ERROR] AppliInfo:139 - Unknown STM32CubeMX version: 6.16.0
2025-12-27 11:39:23,139 [ERROR] AppliInfo:139 - Unknown STM32CubeMX version: 6.16.0
2025-12-27 11:39:23,140 [ERROR] AppliInfo:139 - Unknown STM32CubeMX version: 6.16.0
2025-12-27 11:39:23,140 [ERROR] AppliInfo:139 - Unknown STM32CubeMX version: 6.16.0
2025-12-27 11:39:23,140 [ERROR] AppliInfo:139 - Unknown STM32CubeMX version: 6.16.0
2025-12-27 11:39:23,140 [ERROR] AppliInfo:139 - Unknown STM32CubeMX version: 6.16.0
2025-12-27 11:39:23,140 [ERROR] AppliInfo:139 - Unknown STM32CubeMX version: 6.16.0
2025-12-27 11:39:23,140 [ERROR] AppliInfo:139 - Unknown STM32CubeMX version: 6.16.0
2025-12-27 11:39:23,140 [ERROR] AppliInfo:139 - Unknown STM32CubeMX version: 6.16.0
2025-12-27 11:39:23,140 [ERROR] AppliInfo:139 - Unknown STM32CubeMX version: 6.16.0
2025-12-27 11:39:23,141 [ERROR] AppliInfo:139 - Unknown STM32CubeMX version: 6.16.0
2025-12-27 11:39:23,141 [ERROR] AppliInfo:139 - Unknown STM32CubeMX version: 6.16.0
2025-12-27 11:39:23,141 [ERROR] AppliInfo:139 - Unknown STM32CubeMX version: 6.16.0
2025-12-27 11:39:23,141 [ERROR] AppliInfo:139 - Unknown STM32CubeMX version: 6.16.0
2025-12-27 11:39:23,141 [ERROR] AppliInfo:139 - Unknown STM32CubeMX version: 6.16.0
2025-12-27 11:39:23,142 [ERROR] AppliInfo:139 - Unknown STM32CubeMX version: 6.15.0
2025-12-27 11:39:23,142 [ERROR] AppliInfo:139 - Unknown STM32CubeMX version: 6.16.0
2025-12-27 11:39:23,142 [ERROR] AppliInfo:139 - Unknown STM32CubeMX version: 6.16.0
2025-12-27 11:39:23,142 [ERROR] AppliInfo:139 - Unknown STM32CubeMX version: 6.16.0
2025-12-27 11:39:23,142 [ERROR] AppliInfo:139 - Unknown STM32CubeMX version: 6.16.0
2025-12-27 11:39:23,142 [ERROR] AppliInfo:139 - Unknown STM32CubeMX version: 6.15.0
2025-12-27 11:39:23,142 [ERROR] AppliInfo:139 - Unknown STM32CubeMX version: 6.16.0
2025-12-27 11:39:23,142 [ERROR] AppliInfo:139 - Unknown STM32CubeMX version: 6.16.0
2025-12-27 11:39:23,142 [ERROR] AppliInfo:139 - Unknown STM32CubeMX version: 6.15.0
2025-12-27 11:39:23,142 [ERROR] AppliInfo:139 - Unknown STM32CubeMX version: 6.16.0
2025-12-27 11:39:23,142 [ERROR] AppliInfo:139 - Unknown STM32CubeMX version: 6.16.0
2025-12-27 11:39:23,142 [ERROR] AppliInfo:139 - Unknown STM32CubeMX version: 6.15.0
2025-12-27 11:39:23,142 [ERROR] AppliInfo:139 - Unknown STM32CubeMX version: 6.16.0
2025-12-27 11:39:23,143 [ERROR] AppliInfo:139 - Unknown STM32CubeMX version: 6.16.0
2025-12-27 11:39:23,143 [ERROR] AppliInfo:139 - Unknown STM32CubeMX version: 6.16.0
2025-12-27 11:39:23,145 [ERROR] AppliInfo:139 - Unknown STM32CubeMX version: 6.16.0
2025-12-27 11:39:23,145 [ERROR] AppliInfo:139 - Unknown STM32CubeMX version: 6.16.0
2025-12-27 11:39:23,149 [ERROR] AppliInfo:139 - Unknown STM32CubeMX version: 6.16.0
2025-12-27 11:39:23,149 [ERROR] AppliInfo:139 - Unknown STM32CubeMX version: 6.16.0
2025-12-27 11:39:23,149 [ERROR] AppliInfo:139 - Unknown STM32CubeMX version: 6.16.0
2025-12-27 11:39:23,149 [ERROR] AppliInfo:139 - Unknown STM32CubeMX version: 6.16.0
2025-12-27 11:39:23,149 [ERROR] AppliInfo:139 - Unknown STM32CubeMX version: 6.16.0
2025-12-27 11:39:23,150 [ERROR] AppliInfo:139 - Unknown STM32CubeMX version: 6.16.0
2025-12-27 11:39:23,150 [ERROR] AppliInfo:139 - Unknown STM32CubeMX version: 6.16.0
2025-12-27 11:39:23,150 [ERROR] AppliInfo:139 - Unknown STM32CubeMX version: 6.15.0
2025-12-27 11:39:23,150 [ERROR] AppliInfo:139 - Unknown STM32CubeMX version: 6.15.0
2025-12-27 11:39:23,150 [ERROR] AppliInfo:139 - Unknown STM32CubeMX version: 6.15.0
2025-12-27 11:39:23,150 [ERROR] AppliInfo:139 - Unknown STM32CubeMX version: 6.15.0
2025-12-27 11:39:23,150 [ERROR] AppliInfo:139 - Unknown STM32CubeMX version: 6.16.0
2025-12-27 11:39:23,150 [ERROR] AppliInfo:139 - Unknown STM32CubeMX version: 6.16.0
2025-12-27 11:39:23,151 [ERROR] AppliInfo:139 - Unknown STM32CubeMX version: 6.16.0
2025-12-27 11:39:23,151 [ERROR] AppliInfo:139 - Unknown STM32CubeMX version: 6.16.0
2025-12-27 11:39:23,151 [ERROR] AppliInfo:139 - Unknown STM32CubeMX version: 6.16.0
2025-12-27 11:39:23,151 [ERROR] AppliInfo:139 - Unknown STM32CubeMX version: 6.16.0
2025-12-27 11:39:23,151 [ERROR] AppliInfo:139 - Unknown STM32CubeMX version: 6.16.0
2025-12-27 11:39:23,151 [ERROR] AppliInfo:139 - Unknown STM32CubeMX version: 6.16.0
2025-12-27 11:39:23,151 [ERROR] AppliInfo:139 - Unknown STM32CubeMX version: 6.16.0
2025-12-27 11:39:23,151 [ERROR] AppliInfo:139 - Unknown STM32CubeMX version: 6.15.0
2025-12-27 11:39:23,152 [ERROR] AppliInfo:139 - Unknown STM32CubeMX version: 6.15.0
2025-12-27 11:39:23,152 [ERROR] AppliInfo:139 - Unknown STM32CubeMX version: 6.15.0
2025-12-27 11:39:23,152 [ERROR] AppliInfo:139 - Unknown STM32CubeMX version: 6.16.0
2025-12-27 11:39:23,152 [ERROR] AppliInfo:139 - Unknown STM32CubeMX version: 6.16.0
2025-12-27 11:39:23,152 [ERROR] AppliInfo:139 - Unknown STM32CubeMX version: 6.16.0
2025-12-27 11:39:23,152 [ERROR] AppliInfo:139 - Unknown STM32CubeMX version: 6.16.0
2025-12-27 11:39:23,152 [ERROR] AppliInfo:139 - Unknown STM32CubeMX version: 6.16.0
2025-12-27 11:39:23,152 [ERROR] AppliInfo:139 - Unknown STM32CubeMX version: 6.16.0
2025-12-27 11:39:23,152 [ERROR] AppliInfo:139 - Unknown STM32CubeMX version: 6.16.0
2025-12-27 11:39:23,152 [ERROR] AppliInfo:139 - Unknown STM32CubeMX version: 6.16.0
2025-12-27 11:39:23,152 [ERROR] AppliInfo:139 - Unknown STM32CubeMX version: 6.16.0
2025-12-27 11:39:23,152 [ERROR] AppliInfo:139 - Unknown STM32CubeMX version: 6.16.0
2025-12-27 11:39:23,153 [ERROR] AppliInfo:139 - Unknown STM32CubeMX version: 6.16.0
2025-12-27 11:39:23,153 [ERROR] AppliInfo:139 - Unknown STM32CubeMX version: 6.15.0
2025-12-27 11:39:23,153 [ERROR] AppliInfo:139 - Unknown STM32CubeMX version: 6.16.0
2025-12-27 11:39:23,153 [ERROR] AppliInfo:139 - Unknown STM32CubeMX version: 6.16.0
2025-12-27 11:39:23,153 [ERROR] AppliInfo:139 - Unknown STM32CubeMX version: 6.15.0
2025-12-27 11:39:23,153 [ERROR] AppliInfo:139 - Unknown STM32CubeMX version: 6.16.0
2025-12-27 11:39:23,153 [ERROR] AppliInfo:139 - Unknown STM32CubeMX version: 6.16.0
2025-12-27 11:39:23,153 [ERROR] AppliInfo:139 - Unknown STM32CubeMX version: 6.15.0
2025-12-27 11:39:23,153 [ERROR] AppliInfo:139 - Unknown STM32CubeMX version: 6.16.0
2025-12-27 11:39:23,153 [ERROR] AppliInfo:139 - Unknown STM32CubeMX version: 6.15.0
2025-12-27 11:39:23,154 [ERROR] AppliInfo:139 - Unknown STM32CubeMX version: 6.16.0
2025-12-27 11:39:23,154 [ERROR] AppliInfo:139 - Unknown STM32CubeMX version: 6.16.0
2025-12-27 11:39:23,154 [ERROR] AppliInfo:139 - Unknown STM32CubeMX version: 6.16.0
2025-12-27 11:39:23,154 [ERROR] AppliInfo:139 - Unknown STM32CubeMX version: 6.16.0
2025-12-27 11:39:23,154 [ERROR] AppliInfo:139 - Unknown STM32CubeMX version: 6.16.0
2025-12-27 11:39:23,154 [ERROR] AppliInfo:139 - Unknown STM32CubeMX version: 6.15.0
2025-12-27 11:39:23,154 [ERROR] AppliInfo:139 - Unknown STM32CubeMX version: 6.16.0
2025-12-27 11:39:23,154 [ERROR] AppliInfo:139 - Unknown STM32CubeMX version: 6.16.0
2025-12-27 11:39:23,154 [ERROR] AppliInfo:139 - Unknown STM32CubeMX version: 6.16.0
2025-12-27 11:39:23,154 [ERROR] AppliInfo:139 - Unknown STM32CubeMX version: 6.16.0
2025-12-27 11:39:23,154 [ERROR] AppliInfo:139 - Unknown STM32CubeMX version: 6.16.0
2025-12-27 11:39:23,154 [ERROR] AppliInfo:139 - Unknown STM32CubeMX version: 6.16.0
2025-12-27 11:39:23,155 [ERROR] AppliInfo:139 - Unknown STM32CubeMX version: 6.16.0
2025-12-27 11:39:23,155 [ERROR] AppliInfo:139 - Unknown STM32CubeMX version: 6.16.0
2025-12-27 11:39:23,155 [ERROR] AppliInfo:139 - Unknown STM32CubeMX version: 6.16.0
2025-12-27 11:39:23,156 [ERROR] AppliInfo:139 - Unknown STM32CubeMX version: 6.16.0
2025-12-27 11:39:23,156 [ERROR] AppliInfo:139 - Unknown STM32CubeMX version: 6.16.0
2025-12-27 11:39:23,156 [ERROR] AppliInfo:139 - Unknown STM32CubeMX version: 6.16.0
2025-12-27 11:39:23,156 [ERROR] AppliInfo:139 - Unknown STM32CubeMX version: 6.16.0
2025-12-27 11:39:23,156 [ERROR] AppliInfo:139 - Unknown STM32CubeMX version: 6.16.0
2025-12-27 11:39:23,156 [ERROR] AppliInfo:139 - Unknown STM32CubeMX version: 6.16.0
2025-12-27 11:39:23,156 [ERROR] AppliInfo:139 - Unknown STM32CubeMX version: 6.16.0
2025-12-27 11:39:23,156 [ERROR] AppliInfo:139 - Unknown STM32CubeMX version: 6.16.0
2025-12-27 11:39:23,158 [ERROR] AppliInfo:139 - Unknown STM32CubeMX version: 6.16.0
2025-12-27 11:39:23,158 [ERROR] AppliInfo:139 - Unknown STM32CubeMX version: 6.16.0
2025-12-27 11:39:23,158 [ERROR] AppliInfo:139 - Unknown STM32CubeMX version: 6.16.0
2025-12-27 11:39:23,158 [ERROR] AppliInfo:139 - Unknown STM32CubeMX version: 6.16.0
2025-12-27 11:39:23,159 [ERROR] AppliInfo:139 - Unknown STM32CubeMX version: 6.15.0
2025-12-27 11:39:23,159 [ERROR] AppliInfo:139 - Unknown STM32CubeMX version: 6.15.0
2025-12-27 11:39:23,159 [ERROR] AppliInfo:139 - Unknown STM32CubeMX version: 6.15.0
2025-12-27 11:39:23,159 [ERROR] AppliInfo:139 - Unknown STM32CubeMX version: 6.15.0
2025-12-27 11:39:23,159 [ERROR] AppliInfo:139 - Unknown STM32CubeMX version: 6.16.0
2025-12-27 11:39:23,159 [ERROR] AppliInfo:139 - Unknown STM32CubeMX version: 6.16.0
2025-12-27 11:39:23,159 [ERROR] AppliInfo:139 - Unknown STM32CubeMX version: 6.16.0
2025-12-27 11:39:23,159 [ERROR] AppliInfo:139 - Unknown STM32CubeMX version: 6.16.0
2025-12-27 11:39:23,159 [ERROR] AppliInfo:139 - Unknown STM32CubeMX version: 6.16.0
2025-12-27 11:39:23,159 [ERROR] AppliInfo:139 - Unknown STM32CubeMX version: 6.16.0
2025-12-27 11:39:23,159 [ERROR] AppliInfo:139 - Unknown STM32CubeMX version: 6.16.0
2025-12-27 11:39:23,159 [ERROR] AppliInfo:139 - Unknown STM32CubeMX version: 6.16.0
2025-12-27 11:39:23,168 [ERROR] AppliInfo:139 - Unknown STM32CubeMX version: 6.16.0
2025-12-27 11:39:23,168 [ERROR] AppliInfo:139 - Unknown STM32CubeMX version: 6.16.0
2025-12-27 11:39:23,168 [ERROR] AppliInfo:139 - Unknown STM32CubeMX version: 6.16.0
2025-12-27 11:39:23,168 [ERROR] AppliInfo:139 - Unknown STM32CubeMX version: 6.16.0
2025-12-27 11:39:23,168 [ERROR] AppliInfo:139 - Unknown STM32CubeMX version: 6.16.0
2025-12-27 11:39:23,169 [ERROR] AppliInfo:139 - Unknown STM32CubeMX version: 6.16.0
2025-12-27 11:39:23,169 [ERROR] AppliInfo:139 - Unknown STM32CubeMX version: 6.16.0
2025-12-27 11:39:23,177 [ERROR] AppliInfo:139 - Unknown STM32CubeMX version: 6.16.0
2025-12-27 11:39:23,177 [ERROR] AppliInfo:139 - Unknown STM32CubeMX version: 6.16.0
2025-12-27 11:39:23,177 [ERROR] AppliInfo:139 - Unknown STM32CubeMX version: 6.16.0
2025-12-27 11:39:23,177 [ERROR] AppliInfo:139 - Unknown STM32CubeMX version: 6.16.0
2025-12-27 11:39:23,177 [ERROR] AppliInfo:139 - Unknown STM32CubeMX version: 6.16.0
2025-12-27 11:39:23,177 [ERROR] AppliInfo:139 - Unknown STM32CubeMX version: 6.16.0
2025-12-27 11:39:23,177 [ERROR] AppliInfo:139 - Unknown STM32CubeMX version: 6.16.0
2025-12-27 11:39:23,177 [ERROR] AppliInfo:139 - Unknown STM32CubeMX version: 6.16.0
2025-12-27 11:39:23,178 [ERROR] AppliInfo:139 - Unknown STM32CubeMX version: 6.16.0
2025-12-27 11:39:23,178 [ERROR] AppliInfo:139 - Unknown STM32CubeMX version: 6.16.0
2025-12-27 11:39:23,178 [ERROR] AppliInfo:139 - Unknown STM32CubeMX version: 6.15.0
2025-12-27 11:39:23,178 [ERROR] AppliInfo:139 - Unknown STM32CubeMX version: 6.15.0
2025-12-27 11:39:23,178 [ERROR] AppliInfo:139 - Unknown STM32CubeMX version: 6.15.0
2025-12-27 11:39:23,178 [ERROR] AppliInfo:139 - Unknown STM32CubeMX version: 6.16.0
2025-12-27 11:39:23,178 [ERROR] AppliInfo:139 - Unknown STM32CubeMX version: 6.16.0
2025-12-27 11:39:23,179 [ERROR] AppliInfo:139 - Unknown STM32CubeMX version: 6.15.0
2025-12-27 11:39:23,181 [ERROR] AppliInfo:139 - Unknown STM32CubeMX version: 6.15.0
2025-12-27 11:39:23,181 [ERROR] AppliInfo:139 - Unknown STM32CubeMX version: 6.15.0
2025-12-27 11:39:23,181 [ERROR] AppliInfo:139 - Unknown STM32CubeMX version: 6.15.0
2025-12-27 11:39:23,181 [ERROR] AppliInfo:139 - Unknown STM32CubeMX version: 6.16.0
2025-12-27 11:39:23,181 [ERROR] AppliInfo:139 - Unknown STM32CubeMX version: 6.16.0
2025-12-27 11:39:23,182 [ERROR] AppliInfo:139 - Unknown STM32CubeMX version: 6.15.0
2025-12-27 11:39:23,184 [ERROR] AppliInfo:139 - Unknown STM32CubeMX version: 6.16.0
2025-12-27 11:39:23,184 [ERROR] AppliInfo:139 - Unknown STM32CubeMX version: 6.16.0
2025-12-27 11:39:23,184 [ERROR] AppliInfo:139 - Unknown STM32CubeMX version: 6.16.0
2025-12-27 11:39:23,184 [ERROR] AppliInfo:139 - Unknown STM32CubeMX version: 6.16.0
2025-12-27 11:39:23,184 [ERROR] AppliInfo:139 - Unknown STM32CubeMX version: 6.16.0
2025-12-27 11:39:23,185 [ERROR] AppliInfo:139 - Unknown STM32CubeMX version: 6.16.0
2025-12-27 11:39:23,185 [ERROR] AppliInfo:139 - Unknown STM32CubeMX version: 6.16.0
2025-12-27 11:39:23,185 [ERROR] AppliInfo:139 - Unknown STM32CubeMX version: 6.16.0
2025-12-27 11:39:23,185 [ERROR] AppliInfo:139 - Unknown STM32CubeMX version: 6.16.0
2025-12-27 11:39:23,185 [ERROR] AppliInfo:139 - Unknown STM32CubeMX version: 6.16.0
2025-12-27 11:39:23,185 [ERROR] AppliInfo:139 - Unknown STM32CubeMX version: 6.16.0
2025-12-27 11:39:23,185 [ERROR] AppliInfo:139 - Unknown STM32CubeMX version: 6.16.0
2025-12-27 11:39:23,185 [ERROR] AppliInfo:139 - Unknown STM32CubeMX version: 6.16.0
2025-12-27 11:39:23,185 [ERROR] AppliInfo:139 - Unknown STM32CubeMX version: 6.16.0
2025-12-27 11:39:23,185 [ERROR] AppliInfo:139 - Unknown STM32CubeMX version: 6.16.0
2025-12-27 11:39:23,186 [ERROR] AppliInfo:139 - Unknown STM32CubeMX version: 6.16.0
2025-12-27 11:39:23,186 [ERROR] AppliInfo:139 - Unknown STM32CubeMX version: 6.16.0
2025-12-27 11:39:23,186 [ERROR] AppliInfo:139 - Unknown STM32CubeMX version: 6.16.0
2025-12-27 11:39:23,186 [ERROR] AppliInfo:139 - Unknown STM32CubeMX version: 6.16.0
2025-12-27 11:39:23,186 [ERROR] AppliInfo:139 - Unknown STM32CubeMX version: 6.16.0
2025-12-27 11:39:23,186 [ERROR] AppliInfo:139 - Unknown STM32CubeMX version: 6.16.0
2025-12-27 11:39:23,186 [ERROR] AppliInfo:139 - Unknown STM32CubeMX version: 6.16.0
2025-12-27 11:39:23,186 [ERROR] AppliInfo:139 - Unknown STM32CubeMX version: 6.16.0
2025-12-27 11:39:23,186 [ERROR] AppliInfo:139 - Unknown STM32CubeMX version: 6.16.0
2025-12-27 11:39:23,187 [ERROR] AppliInfo:139 - Unknown STM32CubeMX version: 6.16.0
2025-12-27 11:39:23,187 [ERROR] AppliInfo:139 - Unknown STM32CubeMX version: 6.16.0
2025-12-27 11:39:23,187 [ERROR] AppliInfo:139 - Unknown STM32CubeMX version: 6.16.0
2025-12-27 11:39:23,189 [ERROR] AppliInfo:139 - Unknown STM32CubeMX version: 6.15.0
2025-12-27 11:39:23,189 [ERROR] AppliInfo:139 - Unknown STM32CubeMX version: 6.15.0
2025-12-27 11:39:23,189 [ERROR] AppliInfo:139 - Unknown STM32CubeMX version: 6.15.0
2025-12-27 11:39:23,189 [ERROR] AppliInfo:139 - Unknown STM32CubeMX version: 6.15.0
2025-12-27 11:39:23,189 [ERROR] AppliInfo:139 - Unknown STM32CubeMX version: 6.15.0
2025-12-27 11:39:23,189 [ERROR] AppliInfo:139 - Unknown STM32CubeMX version: 6.15.0
2025-12-27 11:39:23,189 [ERROR] AppliInfo:139 - Unknown STM32CubeMX version: 6.15.0
2025-12-27 11:39:23,190 [ERROR] AppliInfo:139 - Unknown STM32CubeMX version: 6.15.0
2025-12-27 11:39:23,190 [ERROR] AppliInfo:139 - Unknown STM32CubeMX version: 6.15.0
2025-12-27 11:39:23,190 [ERROR] AppliInfo:139 - Unknown STM32CubeMX version: 6.15.0
2025-12-27 11:39:23,190 [ERROR] AppliInfo:139 - Unknown STM32CubeMX version: 6.15.0
2025-12-27 11:39:23,190 [ERROR] AppliInfo:139 - Unknown STM32CubeMX version: 6.15.0
2025-12-27 11:39:23,193 [ERROR] AppliInfo:139 - Unknown STM32CubeMX version: 6.14.1
2025-12-27 11:39:23,193 [ERROR] AppliInfo:139 - Unknown STM32CubeMX version: 6.14.1
2025-12-27 11:39:23,193 [ERROR] AppliInfo:139 - Unknown STM32CubeMX version: 6.14.1
2025-12-27 11:39:23,193 [ERROR] AppliInfo:139 - Unknown STM32CubeMX version: 6.14.1
2025-12-27 11:39:23,193 [ERROR] AppliInfo:139 - Unknown STM32CubeMX version: 6.14.1
2025-12-27 11:39:23,193 [ERROR] AppliInfo:139 - Unknown STM32CubeMX version: 6.14.1
2025-12-27 11:39:23,194 [ERROR] AppliInfo:139 - Unknown STM32CubeMX version: 6.14.1
2025-12-27 11:39:23,194 [ERROR] AppliInfo:139 - Unknown STM32CubeMX version: 6.14.1
2025-12-27 11:39:23,194 [ERROR] AppliInfo:139 - Unknown STM32CubeMX version: 6.14.1
2025-12-27 11:39:23,194 [ERROR] AppliInfo:139 - Unknown STM32CubeMX version: 6.14.1
2025-12-27 11:39:23,194 [ERROR] AppliInfo:139 - Unknown STM32CubeMX version: 6.14.1
2025-12-27 11:39:23,194 [ERROR] AppliInfo:139 - Unknown STM32CubeMX version: 6.14.1
2025-12-27 11:39:23,195 [ERROR] AppliInfo:139 - Unknown STM32CubeMX version: 6.14.1
2025-12-27 11:39:23,195 [ERROR] AppliInfo:139 - Unknown STM32CubeMX version: 6.14.1
2025-12-27 11:39:23,195 [ERROR] AppliInfo:139 - Unknown STM32CubeMX version: 6.14.1
2025-12-27 11:39:23,195 [ERROR] AppliInfo:139 - Unknown STM32CubeMX version: 6.14.1
2025-12-27 11:39:23,195 [ERROR] AppliInfo:139 - Unknown STM32CubeMX version: 6.14.1
2025-12-27 11:39:23,196 [ERROR] AppliInfo:139 - Unknown STM32CubeMX version: 6.14.1
2025-12-27 11:39:23,196 [ERROR] AppliInfo:139 - Unknown STM32CubeMX version: 6.14.1
2025-12-27 11:39:23,197 [ERROR] AppliInfo:139 - Unknown STM32CubeMX version: 6.14.1
2025-12-27 11:39:23,198 [ERROR] AppliInfo:139 - Unknown STM32CubeMX version: 6.14.1
2025-12-27 11:39:23,198 [ERROR] AppliInfo:139 - Unknown STM32CubeMX version: 6.14.1
2025-12-27 11:39:23,198 [ERROR] AppliInfo:139 - Unknown STM32CubeMX version: 6.14.1
2025-12-27 11:39:23,198 [ERROR] AppliInfo:139 - Unknown STM32CubeMX version: 6.14.1
2025-12-27 11:39:23,198 [ERROR] AppliInfo:139 - Unknown STM32CubeMX version: 6.14.1
2025-12-27 11:39:23,198 [ERROR] AppliInfo:139 - Unknown STM32CubeMX version: 6.14.1
2025-12-27 11:39:23,198 [ERROR] AppliInfo:139 - Unknown STM32CubeMX version: 6.14.1
2025-12-27 11:39:23,198 [ERROR] AppliInfo:139 - Unknown STM32CubeMX version: 6.14.1
2025-12-27 11:39:23,198 [ERROR] AppliInfo:139 - Unknown STM32CubeMX version: 6.14.1
2025-12-27 11:39:23,198 [ERROR] AppliInfo:139 - Unknown STM32CubeMX version: 6.14.1
2025-12-27 11:39:23,198 [ERROR] AppliInfo:139 - Unknown STM32CubeMX version: 6.14.1
2025-12-27 11:39:23,198 [ERROR] AppliInfo:139 - Unknown STM32CubeMX version: 6.14.1
2025-12-27 11:39:23,198 [ERROR] AppliInfo:139 - Unknown STM32CubeMX version: 6.14.1
2025-12-27 11:39:23,198 [ERROR] AppliInfo:139 - Unknown STM32CubeMX version: 6.14.1
2025-12-27 11:39:23,198 [ERROR] AppliInfo:139 - Unknown STM32CubeMX version: 6.14.1
2025-12-27 11:39:23,198 [ERROR] AppliInfo:139 - Unknown STM32CubeMX version: 6.14.1
2025-12-27 11:39:23,198 [ERROR] AppliInfo:139 - Unknown STM32CubeMX version: 6.14.1
2025-12-27 11:39:23,200 [ERROR] AppliInfo:139 - Unknown STM32CubeMX version: 6.14.1
2025-12-27 11:39:23,200 [ERROR] AppliInfo:139 - Unknown STM32CubeMX version: 6.14.1
2025-12-27 11:39:23,200 [ERROR] AppliInfo:139 - Unknown STM32CubeMX version: 6.14.1
2025-12-27 11:39:23,200 [ERROR] AppliInfo:139 - Unknown STM32CubeMX version: 6.14.1
2025-12-27 11:39:23,200 [ERROR] AppliInfo:139 - Unknown STM32CubeMX version: 6.14.1
2025-12-27 11:39:23,200 [ERROR] AppliInfo:139 - Unknown STM32CubeMX version: 6.14.1
2025-12-27 11:39:23,200 [ERROR] AppliInfo:139 - Unknown STM32CubeMX version: 6.14.1
2025-12-27 11:39:23,200 [ERROR] AppliInfo:139 - Unknown STM32CubeMX version: 6.14.1
2025-12-27 11:39:23,200 [ERROR] AppliInfo:139 - Unknown STM32CubeMX version: 6.14.1
2025-12-27 11:39:23,200 [ERROR] AppliInfo:139 - Unknown STM32CubeMX version: 6.14.1
2025-12-27 11:39:23,200 [ERROR] AppliInfo:139 - Unknown STM32CubeMX version: 6.14.1
2025-12-27 11:39:23,201 [ERROR] AppliInfo:139 - Unknown STM32CubeMX version: 6.14.1
2025-12-27 11:39:23,201 [ERROR] AppliInfo:139 - Unknown STM32CubeMX version: 6.14.1
2025-12-27 11:39:23,201 [ERROR] AppliInfo:139 - Unknown STM32CubeMX version: 6.14.1
2025-12-27 11:39:23,201 [ERROR] AppliInfo:139 - Unknown STM32CubeMX version: 6.14.1
2025-12-27 11:39:23,201 [ERROR] AppliInfo:139 - Unknown STM32CubeMX version: 6.14.1
2025-12-27 11:39:23,201 [ERROR] AppliInfo:139 - Unknown STM32CubeMX version: 6.14.1
2025-12-27 11:39:23,201 [ERROR] AppliInfo:139 - Unknown STM32CubeMX version: 6.14.1
2025-12-27 11:39:23,201 [ERROR] AppliInfo:139 - Unknown STM32CubeMX version: 6.14.1
2025-12-27 11:39:23,201 [ERROR] AppliInfo:139 - Unknown STM32CubeMX version: 6.14.1
2025-12-27 11:39:23,201 [ERROR] AppliInfo:139 - Unknown STM32CubeMX version: 6.14.1
2025-12-27 11:39:23,201 [ERROR] AppliInfo:139 - Unknown STM32CubeMX version: 6.14.1
2025-12-27 11:39:23,201 [ERROR] AppliInfo:139 - Unknown STM32CubeMX version: 6.14.1
2025-12-27 11:39:23,202 [ERROR] AppliInfo:139 - Unknown STM32CubeMX version: 6.14.1
2025-12-27 11:39:23,202 [ERROR] AppliInfo:139 - Unknown STM32CubeMX version: 6.14.1
2025-12-27 11:39:23,202 [ERROR] AppliInfo:139 - Unknown STM32CubeMX version: 6.14.1
2025-12-27 11:39:23,202 [ERROR] AppliInfo:139 - Unknown STM32CubeMX version: 6.14.1
2025-12-27 11:39:23,202 [ERROR] AppliInfo:139 - Unknown STM32CubeMX version: 6.14.1
2025-12-27 11:39:23,202 [ERROR] AppliInfo:139 - Unknown STM32CubeMX version: 6.14.1
2025-12-27 11:39:23,202 [ERROR] AppliInfo:139 - Unknown STM32CubeMX version: 6.14.1
2025-12-27 11:39:23,202 [ERROR] AppliInfo:139 - Unknown STM32CubeMX version: 6.14.1
2025-12-27 11:39:23,202 [ERROR] AppliInfo:139 - Unknown STM32CubeMX version: 6.14.1
2025-12-27 11:39:23,202 [ERROR] AppliInfo:139 - Unknown STM32CubeMX version: 6.14.1
2025-12-27 11:39:23,202 [ERROR] AppliInfo:139 - Unknown STM32CubeMX version: 6.14.1
2025-12-27 11:39:23,202 [ERROR] AppliInfo:139 - Unknown STM32CubeMX version: 6.14.1
2025-12-27 11:39:23,203 [ERROR] AppliInfo:139 - Unknown STM32CubeMX version: 6.14.1
2025-12-27 11:39:23,203 [ERROR] AppliInfo:139 - Unknown STM32CubeMX version: 6.14.1
2025-12-27 11:39:23,203 [ERROR] AppliInfo:139 - Unknown STM32CubeMX version: 6.14.1
2025-12-27 11:39:23,203 [ERROR] AppliInfo:139 - Unknown STM32CubeMX version: 6.14.1
2025-12-27 11:39:23,203 [ERROR] AppliInfo:139 - Unknown STM32CubeMX version: 6.14.1
2025-12-27 11:39:23,203 [ERROR] AppliInfo:139 - Unknown STM32CubeMX version: 6.14.1
2025-12-27 11:39:23,203 [ERROR] AppliInfo:139 - Unknown STM32CubeMX version: 6.14.1
2025-12-27 11:39:23,203 [ERROR] AppliInfo:139 - Unknown STM32CubeMX version: 6.14.1
2025-12-27 11:39:23,203 [ERROR] AppliInfo:139 - Unknown STM32CubeMX version: 6.14.1
2025-12-27 11:39:23,203 [ERROR] AppliInfo:139 - Unknown STM32CubeMX version: 6.14.1
2025-12-27 11:39:23,203 [ERROR] AppliInfo:139 - Unknown STM32CubeMX version: 6.14.1
2025-12-27 11:39:23,204 [ERROR] AppliInfo:139 - Unknown STM32CubeMX version: 6.14.1
2025-12-27 11:39:23,204 [ERROR] AppliInfo:139 - Unknown STM32CubeMX version: 6.14.1
2025-12-27 11:39:23,204 [ERROR] AppliInfo:139 - Unknown STM32CubeMX version: 6.14.1
2025-12-27 11:39:23,204 [ERROR] AppliInfo:139 - Unknown STM32CubeMX version: 6.14.1
2025-12-27 11:39:23,204 [ERROR] AppliInfo:139 - Unknown STM32CubeMX version: 6.14.1
2025-12-27 11:39:23,204 [ERROR] AppliInfo:139 - Unknown STM32CubeMX version: 6.14.1
2025-12-27 11:39:23,204 [ERROR] AppliInfo:139 - Unknown STM32CubeMX version: 6.14.1
2025-12-27 11:39:23,204 [ERROR] AppliInfo:139 - Unknown STM32CubeMX version: 6.14.1
2025-12-27 11:39:23,204 [ERROR] AppliInfo:139 - Unknown STM32CubeMX version: 6.14.1
2025-12-27 11:39:23,204 [ERROR] AppliInfo:139 - Unknown STM32CubeMX version: 6.14.1
2025-12-27 11:39:23,204 [ERROR] AppliInfo:139 - Unknown STM32CubeMX version: 6.14.1
2025-12-27 11:39:23,204 [ERROR] AppliInfo:139 - Unknown STM32CubeMX version: 6.14.1
2025-12-27 11:39:23,205 [ERROR] AppliInfo:139 - Unknown STM32CubeMX version: 6.14.1
2025-12-27 11:39:23,206 [ERROR] AppliInfo:139 - Unknown STM32CubeMX version: 6.15.0
2025-12-27 11:39:23,206 [ERROR] AppliInfo:139 - Unknown STM32CubeMX version: 6.15.0
2025-12-27 11:39:23,207 [ERROR] AppliInfo:139 - Unknown STM32CubeMX version: 6.15.0
2025-12-27 11:39:23,207 [ERROR] AppliInfo:139 - Unknown STM32CubeMX version: 6.15.0
2025-12-27 11:39:23,207 [ERROR] AppliInfo:139 - Unknown STM32CubeMX version: 6.15.0
2025-12-27 11:39:23,207 [ERROR] AppliInfo:139 - Unknown STM32CubeMX version: 6.15.0
2025-12-27 11:39:23,207 [ERROR] AppliInfo:139 - Unknown STM32CubeMX version: 6.15.0
2025-12-27 11:39:23,207 [ERROR] AppliInfo:139 - Unknown STM32CubeMX version: 6.15.0
2025-12-27 11:39:23,317 [ERROR] AppliInfo:139 - Unknown STM32CubeMX version: 6.16.0
2025-12-27 11:39:23,317 [ERROR] AppliInfo:139 - Unknown STM32CubeMX version: 6.16.0
2025-12-27 11:39:23,318 [ERROR] AppliInfo:139 - Unknown STM32CubeMX version: 6.16.0
2025-12-27 11:39:23,318 [ERROR] AppliInfo:139 - Unknown STM32CubeMX version: 6.16.0
2025-12-27 11:39:23,318 [ERROR] AppliInfo:139 - Unknown STM32CubeMX version: 6.16.0
2025-12-27 11:39:23,318 [ERROR] AppliInfo:139 - Unknown STM32CubeMX version: 6.16.0
2025-12-27 11:39:23,318 [ERROR] AppliInfo:139 - Unknown STM32CubeMX version: 6.16.0
2025-12-27 11:39:23,318 [ERROR] AppliInfo:139 - Unknown STM32CubeMX version: 6.16.0
2025-12-27 11:39:23,318 [ERROR] AppliInfo:139 - Unknown STM32CubeMX version: 6.16.0
2025-12-27 11:39:23,318 [ERROR] AppliInfo:139 - Unknown STM32CubeMX version: 6.16.0
2025-12-27 11:39:23,318 [ERROR] AppliInfo:139 - Unknown STM32CubeMX version: 6.16.0
2025-12-27 11:39:23,318 [ERROR] AppliInfo:139 - Unknown STM32CubeMX version: 6.16.0
2025-12-27 11:39:23,318 [ERROR] AppliInfo:139 - Unknown STM32CubeMX version: 6.16.0
2025-12-27 11:39:23,318 [ERROR] AppliInfo:139 - Unknown STM32CubeMX version: 6.16.0
2025-12-27 11:39:23,318 [ERROR] AppliInfo:139 - Unknown STM32CubeMX version: 6.16.0
2025-12-27 11:39:23,318 [ERROR] AppliInfo:139 - Unknown STM32CubeMX version: 6.16.0
2025-12-27 11:39:23,318 [ERROR] AppliInfo:139 - Unknown STM32CubeMX version: 6.16.0
2025-12-27 11:39:23,319 [ERROR] AppliInfo:139 - Unknown STM32CubeMX version: 6.16.0
2025-12-27 11:39:23,319 [ERROR] AppliInfo:139 - Unknown STM32CubeMX version: 6.16.0
2025-12-27 11:39:23,319 [ERROR] AppliInfo:139 - Unknown STM32CubeMX version: 6.15.0
2025-12-27 11:39:23,319 [ERROR] AppliInfo:139 - Unknown STM32CubeMX version: 6.16.0
2025-12-27 11:39:23,319 [ERROR] AppliInfo:139 - Unknown STM32CubeMX version: 6.16.0
2025-12-27 11:39:23,319 [ERROR] AppliInfo:139 - Unknown STM32CubeMX version: 6.15.0
2025-12-27 11:39:23,319 [ERROR] AppliInfo:139 - Unknown STM32CubeMX version: 6.16.0
2025-12-27 11:39:23,319 [ERROR] AppliInfo:139 - Unknown STM32CubeMX version: 6.16.0
2025-12-27 11:39:23,319 [ERROR] AppliInfo:139 - Unknown STM32CubeMX version: 6.16.0
2025-12-27 11:39:23,319 [ERROR] AppliInfo:139 - Unknown STM32CubeMX version: 6.16.0
2025-12-27 11:39:23,319 [ERROR] AppliInfo:139 - Unknown STM32CubeMX version: 6.15.0
2025-12-27 11:39:23,319 [ERROR] AppliInfo:139 - Unknown STM32CubeMX version: 6.16.0
2025-12-27 11:39:23,319 [ERROR] AppliInfo:139 - Unknown STM32CubeMX version: 6.16.0
2025-12-27 11:39:23,320 [ERROR] AppliInfo:139 - Unknown STM32CubeMX version: 6.15.0
2025-12-27 11:39:23,320 [ERROR] AppliInfo:139 - Unknown STM32CubeMX version: 6.16.0
2025-12-27 11:39:23,320 [ERROR] AppliInfo:139 - Unknown STM32CubeMX version: 6.15.0
2025-12-27 11:39:23,320 [ERROR] AppliInfo:139 - Unknown STM32CubeMX version: 6.16.0
2025-12-27 11:39:23,320 [ERROR] AppliInfo:139 - Unknown STM32CubeMX version: 6.16.0
2025-12-27 11:39:23,320 [ERROR] AppliInfo:139 - Unknown STM32CubeMX version: 6.16.0
2025-12-27 11:39:23,320 [ERROR] AppliInfo:139 - Unknown STM32CubeMX version: 6.15.0
2025-12-27 11:39:23,320 [ERROR] AppliInfo:139 - Unknown STM32CubeMX version: 6.15.0
2025-12-27 11:39:23,641 [ERROR] AppliInfo:139 - Unknown STM32CubeMX version: 6.16.0
2025-12-27 11:39:23,642 [ERROR] AppliInfo:139 - Unknown STM32CubeMX version: 6.16.0
2025-12-27 11:39:23,642 [ERROR] AppliInfo:139 - Unknown STM32CubeMX version: 6.16.0
2025-12-27 11:39:23,642 [ERROR] AppliInfo:139 - Unknown STM32CubeMX version: 6.16.0
2025-12-27 11:39:23,642 [ERROR] AppliInfo:139 - Unknown STM32CubeMX version: 6.16.0
2025-12-27 11:39:23,642 [ERROR] AppliInfo:139 - Unknown STM32CubeMX version: 6.16.0
2025-12-27 11:39:23,642 [ERROR] AppliInfo:139 - Unknown STM32CubeMX version: 6.16.0
2025-12-27 11:39:23,642 [ERROR] AppliInfo:139 - Unknown STM32CubeMX version: 6.16.0
2025-12-27 11:39:23,642 [ERROR] AppliInfo:139 - Unknown STM32CubeMX version: 6.15.0
2025-12-27 11:39:23,642 [ERROR] AppliInfo:139 - Unknown STM32CubeMX version: 6.16.0
2025-12-27 11:39:23,642 [ERROR] AppliInfo:139 - Unknown STM32CubeMX version: 6.15.0
2025-12-27 11:40:00,458 [INFO] MainUpdater:2872 - connection check result : 10
2025-12-27 11:40:00,458 [INFO] MainUpdater:2872 - connection check result : 10
2025-12-27 11:40:00,466 [ERROR] IocParser:57 - IOException caught: C:\Users\jaowe\Documents\Projects\DeltaTPlus_STM32WB55RG_Workspace\p2p_client_test\p2p_client_test.ioc (The system cannot find the path specified)
2025-12-27 11:40:00,467 [ERROR] IocParser:95 - Exception caught: Cannot invoke "java.lang.CharSequence.length()" because "this.text" is null
2025-12-27 11:40:00,877 [INFO] MicroXplorer:468 - Change Database Path : 
2025-12-27 11:40:00,877 [INFO] MicroXplorer:498 - Change Database Version : DB.6.0.140
2025-12-27 11:40:00,894 [ERROR] ProjectManagerView:394 - 
java.lang.NullPointerException: Cannot invoke "javax.swing.JTextField.getText()" because the return value of "java.util.List.get(int)" is null
	at com.st.microxplorer.plugins.projectmanager.gui.ProjectChoiceTab$9.caretUpdate(ProjectChoiceTab.java:2678) ~[filemanager.jar:?]
	at javax.swing.text.JTextComponent.fireCaretUpdate(JTextComponent.java:408) ~[?:?]
	at javax.swing.text.JTextComponent$MutableCaretEvent.fire(JTextComponent.java:4484) ~[?:?]
	at javax.swing.text.JTextComponent$MutableCaretEvent.stateChanged(JTextComponent.java:4506) ~[?:?]
	at javax.swing.text.DefaultCaret.fireStateChanged(DefaultCaret.java:857) ~[?:?]
	at javax.swing.text.DefaultCaret.changeCaretPosition(DefaultCaret.java:1343) ~[?:?]
	at javax.swing.text.DefaultCaret.handleSetDot(DefaultCaret.java:1242) ~[?:?]
	at javax.swing.text.DefaultCaret.setDot(DefaultCaret.java:1223) ~[?:?]
	at javax.swing.text.DefaultCaret$Handler.insertUpdate(DefaultCaret.java:1819) ~[?:?]
	at javax.swing.text.AbstractDocument.fireInsertUpdate(AbstractDocument.java:227) ~[?:?]
	at javax.swing.text.AbstractDocument.handleInsertString(AbstractDocument.java:781) ~[?:?]
	at javax.swing.text.AbstractDocument.insertString(AbstractDocument.java:740) ~[?:?]
	at javax.swing.text.PlainDocument.insertString(PlainDocument.java:131) ~[?:?]
	at javax.swing.text.AbstractDocument.replace(AbstractDocument.java:699) ~[?:?]
	at javax.swing.text.JTextComponent.setText(JTextComponent.java:1725) ~[?:?]
	at com.st.microxplorer.plugins.projectmanager.gui.ProjectChoiceTab.createHeapStackFields(ProjectChoiceTab.java:979) ~[filemanager.jar:?]
	at com.st.microxplorer.plugins.projectmanager.gui.ProjectChoiceTab.buildLinkSettingsPanel(ProjectChoiceTab.java:3766) ~[filemanager.jar:?]
	at com.st.microxplorer.plugins.projectmanager.gui.ProjectChoiceTab.defineWindowsFields(ProjectChoiceTab.java:1962) ~[filemanager.jar:?]
	at com.st.microxplorer.plugins.projectmanager.gui.ProjectChoiceTab.updateSettings(ProjectChoiceTab.java:555) ~[filemanager.jar:?]
	at com.st.microxplorer.plugins.projectmanager.gui.ProjectSettingsPanel.UpdateDialog(ProjectSettingsPanel.java:245) ~[filemanager.jar:?]
	at com.st.microxplorer.plugins.projectmanager.ProjectManagerView.propertyChange(ProjectManagerView.java:391) ~[filemanager.jar:?]
	at java.beans.PropertyChangeSupport.fire(PropertyChangeSupport.java:343) ~[?:?]
	at java.beans.PropertyChangeSupport.firePropertyChange(PropertyChangeSupport.java:335) ~[?:?]
	at java.beans.PropertyChangeSupport.firePropertyChange(PropertyChangeSupport.java:268) ~[?:?]
	at com.st.microxplorer.util.MXPropertyChangeSupport.firePropertyChange(MXPropertyChangeSupport.java:54) ~[STM32CubeMX.jar:?]
	at com.st.microxplorer.mxsystem.MxSystem.closeConfig(MxSystem.java:899) ~[STM32CubeMX.jar:?]
	at com.st.microxplorer.maingui.MainPanel.closeConfig(MainPanel.java:789) ~[STM32CubeMX.jar:?]
	at com.st.microxplorer.plugins.filemanager.engine.OpenFileManager.loadConfigurationFile(OpenFileManager.java:287) ~[filemanager.jar:?]
	at com.st.microxplorer.plugins.filemanager.engine.MainFileManager.userLoadConfig(MainFileManager.java:341) ~[filemanager.jar:?]
	at com.st.microxplorer.plugins.filemanager.engine.MainFileManager.userLoadConfig(MainFileManager.java:319) ~[filemanager.jar:?]
	at com.st.microxplorer.plugins.filemanager.FileManagerView.getSpecificTask(FileManagerView.java:246) ~[filemanager.jar:?]
	at com.st.stm32cube.common.mx.editor.CubeMxEditor.getMxTabbedPaneInstance(CubeMxEditor.java:1198) ~[com.st.stm32cube.common.mx_6.14.0.202502271554/:?]
	at com.st.stm32cube.common.mx.editor.CubeMxEditor$12$1.createSwingComponent(CubeMxEditor.java:1068) ~[com.st.stm32cube.common.mx_6.14.0.202502271554/:?]
	at com.st.stm32cube.common.mx.oss.core.awtswtbridge.EmbeddedSwingComposite.doComponentCreation(EmbeddedSwingComposite.java:492) ~[com.st.stm32cube.common.mx.oss_6.14.0.202502271554/:?]
	at com.st.stm32cube.common.mx.oss.core.awtswtbridge.EmbeddedSwingComposite$4.run(EmbeddedSwingComposite.java:291) ~[com.st.stm32cube.common.mx.oss_6.14.0.202502271554/:?]
	at com.st.stm32cube.common.mx.oss.core.awtswtbridge.AwtEnvironment$2.run(AwtEnvironment.java:166) ~[com.st.stm32cube.common.mx.oss_6.14.0.202502271554/:?]
	at java.awt.event.InvocationEvent.dispatch(InvocationEvent.java:318) ~[?:?]
	at java.awt.EventQueue.dispatchEventImpl(EventQueue.java:773) ~[?:?]
	at java.awt.EventQueue$4.run(EventQueue.java:720) ~[?:?]
	at java.awt.EventQueue$4.run(EventQueue.java:714) ~[?:?]
	at java.security.AccessController.doPrivileged(AccessController.java:400) ~[?:?]
	at java.security.ProtectionDomain$JavaSecurityAccessImpl.doIntersectionPrivilege(ProtectionDomain.java:87) ~[?:?]
	at java.awt.EventQueue.dispatchEvent(EventQueue.java:742) ~[?:?]
	at java.awt.EventDispatchThread.pumpOneEventForFilters(EventDispatchThread.java:203) ~[?:?]
	at java.awt.EventDispatchThread.pumpEventsForFilter(EventDispatchThread.java:124) ~[?:?]
	at java.awt.EventDispatchThread.pumpEventsForHierarchy(EventDispatchThread.java:113) ~[?:?]
	at java.awt.EventDispatchThread.pumpEvents(EventDispatchThread.java:109) ~[?:?]
	at java.awt.EventDispatchThread.pumpEvents(EventDispatchThread.java:101) ~[?:?]
	at java.awt.EventDispatchThread.run(EventDispatchThread.java:90) ~[?:?]
2025-12-27 11:40:00,896 [WARN] ThirdParty:871 - waiting for thirdparty lock release [close project]
2025-12-27 11:40:00,896 [INFO] ThirdParty:873 - entering critical section [close project]
2025-12-27 11:40:00,896 [INFO] ThirdParty:883 - exiting critical section [close project]
2025-12-27 11:40:00,899 [INFO] PinOutPanel:1589 - setPackage(No Configuration,No Configuration)
2025-12-27 11:40:00,904 [WARN] IpParametersView:155 - Warning: This peripheral hasn't parameters
2025-12-27 11:40:00,909 [WARN] MainPanel:289 - <html><b><center>Warning: This peripheral has no parameters to be configured<br></b></html>
2025-12-27 11:40:00,913 [INFO] UtilMem:75 - Begin LoadConfig() Used Memory: 882779592 Bytes (1073741824)
2025-12-27 11:40:00,914 [INFO] MicroXplorer:468 - Change Database Path : 
2025-12-27 11:40:00,914 [INFO] MicroXplorer:498 - Change Database Version : DB.6.0.140
2025-12-27 11:40:00,914 [INFO] OpenFileManager:354 - Change cursor
2025-12-27 11:40:00,934 [INFO] RulesReader:64 - Compatibility file has been processed (301 Rules)
2025-12-27 11:40:00,941 [INFO] Mcu:2011 - Initializing MCU STM32WB55RGVx STM32WB55RGVx STM32WB55RGV6
2025-12-27 11:40:01,989 [INFO] Context:756 - Trying to add GPIOservice into a context  which must be forbidden
2025-12-27 11:40:02,850 [INFO] ImportTextPane:218 - (OptionalMessage_ERROR) Unable to find key (Mcu.ThirdPartyNb) in loaded IOC file
2025-12-27 11:40:02,851 [INFO] ImportTextPane:218 - (OptionalMessage_ERROR) Unable to find key (Mcu.PinsNb) in loaded IOC file
2025-12-27 11:40:02,851 [INFO] ImportTextPane:218 - (OptionalMessage_ERROR) Pin0 (VP_RIF_VS_RIF1) cannot be retrieved for this MCU
2025-12-27 11:40:02,852 [INFO] ImportTextPane:218 - (OptionalMessage_ERROR) Unable to find key (Mcu.IPNb) in loaded IOC file
2025-12-27 11:40:02,888 [INFO] RtosManager:558 - Registered RTOS mode: class=CMSIS, group=RTOS, mode=CMSIS_V1, owner=FREERTOS
2025-12-27 11:40:02,888 [INFO] RtosManager:558 - Registered RTOS mode: class=CMSIS, group=RTOS2, mode=CMSIS_V2, owner=FREERTOS
2025-12-27 11:40:02,888 [INFO] RtosManager:558 - Registered RTOS mode: class=RTOS, group=Core, mode=CMSIS_V1, owner=FREERTOS
2025-12-27 11:40:02,888 [INFO] RtosManager:558 - Registered RTOS mode: class=RTOS, group=Core, mode=CMSIS_V2, owner=FREERTOS
2025-12-27 11:40:02,888 [WARN] ModelIntegratedComponent:184 - Missing modes for component STMicroelectronics:FreeRTOS:0.0.1:STMicroelectronics:RTOS:FreeRTOS:Core:::10.2.0:
2025-12-27 11:40:02,905 [WARN] ModelIntegratedComponent:63 - No mode defined for component null
2025-12-27 11:40:02,905 [WARN] ModelIntegratedComponent:63 - No mode defined for component null
2025-12-27 11:40:02,905 [WARN] ModelIntegratedComponent:63 - No mode defined for component null
2025-12-27 11:40:02,905 [WARN] ModelIntegratedComponent:63 - No mode defined for component null
2025-12-27 11:40:02,905 [WARN] ModelIntegratedComponent:63 - No mode defined for component null
2025-12-27 11:40:02,905 [WARN] ModelIntegratedComponent:63 - No mode defined for component null
2025-12-27 11:40:02,905 [WARN] ModelIntegratedComponent:63 - No mode defined for component null
2025-12-27 11:40:02,905 [WARN] ModelIntegratedComponent:63 - No mode defined for component null
2025-12-27 11:40:02,905 [WARN] ModelIntegratedComponent:63 - No mode defined for component null
2025-12-27 11:40:02,905 [WARN] ModelIntegratedComponent:63 - No mode defined for component null
2025-12-27 11:40:02,905 [WARN] ModelIntegratedComponent:63 - No mode defined for component null
2025-12-27 11:40:02,905 [WARN] ModelIntegratedComponent:63 - No mode defined for component null
2025-12-27 11:40:02,905 [WARN] ModelIntegratedComponent:63 - No mode defined for component null
2025-12-27 11:40:02,905 [WARN] ModelIntegratedComponent:63 - No mode defined for component null
2025-12-27 11:40:02,905 [WARN] ModelIntegratedComponent:63 - No mode defined for component null
2025-12-27 11:40:02,905 [WARN] ModelIntegratedComponent:63 - No mode defined for component null
2025-12-27 11:40:02,905 [WARN] ModelIntegratedComponent:63 - No mode defined for component null
2025-12-27 11:40:02,905 [WARN] ModelIntegratedComponent:63 - No mode defined for component null
2025-12-27 11:40:02,905 [WARN] ModelIntegratedComponent:63 - No mode defined for component null
2025-12-27 11:40:02,905 [WARN] ModelIntegratedComponent:63 - No mode defined for component null
2025-12-27 11:40:02,905 [WARN] ModelIntegratedComponent:63 - No mode defined for component null
2025-12-27 11:40:02,905 [WARN] ModelIntegratedComponent:63 - No mode defined for component null
2025-12-27 11:40:02,905 [WARN] ModelIntegratedComponent:63 - No mode defined for component null
2025-12-27 11:40:02,905 [WARN] ModelIntegratedComponent:63 - No mode defined for component null
2025-12-27 11:40:02,905 [WARN] ModelIntegratedComponent:63 - No mode defined for component null
2025-12-27 11:40:02,905 [WARN] ModelIntegratedComponent:63 - No mode defined for component null
2025-12-27 11:40:02,905 [WARN] ModelIntegratedComponent:63 - No mode defined for component null
2025-12-27 11:40:02,905 [WARN] ModelIntegratedComponent:63 - No mode defined for component null
2025-12-27 11:40:02,905 [WARN] ModelIntegratedComponent:63 - No mode defined for component null
2025-12-27 11:40:02,905 [WARN] ModelIntegratedComponent:63 - No mode defined for component null
2025-12-27 11:40:02,905 [WARN] ModelIntegratedComponent:63 - No mode defined for component null
2025-12-27 11:40:02,905 [WARN] ModelIntegratedComponent:63 - No mode defined for component null
2025-12-27 11:40:02,905 [WARN] ModelIntegratedComponent:63 - No mode defined for component null
2025-12-27 11:40:02,905 [WARN] ModelIntegratedComponent:63 - No mode defined for component null
2025-12-27 11:40:02,905 [WARN] ModelIntegratedComponent:63 - No mode defined for component null
2025-12-27 11:40:02,906 [WARN] ModelPack:524 - Component already loaded: STMicroelectronics:HAL Drivers:0.0.0:STMicroelectronics:Device:STMicro_Driver:XSPI:HAL::0.0.1:HAL_XSPI
2025-12-27 11:40:03,296 [INFO] ThirdPartyModel:298 - Start build external matchings
2025-12-27 11:40:04,908 [INFO] ThirdPartyModel:316 - End build external matchings
2025-12-27 11:40:05,119 [INFO] UtilMem:75 - End LoadConfig() Used Memory: 983879400 Bytes (1073741824)
2025-12-27 11:40:05,142 [WARN] ThirdParty:833 - waiting for thirdparty lock release [change project]
2025-12-27 11:40:05,143 [INFO] ThirdParty:835 - entering critical section [change project]
2025-12-27 11:40:05,143 [INFO] ThirdParty:1030 - CMSIS Pack Vendor :STMicroelectronics X-CUBE-PM33A1 1.0.0
2025-12-27 11:40:05,143 [INFO] ThirdParty:1030 - CMSIS Pack Vendor :STMicroelectronics USBPD 4.1
2025-12-27 11:40:05,143 [INFO] ThirdParty:1030 - CMSIS Pack Vendor :STMicroelectronics USB_HOST 2.0.0
2025-12-27 11:40:05,143 [INFO] ThirdParty:1030 - CMSIS Pack Vendor :STMicroelectronics FP-SNS-MOTENVWB1 1.4.0
2025-12-27 11:40:05,143 [INFO] ThirdParty:1030 - CMSIS Pack Vendor :STMicroelectronics X-CUBE-AZRTOS-F4 1.1.0
2025-12-27 11:40:05,143 [INFO] ThirdParty:1030 - CMSIS Pack Vendor :STMicroelectronics LIBJPEG 8.0.0
2025-12-27 11:40:05,143 [INFO] ThirdParty:1030 - CMSIS Pack Vendor :STMicroelectronics FP-ATR-ASTRA1 2.0.2
2025-12-27 11:40:05,143 [INFO] ThirdParty:1030 - CMSIS Pack Vendor :Avnet-IotConnect X-CUBE-IoTC-DA16k-PMOD 1.0.0
2025-12-27 11:40:05,143 [INFO] ThirdParty:1030 - CMSIS Pack Vendor :STMicroelectronics X-CUBE-SMBUS 2.1.0
2025-12-27 11:40:05,143 [INFO] ThirdParty:1030 - CMSIS Pack Vendor :STMicroelectronics X-CUBE-WB05N 1.1.0
2025-12-27 11:40:05,143 [INFO] ThirdParty:1030 - CMSIS Pack Vendor :STMicroelectronics X-CUBE-ISPU 2.1.0
2025-12-27 11:40:05,143 [INFO] ThirdParty:1030 - CMSIS Pack Vendor :STMicroelectronics X-CUBE-ST60 1.0.0
2025-12-27 11:40:05,143 [INFO] ThirdParty:1030 - CMSIS Pack Vendor :STMicroelectronics X-CUBE-NFC12 1.0.0
2025-12-27 11:40:05,143 [INFO] ThirdParty:1030 - CMSIS Pack Vendor :STMicroelectronics X-CUBE-AZRTOS-F7 1.1.0
2025-12-27 11:40:05,143 [INFO] ThirdParty:1030 - CMSIS Pack Vendor :STMicroelectronics X-CUBE-AZRTOS-L5 2.0.0
2025-12-27 11:40:05,143 [INFO] ThirdParty:1030 - CMSIS Pack Vendor :STMicroelectronics USB_DEVICE 2.0.0
2025-12-27 11:40:05,143 [INFO] ThirdParty:1030 - CMSIS Pack Vendor :STMicroelectronics X-CUBE-NFC6 3.1.0
2025-12-27 11:40:05,143 [INFO] ThirdParty:1030 - CMSIS Pack Vendor :STMicroelectronics FreeRTOS 0.0.1
2025-12-27 11:40:05,143 [INFO] ThirdParty:1030 - CMSIS Pack Vendor :STMicroelectronics X-CUBE-DPower 1.2.0
2025-12-27 11:40:05,143 [INFO] ThirdParty:1030 - CMSIS Pack Vendor :STMicroelectronics FP-SNS-FLIGHT1 5.0.2
2025-12-27 11:40:05,143 [INFO] ThirdParty:1030 - CMSIS Pack Vendor :Infineon AIROC-Wi-Fi-Bluetooth-STM32 1.7.0
2025-12-27 11:40:05,143 [INFO] ThirdParty:1030 - CMSIS Pack Vendor :STMicroelectronics PDM2PCM 3.3.0
2025-12-27 11:40:05,143 [INFO] ThirdParty:1030 - CMSIS Pack Vendor :STMicroelectronics X-CUBE-AZRTOS-H7 3.4.0
2025-12-27 11:40:05,143 [INFO] ThirdParty:1030 - CMSIS Pack Vendor :STMicroelectronics X-CUBE-DISPLAY 3.0.0
2025-12-27 11:40:05,143 [INFO] ThirdParty:1030 - CMSIS Pack Vendor :STMicroelectronics X-CUBE-BLE1 7.0.0
2025-12-27 11:40:05,143 [INFO] ThirdParty:1030 - CMSIS Pack Vendor :STMicroelectronics X-CUBE-NFC10 1.0.0
2025-12-27 11:40:05,143 [INFO] ThirdParty:1030 - CMSIS Pack Vendor :STMicroelectronics X-CUBE-BLEMGR 4.0.0
2025-12-27 11:40:05,143 [INFO] ThirdParty:1030 - CMSIS Pack Vendor :STMicroelectronics X-CUBE-FREERTOS 1.3.1
2025-12-27 11:40:05,143 [INFO] ThirdParty:1030 - CMSIS Pack Vendor :STMicroelectronics HAL Drivers 0.0.0
2025-12-27 11:40:05,143 [INFO] ThirdParty:1030 - CMSIS Pack Vendor :STMicroelectronics X-CUBE-ST60 1.1.0
2025-12-27 11:40:05,143 [INFO] ThirdParty:1030 - CMSIS Pack Vendor :emotas I-CUBE-CANOPEN 1.3.0
2025-12-27 11:40:05,143 [INFO] ThirdParty:1030 - CMSIS Pack Vendor :STMicroelectronics X-CUBE-FREERTOS 1.3.0
2025-12-27 11:40:05,143 [INFO] ThirdParty:1030 - CMSIS Pack Vendor :STMicroelectronics X-CUBE-NFC7 1.0.1
2025-12-27 11:40:05,143 [INFO] ThirdParty:1030 - CMSIS Pack Vendor :STMicroelectronics MBEDTLS 2.14.1
2025-12-27 11:40:05,143 [INFO] ThirdParty:1030 - CMSIS Pack Vendor :STMicroelectronics X-CUBE-GNSS1 7.1.0
2025-12-27 11:40:05,143 [INFO] ThirdParty:1030 - CMSIS Pack Vendor :STMicroelectronics X-CUBE-TOUCHGFX 4.26.0
2025-12-27 11:40:05,143 [INFO] ThirdParty:1030 - CMSIS Pack Vendor :STMicroelectronics X-CUBE-AI 10.0.0
2025-12-27 11:40:05,143 [INFO] ThirdParty:1030 - CMSIS Pack Vendor :STMicroelectronics FP-SNS-STAIOTCFT 1.0.0
2025-12-27 11:40:05,143 [INFO] ThirdParty:1030 - CMSIS Pack Vendor :STMicroelectronics FP-SNS-SMARTAG2 1.2.0
2025-12-27 11:40:05,143 [INFO] ThirdParty:1030 - CMSIS Pack Vendor :STMicroelectronics FP-SNS-FLIGHT1 5.1.0
2025-12-27 11:40:05,143 [INFO] ThirdParty:1030 - CMSIS Pack Vendor :STMicroelectronics X-CUBE-MEMS1 11.1.0
2025-12-27 11:40:05,143 [INFO] ThirdParty:1030 - CMSIS Pack Vendor :STMicroelectronics X-CUBE-AZRTOS-WL 2.0.0
2025-12-27 11:40:05,143 [INFO] ThirdParty:1030 - CMSIS Pack Vendor :STMicroelectronics X-CUBE-DPower 1.3.0
2025-12-27 11:40:05,143 [INFO] ThirdParty:1030 - CMSIS Pack Vendor :STMicroelectronics FP-SNS-MOTENV1 5.0.0
2025-12-27 11:40:05,143 [INFO] ThirdParty:1030 - CMSIS Pack Vendor :STMicroelectronics USB_DEVICE 1.0.0
2025-12-27 11:40:05,143 [INFO] ThirdParty:1030 - CMSIS Pack Vendor :STMicroelectronics X-CUBE-AZRTOS-H7RS 1.2.0
2025-12-27 11:40:05,143 [INFO] ThirdParty:1030 - CMSIS Pack Vendor :STMicroelectronics X-CUBE-AZRTOS-L4 2.0.0
2025-12-27 11:40:05,143 [INFO] ThirdParty:1030 - CMSIS Pack Vendor :STMicroelectronics ThreadX 0.0.2
2025-12-27 11:40:05,143 [INFO] ThirdParty:1030 - CMSIS Pack Vendor :WES I-CUBE-Cesium 1.3.0
2025-12-27 11:40:05,143 [INFO] ThirdParty:1030 - CMSIS Pack Vendor :STMicroelectronics lwIP 2.1.2
2025-12-27 11:40:05,143 [INFO] ThirdParty:1030 - CMSIS Pack Vendor :STMicroelectronics X-CUBE-SFXS2LP1 4.0.0
2025-12-27 11:40:05,143 [INFO] ThirdParty:1030 - CMSIS Pack Vendor :STMicroelectronics X-CUBE-BLE2 3.3.0
2025-12-27 11:40:05,143 [INFO] ThirdParty:1030 - CMSIS Pack Vendor :STMicroelectronics PDM2PCM 3.2.0
2025-12-27 11:40:05,143 [INFO] ThirdParty:1030 - CMSIS Pack Vendor :STMicroelectronics X-CUBE-AZRTOS-H7 3.3.0
2025-12-27 11:40:05,143 [INFO] ThirdParty:1030 - CMSIS Pack Vendor :STMicroelectronics X-CUBE-NFC9 1.0.0
2025-12-27 11:40:05,143 [INFO] ThirdParty:1030 - CMSIS Pack Vendor :STMicroelectronics X-CUBE-BLE1 7.1.0
2025-12-27 11:40:05,143 [INFO] ThirdParty:1030 - CMSIS Pack Vendor :wolfSSL I-CUBE-wolfMQTT 1.19.2
2025-12-27 11:40:05,143 [INFO] ThirdParty:1030 - CMSIS Pack Vendor :STMicroelectronics USB_DEVICE 3.0.0
2025-12-27 11:40:05,143 [INFO] ThirdParty:1030 - CMSIS Pack Vendor :STMicroelectronics X-CUBE-EEPRMA1 5.2.0
2025-12-27 11:40:05,143 [INFO] ThirdParty:1030 - CMSIS Pack Vendor :STMicroelectronics X-CUBE-BLEMGR 4.1.0
2025-12-27 11:40:05,143 [INFO] ThirdParty:1030 - CMSIS Pack Vendor :STMicroelectronics X-CUBE-AZRTOS-WB 2.0.0
2025-12-27 11:40:05,143 [INFO] ThirdParty:1030 - CMSIS Pack Vendor :STMicroelectronics X-CUBE-GNSS1 7.0.1
2025-12-27 11:40:05,143 [INFO] ThirdParty:1030 - CMSIS Pack Vendor :STMicroelectronics X-CUBE-TOUCHGFX 4.25.0
2025-12-27 11:40:05,143 [INFO] ThirdParty:1030 - CMSIS Pack Vendor :STMicroelectronics X-CUBE-AI 10.1.0
2025-12-27 11:40:05,143 [INFO] ThirdParty:1030 - CMSIS Pack Vendor :STMicroelectronics FP-SNS-STBOX1 2.0.0
2025-12-27 11:40:05,143 [INFO] ThirdParty:1030 - CMSIS Pack Vendor :STMicroelectronics X-CUBE-MEMS1 12.0.0
2025-12-27 11:40:05,143 [INFO] ThirdParty:1030 - CMSIS Pack Vendor :STMicroelectronics X-CUBE-MEMS1 11.2.0
2025-12-27 11:40:05,143 [INFO] ThirdParty:1030 - CMSIS Pack Vendor :STMicroelectronics X-CUBE-AZRTOS-G0 1.1.0
2025-12-27 11:40:05,143 [INFO] ThirdParty:1030 - CMSIS Pack Vendor :STMicroelectronics X-CUBE-SAFEA1 1.2.2
2025-12-27 11:40:05,143 [INFO] ThirdParty:1030 - CMSIS Pack Vendor :STMicroelectronics X-CUBE-NFC4 3.0.0
2025-12-27 11:40:05,143 [INFO] ThirdParty:1030 - CMSIS Pack Vendor :STMicroelectronics X-CUBE-SUBG2 5.0.0
2025-12-27 11:40:05,143 [INFO] ThirdParty:1030 - CMSIS Pack Vendor :STMicroelectronics X-CUBE-AZRTOS-H7RS 1.1.0
2025-12-27 11:40:05,143 [INFO] ThirdParty:1030 - CMSIS Pack Vendor :STMicroelectronics STM32_WPAN 1.0.0
2025-12-27 11:40:05,143 [INFO] ThirdParty:1030 - CMSIS Pack Vendor :EmbeddedOffice I-CUBE-FS-RTOS 1.0.1
2025-12-27 11:40:05,143 [INFO] ThirdParty:1030 - CMSIS Pack Vendor :STMicroelectronics lwIP 2.0.3
2025-12-27 11:40:05,143 [INFO] ThirdParty:1030 - CMSIS Pack Vendor :Cesanta I-CUBE-Mongoose 7.13.0
2025-12-27 11:40:05,144 [INFO] ThirdParty:1030 - CMSIS Pack Vendor :STMicroelectronics USB_HOST 1.0.0
2025-12-27 11:40:05,144 [INFO] ThirdParty:1030 - CMSIS Pack Vendor :STMicroelectronics X-CUBE-AZRTOS-G4 2.0.0
2025-12-27 11:40:05,144 [INFO] ThirdParty:1030 - CMSIS Pack Vendor :STMicroelectronics X-CUBE-WB05N 2.0.0
2025-12-27 11:40:05,144 [INFO] ThirdParty:1030 - CMSIS Pack Vendor :STMicroelectronics PDM2PCM 3.1.0
2025-12-27 11:40:05,144 [INFO] ThirdParty:1030 - CMSIS Pack Vendor :wolfSSL I-CUBE-wolfTPM 3.8.0
2025-12-27 11:40:05,144 [INFO] ThirdParty:1030 - CMSIS Pack Vendor :wolfSSL I-CUBE-wolfSSH 1.4.20
2025-12-27 11:40:05,144 [INFO] ThirdParty:1030 - CMSIS Pack Vendor :STMicroelectronics X-CUBE-NFC7 2.0.0
2025-12-27 11:40:05,144 [INFO] ThirdParty:1030 - CMSIS Pack Vendor :STMicroelectronics X-CUBE-TCPP 4.2.0
2025-12-27 11:40:05,144 [INFO] ThirdParty:1030 - CMSIS Pack Vendor :RealThread X-CUBE-RT-Thread_Nano 4.1.1
2025-12-27 11:40:05,144 [INFO] ThirdParty:1030 - CMSIS Pack Vendor :STMicroelectronics FP-ATR-SIGFOX1 3.2.0
2025-12-27 11:40:05,144 [INFO] ThirdParty:1030 - CMSIS Pack Vendor :quantropi X-CUBE-qispace-sdk-base 1.9.3
2025-12-27 11:40:05,144 [INFO] ThirdParty:1030 - CMSIS Pack Vendor :STMicroelectronics X-CUBE-EEPRMA1 5.1.0
2025-12-27 11:40:05,144 [INFO] ThirdParty:1030 - CMSIS Pack Vendor :STMicroelectronics MBEDTLS 2.16.2
2025-12-27 11:40:05,144 [INFO] ThirdParty:1030 - CMSIS Pack Vendor :STMicroelectronics X-CUBE-IPS 3.1.0
2025-12-27 11:40:05,144 [INFO] ThirdParty:1030 - CMSIS Pack Vendor :STMicroelectronics X-CUBE-ALS 1.0.2
2025-12-27 11:40:05,144 [INFO] ThirdParty:1030 - CMSIS Pack Vendor :wolfSSL I-CUBE-wolfSSL 5.7.6
2025-12-27 11:40:05,144 [INFO] ThirdParty:1030 - CMSIS Pack Vendor :ITTIA_DB I-CUBE-ITTIADB 8.9.0
2025-12-27 11:40:05,144 [INFO] ThirdParty:1030 - CMSIS Pack Vendor :STMicroelectronics X-CUBE-TOUCHGFX 4.24.2
2025-12-27 11:40:05,144 [INFO] ThirdParty:1030 - CMSIS Pack Vendor :STMicroelectronics X-CUBE-STSE01 1.0.0
2025-12-27 11:40:05,144 [INFO] ThirdParty:1030 - CMSIS Pack Vendor :portGmbH I-Cube-SoM-uGOAL 1.1.0
2025-12-27 11:40:05,144 [INFO] ThirdParty:1030 - CMSIS Pack Vendor :STMicroelectronics X-CUBE-ST67W61 1.0.0
2025-12-27 11:40:05,144 [INFO] ThirdParty:1030 - CMSIS Pack Vendor :STMicroelectronics X-CUBE-AI 10.2.0
2025-12-27 11:40:05,144 [INFO] ThirdParty:1030 - CMSIS Pack Vendor :STMicroelectronics ThreadX 1.0.0
2025-12-27 11:40:05,144 [INFO] ThirdParty:1030 - CMSIS Pack Vendor :SEGGER I-CUBE-embOS 1.3.1
2025-12-27 11:40:05,144 [INFO] ThirdParty:1030 - CMSIS Pack Vendor :STMicroelectronics X-CUBE-ALGOBUILD 1.4.0
2025-12-27 11:40:05,144 [INFO] ThirdParty:1030 - CMSIS Pack Vendor :STMicroelectronics X-CUBE-MEMS1 11.3.0
2025-12-27 11:40:05,144 [INFO] ThirdParty:1030 - CMSIS Pack Vendor :STMicroelectronics X-CUBE-AZRTOS-H7RS 1.0.0
2025-12-27 11:40:05,144 [INFO] ThirdParty:1030 - CMSIS Pack Vendor :STMicroelectronics X-CUBE-TOF1 3.4.2
2025-12-27 11:40:05,144 [INFO] ThirdParty:1030 - CMSIS Pack Vendor :STMicroelectronics X-CUBE-TOF1 3.4.3
2025-12-27 11:40:05,144 [INFO] ThirdParty:841 - exiting critical section [change project]
2025-12-27 11:40:05,399 [INFO] PinOutPanel:1589 - setPackage(No Configuration,No Configuration)
2025-12-27 11:40:05,400 [INFO] PinOutPanel:1589 - setPackage(STM32WB55RGVx,VFQFPN68)
2025-12-27 11:40:05,660 [INFO] UtilMem:75 - Before build in PCC Used Memory: 867301520 Bytes (1073741824)
2025-12-27 11:40:05,851 [INFO] LogOutputStream:77 - [STDOUT_REDIRECT] Sleepy End Device Min <200 3.3
2025-12-27 11:40:05,852 [INFO] LogOutputStream:77 - [STDOUT_REDIRECT] Sleepy End Device Min <200 3.3
2025-12-27 11:40:05,853 [INFO] LogOutputStream:77 - [STDOUT_REDIRECT] Sleepy End Device Min <200 3.3
2025-12-27 11:40:05,853 [INFO] LogOutputStream:77 - [STDOUT_REDIRECT] Sleepy End Device Min <200 3.3
2025-12-27 11:40:05,854 [INFO] LogOutputStream:77 - [STDOUT_REDIRECT] Sleepy End Device Min <200 3.3
2025-12-27 11:40:05,873 [INFO] LogOutputStream:77 - [STDOUT_REDIRECT] Sleepy End Device Min <200 3.3
2025-12-27 11:40:05,874 [INFO] LogOutputStream:77 - [STDOUT_REDIRECT] Sleepy End Device Min <200 3.3
2025-12-27 11:40:05,875 [INFO] LogOutputStream:77 - [STDOUT_REDIRECT] Sleepy End Device Min <200 3.3
2025-12-27 11:40:05,875 [INFO] LogOutputStream:77 - [STDOUT_REDIRECT] Sleepy End Device Min <200 3.3
2025-12-27 11:40:05,876 [INFO] LogOutputStream:77 - [STDOUT_REDIRECT] Sleepy End Device Min <200 3.3
2025-12-27 11:40:05,877 [INFO] LogOutputStream:77 - [STDOUT_REDIRECT] Sleepy End Device Min <200 3.3
2025-12-27 11:40:05,878 [INFO] LogOutputStream:77 - [STDOUT_REDIRECT] Sleepy End Device Min <200 3.3
2025-12-27 11:40:05,879 [INFO] LogOutputStream:77 - [STDOUT_REDIRECT] Sleepy End Device Min <200 3.3
2025-12-27 11:40:05,879 [INFO] LogOutputStream:77 - [STDOUT_REDIRECT] Sleepy End Device Min <200 3.3
2025-12-27 11:40:05,879 [INFO] LogOutputStream:77 - [STDOUT_REDIRECT] Sleepy End Device Min <200 3.3
2025-12-27 11:40:05,882 [INFO] LogOutputStream:77 - [STDOUT_REDIRECT] Sleepy End Device Min <200 3.3
2025-12-27 11:40:05,883 [INFO] LogOutputStream:77 - [STDOUT_REDIRECT] Sleepy End Device Min <200 3.3
2025-12-27 11:40:05,883 [INFO] LogOutputStream:77 - [STDOUT_REDIRECT] Sleepy End Device Min <200 3.3
2025-12-27 11:40:05,884 [INFO] LogOutputStream:77 - [STDOUT_REDIRECT] Sleepy End Device Min <200 3.3
2025-12-27 11:40:05,885 [INFO] LogOutputStream:77 - [STDOUT_REDIRECT] Sleepy End Device Min <200 3.3
2025-12-27 11:40:05,887 [INFO] LogOutputStream:77 - [STDOUT_REDIRECT] Sleepy End Device Min <200 3.3
2025-12-27 11:40:05,888 [INFO] LogOutputStream:77 - [STDOUT_REDIRECT] Sleepy End Device Min <200 3.3
2025-12-27 11:40:05,888 [INFO] LogOutputStream:77 - [STDOUT_REDIRECT] Sleepy End Device Min <200 3.3
2025-12-27 11:40:05,889 [INFO] LogOutputStream:77 - [STDOUT_REDIRECT] Sleepy End Device Min <200 3.3
2025-12-27 11:40:05,890 [INFO] LogOutputStream:77 - [STDOUT_REDIRECT] Sleepy End Device Min <200 3.3
2025-12-27 11:40:05,891 [INFO] LogOutputStream:77 - [STDOUT_REDIRECT] Sleepy End Device Min <200 3.3
2025-12-27 11:40:05,891 [INFO] LogOutputStream:77 - [STDOUT_REDIRECT] Sleepy End Device Min <200 3.3
2025-12-27 11:40:05,892 [INFO] LogOutputStream:77 - [STDOUT_REDIRECT] Sleepy End Device Min <200 3.3
2025-12-27 11:40:05,893 [INFO] LogOutputStream:77 - [STDOUT_REDIRECT] Sleepy End Device Min <200 3.3
2025-12-27 11:40:05,893 [INFO] LogOutputStream:77 - [STDOUT_REDIRECT] Sleepy End Device Min <200 3.3
2025-12-27 11:40:06,018 [INFO] LogOutputStream:77 - [STDOUT_REDIRECT] Sleepy End Device Min <200 3.3
2025-12-27 11:40:06,019 [INFO] LogOutputStream:77 - [STDOUT_REDIRECT] Sleepy End Device Min <200 3.3
2025-12-27 11:40:06,020 [INFO] LogOutputStream:77 - [STDOUT_REDIRECT] Sleepy End Device Min <200 3.3
2025-12-27 11:40:06,021 [INFO] LogOutputStream:77 - [STDOUT_REDIRECT] Sleepy End Device Min <200 3.3
2025-12-27 11:40:06,022 [INFO] LogOutputStream:77 - [STDOUT_REDIRECT] Sleepy End Device Min <200 3.3
2025-12-27 11:40:06,116 [INFO] UtilMem:75 - After build in PCC Used Memory: 942798992 Bytes (1073741824)
2025-12-27 11:40:06,132 [INFO] IPUIPlugin:80 - create IPUIPlugin
2025-12-27 11:40:06,133 [INFO] IPUIPlugin:80 - create IPUIPlugin
2025-12-27 11:40:06,133 [INFO] IPUIPlugin:80 - create IPUIPlugin
2025-12-27 11:40:06,133 [INFO] IPUIPlugin:80 - create IPUIPlugin
2025-12-27 11:40:06,133 [INFO] IPUIPlugin:80 - create IPUIPlugin
2025-12-27 11:40:06,133 [INFO] IPUIPlugin:80 - create IPUIPlugin
2025-12-27 11:40:06,133 [INFO] IPUIPlugin:80 - create IPUIPlugin
2025-12-27 11:40:06,133 [INFO] IPUIPlugin:80 - create IPUIPlugin
2025-12-27 11:40:06,133 [INFO] IPUIPlugin:80 - create IPUIPlugin
2025-12-27 11:40:06,133 [INFO] IPUIPlugin:80 - create IPUIPlugin
2025-12-27 11:40:06,134 [INFO] IPUIPlugin:80 - create IPUIPlugin
2025-12-27 11:40:06,134 [INFO] IPUIPlugin:80 - create IPUIPlugin
2025-12-27 11:40:06,134 [INFO] IPUIPlugin:80 - create IPUIPlugin
2025-12-27 11:40:06,134 [INFO] IPUIPlugin:80 - create IPUIPlugin
2025-12-27 11:40:06,134 [INFO] IPUIPlugin:80 - create IPUIPlugin
2025-12-27 11:40:06,134 [INFO] IPUIPlugin:80 - create IPUIPlugin
2025-12-27 11:40:06,134 [INFO] IPUIPlugin:80 - create IPUIPlugin
2025-12-27 11:40:06,134 [INFO] IPUIPlugin:80 - create IPUIPlugin
2025-12-27 11:40:06,134 [INFO] IPUIPlugin:80 - create IPUIPlugin
2025-12-27 11:40:06,134 [INFO] IPUIPlugin:80 - create IPUIPlugin
2025-12-27 11:40:06,135 [INFO] IPUIPlugin:80 - create IPUIPlugin
2025-12-27 11:40:06,135 [INFO] IPUIPlugin:80 - create IPUIPlugin
2025-12-27 11:40:06,135 [INFO] IPUIPlugin:80 - create IPUIPlugin
2025-12-27 11:40:06,135 [INFO] IPUIPlugin:80 - create IPUIPlugin
2025-12-27 11:40:06,135 [INFO] IPUIPlugin:80 - create IPUIPlugin
2025-12-27 11:40:06,135 [INFO] IPUIPlugin:80 - create IPUIPlugin
2025-12-27 11:40:06,135 [INFO] IPUIPlugin:80 - create IPUIPlugin
2025-12-27 11:40:06,135 [INFO] IPUIPlugin:80 - create IPUIPlugin
2025-12-27 11:40:06,135 [INFO] IPUIPlugin:80 - create IPUIPlugin
2025-12-27 11:40:06,136 [INFO] IPUIPlugin:80 - create IPUIPlugin
2025-12-27 11:40:06,136 [INFO] IPUIPlugin:80 - create IPUIPlugin
2025-12-27 11:40:06,136 [INFO] IPUIPlugin:80 - create IPUIPlugin
2025-12-27 11:40:06,136 [INFO] IPUIPlugin:80 - create IPUIPlugin
2025-12-27 11:40:06,136 [INFO] IPUIPlugin:80 - create IPUIPlugin
2025-12-27 11:40:06,136 [INFO] IPUIPlugin:80 - create IPUIPlugin
2025-12-27 11:40:06,136 [INFO] IPUIPlugin:80 - create IPUIPlugin
2025-12-27 11:40:06,136 [INFO] IPUIPlugin:80 - create IPUIPlugin
2025-12-27 11:40:06,137 [INFO] IPUIPlugin:80 - create IPUIPlugin
2025-12-27 11:40:06,137 [INFO] IPUIPlugin:80 - create IPUIPlugin
2025-12-27 11:40:06,137 [INFO] IPUIPlugin:80 - create IPUIPlugin
2025-12-27 11:40:06,137 [INFO] IPUIPlugin:80 - create IPUIPlugin
2025-12-27 11:40:06,137 [INFO] IPUIPlugin:80 - create IPUIPlugin
2025-12-27 11:40:06,137 [INFO] IPUIPlugin:80 - create IPUIPlugin
2025-12-27 11:40:06,138 [INFO] IPUIPlugin:80 - create IPUIPlugin
2025-12-27 11:40:06,138 [INFO] IPUIPlugin:80 - create IPUIPlugin
2025-12-27 11:40:06,167 [INFO] CADModel:165 - CPN selected for project levelSTM32WB55RGV6
2025-12-27 11:40:06,167 [INFO] CADModel:114 - Register for checkConnection events
2025-12-27 11:40:06,224 [INFO] OpenFileManager:385 - Restore cursor
2025-12-27 11:40:06,614 [INFO] UtilMem:75 - End SaveConfig() Used Memory: 853322816 Bytes (1073741824)
2025-12-27 11:40:06,642 [WARN] Context:829 - Trying to set MEMORYMAP twice on same context Cortex-M4NS
2025-12-27 11:40:06,655 [INFO] UtilMem:75 - End SaveConfig() Used Memory: 872564648 Bytes (1073741824)
2025-12-27 11:40:06,944 [INFO] BlockDiagram:2775 - set Specific Code input for plugin: NVIC
2025-12-27 11:40:06,944 [INFO] BlockDiagram:2775 - set Specific Code input for plugin: MEMORYMAP
2025-12-27 11:40:06,944 [INFO] BlockDiagram:2775 - set Specific Code input for plugin: SYS
2025-12-27 11:40:06,944 [INFO] BlockDiagram:2775 - set Specific Code input for plugin: RCC
2025-12-27 11:40:06,945 [INFO] CodeGenerator:882 - code generatio: config db path: C:\ST\STM32CubeIDE_1.18.0\STM32CubeIDE\plugins\com.st.stm32cube.common.mx_6.14.0.202502271554\\db\
2025-12-27 11:40:07,004 [INFO] CodeEngine:263 - oldGeneratedFile, C:\Users\jaowe\Documents\Projects\DeltaTPlus_STM32WB55RG_Workspace\p2p-client\MXTmpFiles\license.tmp_save
2025-12-27 11:40:07,146 [INFO] CodeEngine:287 - Generated code: C:\Users\jaowe\Documents\Projects\DeltaTPlus_STM32WB55RG_Workspace\p2p-client\MXTmpFiles\license.tmp
2025-12-27 11:40:07,150 [WARN] IPConfigManager:103 - WARNING: Missing Config File for MEMORYMAP ip!!
2025-12-27 11:40:07,159 [WARN] IP:2250 - DefaultDataRegion not found: check if there is a RefParameter without a condition.
2025-12-27 11:40:07,196 [INFO] CodeEngine:263 - oldGeneratedFile, C:\Users\jaowe\Documents\Projects\DeltaTPlus_STM32WB55RG_Workspace\p2p-client\Core\Src\stm32wbxx_it.c_save
2025-12-27 11:40:07,408 [INFO] CodeEngine:287 - Generated code: C:\Users\jaowe\Documents\Projects\DeltaTPlus_STM32WB55RG_Workspace\p2p-client\Core\Src\stm32wbxx_it.c
2025-12-27 11:40:07,414 [INFO] CodeEngine:263 - oldGeneratedFile, C:\Users\jaowe\Documents\Projects\DeltaTPlus_STM32WB55RG_Workspace\p2p-client\Core\Inc\stm32wbxx_it.h_save
2025-12-27 11:40:07,487 [INFO] CodeEngine:287 - Generated code: C:\Users\jaowe\Documents\Projects\DeltaTPlus_STM32WB55RG_Workspace\p2p-client\Core\Inc\stm32wbxx_it.h
2025-12-27 11:40:07,500 [INFO] CodeEngine:263 - oldGeneratedFile, C:\Users\jaowe\Documents\Projects\DeltaTPlus_STM32WB55RG_Workspace\p2p-client\Core\Src\stm32wbxx_hal_msp.c_save
2025-12-27 11:40:07,617 [INFO] CodeEngine:287 - Generated code: C:\Users\jaowe\Documents\Projects\DeltaTPlus_STM32WB55RG_Workspace\p2p-client\Core\Src\stm32wbxx_hal_msp.c
2025-12-27 11:40:07,620 [INFO] CodeEngine:263 - oldGeneratedFile, C:\Users\jaowe\Documents\Projects\DeltaTPlus_STM32WB55RG_Workspace\p2p-client\MXTmpFiles\system.tmp_save
2025-12-27 11:40:07,695 [INFO] CodeEngine:287 - Generated code: C:\Users\jaowe\Documents\Projects\DeltaTPlus_STM32WB55RG_Workspace\p2p-client\MXTmpFiles\system.tmp
2025-12-27 11:40:07,707 [INFO] CodeEngine:319 - oldGeneratedFile, C:\Users\jaowe\Documents\Projects\DeltaTPlus_STM32WB55RG_Workspace\p2p-client\Core\Inc\stm32wbxx_hal_conf.h_save
2025-12-27 11:40:07,795 [INFO] CodeEngine:343 - Generated code: C:\Users\jaowe\Documents\Projects\DeltaTPlus_STM32WB55RG_Workspace\p2p-client\Core\Inc\stm32wbxx_hal_conf.h
2025-12-27 11:40:07,830 [WARN] IPConfigManager:3174 - Warning: the RefConfig RCC_PClockConfig is not available in your config.xml file
2025-12-27 11:40:07,843 [ERROR] ApiDbMcu:464 - Can't load MEMORYMAP-STM32xx root dir null
2025-12-27 11:40:07,843 [ERROR] ApiDbMcu:536 - Cannot parse MEMORYMAP_Config file : file do not exist
2025-12-27 11:40:07,852 [INFO] ApiDbMcu:508 - Load IP Config File for RCC
2025-12-27 11:40:07,863 [INFO] CodeEngine:263 - oldGeneratedFile, C:\Users\jaowe\Documents\Projects\DeltaTPlus_STM32WB55RG_Workspace\p2p-client\Core\Inc\main.h_save
2025-12-27 11:40:07,963 [INFO] CodeEngine:287 - Generated code: C:\Users\jaowe\Documents\Projects\DeltaTPlus_STM32WB55RG_Workspace\p2p-client\Core\Inc\main.h
2025-12-27 11:40:07,969 [INFO] CodeEngine:263 - oldGeneratedFile, C:\Users\jaowe\Documents\Projects\DeltaTPlus_STM32WB55RG_Workspace\p2p-client\Core\Src\main.c_save
2025-12-27 11:40:08,053 [INFO] CodeEngine:287 - Generated code: C:\Users\jaowe\Documents\Projects\DeltaTPlus_STM32WB55RG_Workspace\p2p-client\Core\Src\main.c
2025-12-27 11:40:08,324 [INFO] ProjectBuilder:3324 - Time for Copy HAL[1] : 130mS.
2025-12-27 11:40:08,327 [INFO] ProjectBuilder:4912 - Project Generator version: 4.6.0-B36
2025-12-27 11:40:08,389 [INFO] ConfigFileManager:1590 - The Die is : DIE495
2025-12-27 11:40:08,399 [INFO] ApiDbMcu:508 - Load IP Config File for FATFS
2025-12-27 11:40:08,417 [INFO] ApiDbMcu:508 - Load IP Config File for FREERTOS
2025-12-27 11:40:08,564 [INFO] ApiDbMcu:508 - Load IP Config File for STM32_WPAN
2025-12-27 11:40:08,650 [INFO] ApiDbMcu:508 - Load IP Config File for TOUCHSENSING
2025-12-27 11:40:08,666 [INFO] ApiDbMcu:508 - Load IP Config File for USB_DEVICE
2025-12-27 11:40:10,560 [INFO] ProjectBuilder:5191 - Time for Generating toolchain IDE Files: 2234mS.
2025-12-27 11:40:10,561 [INFO] ProjectBuilder:3181 - Time for Copy CMSIS : 0mS.
2025-12-27 11:40:10,564 [INFO] ProjectBuilder:3181 - Time for Copy CMSIS : 0mS.
2025-12-27 11:40:11,159 [INFO] McuFinderGlobals:76 - Set McuFinderConnectedMode to true
2025-12-27 11:40:11,162 [INFO] ApiDb:448 - Save user favorites file C:\Users\jaowe/.stm32cubeide/favorites.mcus.txt: 0 item(s)
2025-12-27 11:40:11,162 [INFO] ApiDb:452 - User favorites MCUs=[]
2025-12-27 11:40:11,163 [INFO] ApiDb:448 - Save user favorites file C:\Users\jaowe/.stm32cubeide/favorites.boards.txt: 0 item(s)
2025-12-27 11:40:11,164 [INFO] ApiDb:452 - User favorites Boards=[]
2025-12-27 11:40:11,167 [INFO] ApiDb:448 - Save user favorites file C:\Users\jaowe/.stm32cubeide/favorites.examples.txt: 1 item(s)
2025-12-27 11:40:11,167 [INFO] ApiDb:452 - User favorites Examples=[STM32CUBEWB-SWX-18594]
2025-12-27 11:41:49,528 [INFO] MainUpdater:2872 - connection check result : 10
2025-12-27 11:41:49,609 [INFO] McuFinderGlobals:76 - Set McuFinderConnectedMode to true
2025-12-27 11:41:49,610 [INFO] MultiScanPanel:200 - Auto-refresh data requested => check proxy status ongoing
2025-12-27 11:41:49,610 [INFO] FinderPluginLoader:95 - Searching for filters in installed packs
2025-12-27 11:41:51,108 [INFO] LoadUrlFilesThread:185 - End of LoadServerUrlFiles without Thread
2025-12-27 11:41:51,109 [INFO] DetailPanel:341 - Set advertising image to C:/Users/jaowe/STM32Cube/Repository/\en.prom-st67w-expansion-board.png
2025-12-27 11:41:53,742 [INFO] MultiScanPanel:200 - Auto-refresh data requested => check proxy status ongoing
2025-12-27 11:41:53,778 [INFO] LoadUrlFilesThread:185 - End of LoadServerUrlFiles without Thread
2025-12-27 11:41:53,779 [INFO] DetailPanel:341 - Set advertising image to C:/Users/jaowe/STM32Cube/Repository/\en.prom-st67w-expansion-board.png
2025-12-27 11:41:53,803 [INFO] MultiScanPanel:200 - Auto-refresh data requested => check proxy status ongoing
2025-12-27 11:41:53,805 [INFO] ApiDb:581 - Connected to CubeFinder SQLite database (C:\Users\jaowe\.stmcufinder\plugins\mcufinder\mcu\cube-finder-db.db)
2025-12-27 11:41:53,855 [INFO] ApiDb:668 - CubeFinder database Data Model version=2.1
2025-12-27 11:41:53,855 [INFO] ApiDb:669 - CubeFinder database Configuration version=3.0.39
2025-12-27 11:41:53,855 [INFO] ApiDb:670 - CubeFinder database generation date=2025-11-05 (1762334721)
2025-12-27 11:41:53,855 [INFO] ApiDb:671 - CubeFinder database FW Pack versions=[FP-ATR-ASTRA1_V2.0.0, FP-SNS-FLIGHT1_V5.1.0, FP-SNS-MOTENV1_V5.1.0, FP-SNS-MOTENVWB1_V1.4.0, FP-SNS-SMARTAG2_V1.2.0, FP-SNS-STBOX1_V2.1.0, STM32Cube_FW_C0_V1.4.0, STM32Cube_FW_F4_V1.28.3, STM32Cube_FW_F7_V1.17.4, STM32Cube_FW_G0_V1.6.2, STM32Cube_FW_G4_V1.6.1, STM32Cube_FW_H5_V1.5.1, STM32Cube_FW_H7RS_V1.3.0, STM32Cube_FW_H7_V1.12.1, STM32Cube_FW_L0_V1.12.2, STM32Cube_FW_L4_V1.18.1, STM32Cube_FW_L5_V1.6.0, STM32Cube_FW_N6_V1.3.0, STM32Cube_FW_U0_V1.3.0, STM32Cube_FW_U3_V1.2.1, STM32Cube_FW_U5_V1.8.0, STM32Cube_FW_WB0_V1.4.0, STM32Cube_FW_WBA_V1.8.0, STM32Cube_FW_WB_V1.24.0, STM32Cube_FW_WL3_V1.3.0, STM32Cube_FW_WL_V1.4.0, X-CUBE-ALGOBUILD_V1.4.0, X-CUBE-ALS_V1.0.2, X-CUBE-AZRTOS-F4_V1.1.0, X-CUBE-AZRTOS-F7_V1.1.0, X-CUBE-AZRTOS-G0_V1.1.0, X-CUBE-AZRTOS-G4_V2.0.0, X-CUBE-AZRTOS-H7RS_V1.1.0, X-CUBE-AZRTOS-H7_V3.4.0, X-CUBE-AZRTOS-L4_V2.0.0, X-CUBE-AZRTOS-L5_V2.0.0, X-CUBE-AZRTOS-WB_V2.0.0, X-CUBE-AZRTOS-WL_V2.0.0, X-CUBE-BLE1_V7.1.0, X-CUBE-BLE2_V3.3.0, X-CUBE-BLEMGR_V4.1.0, X-CUBE-EEPRMA1_V5.2.0, X-CUBE-FREERTOS_V1.3.1, X-CUBE-GNSS1_V6.0.0, X-CUBE-MEMS1_V11.3.0, X-CUBE-NFC4_V3.0.0, X-CUBE-NFC7_V2.0.0, X-CUBE-SFXS2LP1_V4.0.0, X-CUBE-ST67W61_V1.1.0, X-CUBE-SUBG2_V5.0.0, X-CUBE-TOF1_V3.4.3]
2025-12-27 11:41:54,432 [ERROR] DbExamplesSqlite:437 - Missing JSON key: board_cpn
2025-12-27 11:41:54,432 [ERROR] DbExamplesSqlite:437 - Missing JSON key: board_cpn
2025-12-27 11:41:54,432 [ERROR] DbExamplesSqlite:437 - Missing JSON key: board_cpn
2025-12-27 11:41:54,432 [ERROR] DbExamplesSqlite:437 - Missing JSON key: board_cpn
2025-12-27 11:41:54,649 [ERROR] DbExamplesSqlite:437 - Missing JSON key: board_cpn
2025-12-27 11:41:54,649 [ERROR] DbExamplesSqlite:437 - Missing JSON key: board_cpn
2025-12-27 11:41:54,657 [INFO] DbExamplesSqlite:395 - Ignored 42 examples not supported by CubeIDE
2025-12-27 11:41:54,657 [INFO] DbExamplesSqlite:396 - Found 10883 examples active
2025-12-27 11:41:54,657 [INFO] DbExamplesSqlite:397 - Found 0 examples obsolete
2025-12-27 11:41:54,657 [INFO] DbExamplesSqlite:398 - Found 0 examples under development
2025-12-27 11:41:54,657 [INFO] DbExamplesSqlite:399 - Found 85 examples not building
2025-12-27 11:41:54,660 [INFO] DbExamples:125 - Found 10926 examples
2025-12-27 11:41:54,707 [ERROR] DbExamples:208 - Found 73 examples with invalid data (board or MCU)
2025-12-27 11:41:54,708 [INFO] DbExamples:222 - Found 134 boards with related examples
2025-12-27 11:41:54,708 [INFO] DbExamples:235 - Found 111 MCUs with related examples
2025-12-27 11:41:54,732 [INFO] ApiDb:423 - Load user favorites file C:\Users\jaowe/.stm32cubeide/favorites.examples.txt: 1 item(s)
2025-12-27 11:41:54,733 [INFO] ApiDb:427 - User favorites Examples=[STM32CUBEWB-SWX-18594]
2025-12-27 11:41:54,733 [INFO] DbExamples:250 - Set 1 / 1 favorites Examples
2025-12-27 11:41:55,437 [INFO] SoftwarePacks:127 - Download is needed for SW pack 'FP-ATR-ASTRA1_V2.0.0'
2025-12-27 11:41:55,440 [INFO] SoftwarePacks:127 - Download is needed for SW pack 'FP-SNS-FLIGHT1_V5.1.0'
2025-12-27 11:41:55,442 [INFO] SoftwarePacks:127 - Download is needed for SW pack 'FP-SNS-MOTENV1_V5.1.0'
2025-12-27 11:41:55,443 [INFO] SoftwarePacks:127 - Download is needed for SW pack 'FP-SNS-MOTENVWB1_V1.4.0'
2025-12-27 11:41:55,444 [INFO] SoftwarePacks:127 - Download is needed for SW pack 'FP-SNS-SMARTAG2_V1.2.0'
2025-12-27 11:41:55,446 [INFO] SoftwarePacks:127 - Download is needed for SW pack 'FP-SNS-STBOX1_V2.1.0'
2025-12-27 11:41:55,450 [INFO] SoftwarePacks:127 - Download is needed for SW pack 'STM32Cube_FW_C0_V1.4.0'
2025-12-27 11:41:55,454 [INFO] SoftwarePacks:127 - Download is needed for SW pack 'STM32Cube_FW_F4_V1.28.3'
2025-12-27 11:41:55,460 [INFO] SoftwarePacks:127 - Download is needed for SW pack 'STM32Cube_FW_F7_V1.17.4'
2025-12-27 11:41:55,464 [INFO] SoftwarePacks:127 - Download is needed for SW pack 'STM32Cube_FW_G0_V1.6.2'
2025-12-27 11:41:55,468 [INFO] SoftwarePacks:127 - Download is needed for SW pack 'STM32Cube_FW_G4_V1.6.1'
2025-12-27 11:41:55,473 [INFO] SoftwarePacks:127 - Download is needed for SW pack 'STM32Cube_FW_H5_V1.5.1'
2025-12-27 11:41:55,478 [INFO] SoftwarePacks:127 - Download is needed for SW pack 'STM32Cube_FW_H7RS_V1.3.0'
2025-12-27 11:41:55,482 [INFO] SoftwarePacks:127 - Download is needed for SW pack 'STM32Cube_FW_H7_V1.12.1'
2025-12-27 11:41:55,486 [INFO] SoftwarePacks:127 - Download is needed for SW pack 'STM32Cube_FW_L0_V1.12.2'
2025-12-27 11:41:55,490 [INFO] SoftwarePacks:127 - Download is needed for SW pack 'STM32Cube_FW_L4_V1.18.1'
2025-12-27 11:41:55,496 [INFO] SoftwarePacks:127 - Download is needed for SW pack 'STM32Cube_FW_L5_V1.6.0'
2025-12-27 11:41:55,501 [INFO] SoftwarePacks:127 - Download is needed for SW pack 'STM32Cube_FW_N6_V1.3.0'
2025-12-27 11:41:55,505 [INFO] SoftwarePacks:127 - Download is needed for SW pack 'STM32Cube_FW_U0_V1.3.0'
2025-12-27 11:41:55,511 [INFO] SoftwarePacks:127 - Download is needed for SW pack 'STM32Cube_FW_U3_V1.2.1'
2025-12-27 11:41:55,516 [INFO] SoftwarePacks:127 - Download is needed for SW pack 'STM32Cube_FW_U5_V1.8.0'
2025-12-27 11:41:55,522 [INFO] SoftwarePacks:127 - Download is needed for SW pack 'STM32Cube_FW_WB0_V1.4.0'
2025-12-27 11:41:55,527 [INFO] SoftwarePacks:127 - Download is needed for SW pack 'STM32Cube_FW_WBA_V1.8.0'
2025-12-27 11:41:55,531 [INFO] SoftwarePacks:131 - Found SW pack 'STM32Cube_FW_WB_V1.24.0' up-to-date on disk.
2025-12-27 11:41:55,535 [INFO] SoftwarePacks:127 - Download is needed for SW pack 'STM32Cube_FW_WL3_V1.3.0'
2025-12-27 11:41:55,540 [INFO] SoftwarePacks:127 - Download is needed for SW pack 'STM32Cube_FW_WL_V1.4.0'
2025-12-27 11:41:55,543 [INFO] SoftwarePacks:127 - Download is needed for SW pack 'X-CUBE-ALGOBUILD_V1.4.0'
2025-12-27 11:41:55,545 [INFO] SoftwarePacks:127 - Download is needed for SW pack 'X-CUBE-ALS_V1.0.2'
2025-12-27 11:41:55,546 [INFO] SoftwarePacks:127 - Download is needed for SW pack 'X-CUBE-AZRTOS-F4_V1.1.0'
2025-12-27 11:41:55,547 [INFO] SoftwarePacks:127 - Download is needed for SW pack 'X-CUBE-AZRTOS-F7_V1.1.0'
2025-12-27 11:41:55,548 [INFO] SoftwarePacks:127 - Download is needed for SW pack 'X-CUBE-AZRTOS-G0_V1.1.0'
2025-12-27 11:41:55,550 [INFO] SoftwarePacks:127 - Download is needed for SW pack 'X-CUBE-AZRTOS-G4_V2.0.0'
2025-12-27 11:41:55,552 [INFO] SoftwarePacks:127 - Download is needed for SW pack 'X-CUBE-AZRTOS-H7RS_V1.1.0'
2025-12-27 11:41:55,553 [INFO] SoftwarePacks:127 - Download is needed for SW pack 'X-CUBE-AZRTOS-H7_V3.4.0'
2025-12-27 11:41:55,554 [INFO] SoftwarePacks:127 - Download is needed for SW pack 'X-CUBE-AZRTOS-L4_V2.0.0'
2025-12-27 11:41:55,555 [INFO] SoftwarePacks:127 - Download is needed for SW pack 'X-CUBE-AZRTOS-L5_V2.0.0'
2025-12-27 11:41:55,557 [INFO] SoftwarePacks:127 - Download is needed for SW pack 'X-CUBE-AZRTOS-WB_V2.0.0'
2025-12-27 11:41:55,558 [INFO] SoftwarePacks:127 - Download is needed for SW pack 'X-CUBE-AZRTOS-WL_V2.0.0'
2025-12-27 11:41:55,560 [INFO] SoftwarePacks:127 - Download is needed for SW pack 'X-CUBE-BLE1_V7.1.0'
2025-12-27 11:41:55,561 [INFO] SoftwarePacks:127 - Download is needed for SW pack 'X-CUBE-BLE2_V3.3.0'
2025-12-27 11:41:55,562 [INFO] SoftwarePacks:127 - Download is needed for SW pack 'X-CUBE-BLEMGR_V4.1.0'
2025-12-27 11:41:55,563 [INFO] SoftwarePacks:127 - Download is needed for SW pack 'X-CUBE-EEPRMA1_V5.2.0'
2025-12-27 11:41:55,564 [INFO] SoftwarePacks:127 - Download is needed for SW pack 'X-CUBE-FREERTOS_V1.3.1'
2025-12-27 11:41:55,565 [INFO] SoftwarePacks:127 - Download is needed for SW pack 'X-CUBE-GNSS1_V6.0.0'
2025-12-27 11:41:55,566 [INFO] SoftwarePacks:127 - Download is needed for SW pack 'X-CUBE-MEMS1_V11.3.0'
2025-12-27 11:41:55,567 [INFO] SoftwarePacks:127 - Download is needed for SW pack 'X-CUBE-NFC4_V3.0.0'
2025-12-27 11:41:55,568 [INFO] SoftwarePacks:127 - Download is needed for SW pack 'X-CUBE-NFC7_V2.0.0'
2025-12-27 11:41:55,569 [INFO] SoftwarePacks:127 - Download is needed for SW pack 'X-CUBE-SFXS2LP1_V4.0.0'
2025-12-27 11:41:55,570 [INFO] SoftwarePacks:127 - Download is needed for SW pack 'X-CUBE-ST67W61_V1.1.0'
2025-12-27 11:41:55,573 [INFO] SoftwarePacks:127 - Download is needed for SW pack 'X-CUBE-SUBG2_V5.0.0'
2025-12-27 11:41:55,575 [INFO] SoftwarePacks:127 - Download is needed for SW pack 'X-CUBE-TOF1_V3.4.3'
2025-12-27 11:41:57,098 [INFO] LoadUrlFilesThread:185 - End of LoadServerUrlFiles without Thread
2025-12-27 11:41:57,099 [INFO] DetailPanel:341 - Set advertising image to C:/Users/jaowe/STM32Cube/Repository/\en.prom-st67w-expansion-board.png
2025-12-27 11:41:57,112 [ERROR] AppliInfo:139 - Unknown STM32CubeMX version: 6.15.0
2025-12-27 11:41:57,112 [ERROR] AppliInfo:139 - Unknown STM32CubeMX version: 6.15.0
2025-12-27 11:41:57,113 [ERROR] AppliInfo:139 - Unknown STM32CubeMX version: 6.15.0
2025-12-27 11:41:57,113 [ERROR] AppliInfo:139 - Unknown STM32CubeMX version: 6.15.0
2025-12-27 11:41:57,113 [ERROR] AppliInfo:139 - Unknown STM32CubeMX version: 6.15.0
2025-12-27 11:41:57,114 [ERROR] AppliInfo:139 - Unknown STM32CubeMX version: 6.15.0
2025-12-27 11:41:57,117 [ERROR] AppliInfo:139 - Unknown STM32CubeMX version: 6.14.1
2025-12-27 11:41:57,117 [ERROR] AppliInfo:139 - Unknown STM32CubeMX version: 6.14.1
2025-12-27 11:41:57,118 [ERROR] AppliInfo:139 - Unknown STM32CubeMX version: 6.14.1
2025-12-27 11:41:57,118 [ERROR] AppliInfo:139 - Unknown STM32CubeMX version: 6.14.1
2025-12-27 11:41:57,119 [ERROR] AppliInfo:139 - Unknown STM32CubeMX version: 6.14.1
2025-12-27 11:41:57,119 [ERROR] AppliInfo:139 - Unknown STM32CubeMX version: 6.14.1
2025-12-27 11:41:57,120 [ERROR] AppliInfo:139 - Unknown STM32CubeMX version: 6.14.1
2025-12-27 11:41:57,120 [ERROR] AppliInfo:139 - Unknown STM32CubeMX version: 6.14.1
2025-12-27 11:41:57,121 [ERROR] AppliInfo:139 - Unknown STM32CubeMX version: 6.14.1
2025-12-27 11:41:57,121 [ERROR] AppliInfo:139 - Unknown STM32CubeMX version: 6.14.1
2025-12-27 11:41:57,122 [ERROR] AppliInfo:139 - Unknown STM32CubeMX version: 6.14.1
2025-12-27 11:41:57,122 [ERROR] AppliInfo:139 - Unknown STM32CubeMX version: 6.14.1
2025-12-27 11:41:57,123 [ERROR] AppliInfo:139 - Unknown STM32CubeMX version: 6.14.1
2025-12-27 11:41:57,124 [ERROR] AppliInfo:139 - Unknown STM32CubeMX version: 6.14.1
2025-12-27 11:41:57,617 [ERROR] AppliInfo:139 - Unknown STM32CubeMX version: 6.16.0
2025-12-27 11:41:57,617 [ERROR] AppliInfo:139 - Unknown STM32CubeMX version: 6.16.0
2025-12-27 11:41:57,617 [ERROR] AppliInfo:139 - Unknown STM32CubeMX version: 6.16.0
2025-12-27 11:41:57,617 [ERROR] AppliInfo:139 - Unknown STM32CubeMX version: 6.16.0
2025-12-27 11:41:57,617 [ERROR] AppliInfo:139 - Unknown STM32CubeMX version: 6.16.0
2025-12-27 11:41:57,619 [ERROR] AppliInfo:139 - Unknown STM32CubeMX version: 6.15.0
2025-12-27 11:41:57,619 [ERROR] AppliInfo:139 - Unknown STM32CubeMX version: 6.15.0
2025-12-27 11:41:57,619 [ERROR] AppliInfo:139 - Unknown STM32CubeMX version: 6.15.0
2025-12-27 11:41:57,619 [ERROR] AppliInfo:139 - Unknown STM32CubeMX version: 6.15.0
2025-12-27 11:41:57,619 [ERROR] AppliInfo:139 - Unknown STM32CubeMX version: 6.15.0
2025-12-27 11:41:57,619 [ERROR] AppliInfo:139 - Unknown STM32CubeMX version: 6.15.0
2025-12-27 11:41:57,619 [ERROR] AppliInfo:139 - Unknown STM32CubeMX version: 6.15.0
2025-12-27 11:41:57,625 [ERROR] AppliInfo:139 - Unknown STM32CubeMX version: 6.15.0
2025-12-27 11:41:57,629 [ERROR] AppliInfo:139 - Unknown STM32CubeMX version: 6.16.0
2025-12-27 11:41:57,629 [ERROR] AppliInfo:139 - Unknown STM32CubeMX version: 6.16.0
2025-12-27 11:41:57,629 [ERROR] AppliInfo:139 - Unknown STM32CubeMX version: 6.16.0
2025-12-27 11:41:57,630 [ERROR] AppliInfo:139 - Unknown STM32CubeMX version: 6.16.0
2025-12-27 11:41:57,766 [ERROR] AppliInfo:139 - Unknown STM32CubeMX version: 6.16.0
2025-12-27 11:41:57,768 [ERROR] AppliInfo:139 - Unknown STM32CubeMX version: 6.16.0
2025-12-27 11:41:57,792 [ERROR] AppliInfo:139 - Unknown STM32CubeMX version: 6.16.0
2025-12-27 11:41:57,794 [ERROR] AppliInfo:139 - Unknown STM32CubeMX version: 6.16.0
2025-12-27 11:41:57,794 [ERROR] AppliInfo:139 - Unknown STM32CubeMX version: 6.16.0
2025-12-27 11:41:57,794 [ERROR] AppliInfo:139 - Unknown STM32CubeMX version: 6.16.0
2025-12-27 11:41:57,795 [ERROR] AppliInfo:139 - Unknown STM32CubeMX version: 6.16.0
2025-12-27 11:41:57,795 [ERROR] AppliInfo:139 - Unknown STM32CubeMX version: 6.16.0
2025-12-27 11:41:57,795 [ERROR] AppliInfo:139 - Unknown STM32CubeMX version: 6.16.0
2025-12-27 11:41:57,795 [ERROR] AppliInfo:139 - Unknown STM32CubeMX version: 6.16.0
2025-12-27 11:41:57,795 [ERROR] AppliInfo:139 - Unknown STM32CubeMX version: 6.16.0
2025-12-27 11:41:57,795 [ERROR] AppliInfo:139 - Unknown STM32CubeMX version: 6.16.0
2025-12-27 11:41:57,795 [ERROR] AppliInfo:139 - Unknown STM32CubeMX version: 6.16.0
2025-12-27 11:41:57,796 [ERROR] AppliInfo:139 - Unknown STM32CubeMX version: 6.15.0
2025-12-27 11:41:57,796 [ERROR] AppliInfo:139 - Unknown STM32CubeMX version: 6.16.0
2025-12-27 11:41:57,796 [ERROR] AppliInfo:139 - Unknown STM32CubeMX version: 6.15.0
2025-12-27 11:41:57,797 [ERROR] AppliInfo:139 - Unknown STM32CubeMX version: 6.16.0
2025-12-27 11:41:57,797 [ERROR] AppliInfo:139 - Unknown STM32CubeMX version: 6.16.0
2025-12-27 11:41:57,797 [ERROR] AppliInfo:139 - Unknown STM32CubeMX version: 6.15.0
2025-12-27 11:41:57,797 [ERROR] AppliInfo:139 - Unknown STM32CubeMX version: 6.15.0
2025-12-27 11:41:57,798 [ERROR] AppliInfo:139 - Unknown STM32CubeMX version: 6.16.0
2025-12-27 11:41:57,798 [ERROR] AppliInfo:139 - Unknown STM32CubeMX version: 6.16.0
2025-12-27 11:41:57,798 [ERROR] AppliInfo:139 - Unknown STM32CubeMX version: 6.16.0
2025-12-27 11:41:57,798 [ERROR] AppliInfo:139 - Unknown STM32CubeMX version: 6.16.0
2025-12-27 11:41:57,799 [ERROR] AppliInfo:139 - Unknown STM32CubeMX version: 6.15.0
2025-12-27 11:41:57,799 [ERROR] AppliInfo:139 - Unknown STM32CubeMX version: 6.15.0
2025-12-27 11:41:57,799 [ERROR] AppliInfo:139 - Unknown STM32CubeMX version: 6.15.0
2025-12-27 11:41:57,800 [ERROR] AppliInfo:139 - Unknown STM32CubeMX version: 6.15.0
2025-12-27 11:41:57,800 [ERROR] AppliInfo:139 - Unknown STM32CubeMX version: 6.15.0
2025-12-27 11:41:57,800 [ERROR] AppliInfo:139 - Unknown STM32CubeMX version: 6.15.0
2025-12-27 11:41:57,801 [ERROR] AppliInfo:139 - Unknown STM32CubeMX version: 6.16.0
2025-12-27 11:41:57,801 [ERROR] AppliInfo:139 - Unknown STM32CubeMX version: 6.16.0
2025-12-27 11:41:57,801 [ERROR] AppliInfo:139 - Unknown STM32CubeMX version: 6.16.0
2025-12-27 11:41:57,801 [ERROR] AppliInfo:139 - Unknown STM32CubeMX version: 6.16.0
2025-12-27 11:41:57,802 [ERROR] AppliInfo:139 - Unknown STM32CubeMX version: 6.16.0
2025-12-27 11:41:57,802 [ERROR] AppliInfo:139 - Unknown STM32CubeMX version: 6.16.0
2025-12-27 11:41:57,803 [ERROR] AppliInfo:139 - Unknown STM32CubeMX version: 6.16.0
2025-12-27 11:41:57,803 [ERROR] AppliInfo:139 - Unknown STM32CubeMX version: 6.16.0
2025-12-27 11:41:57,803 [ERROR] AppliInfo:139 - Unknown STM32CubeMX version: 6.15.0
2025-12-27 11:41:57,804 [ERROR] AppliInfo:139 - Unknown STM32CubeMX version: 6.15.0
2025-12-27 11:41:57,804 [ERROR] AppliInfo:139 - Unknown STM32CubeMX version: 6.16.0
2025-12-27 11:41:57,804 [ERROR] AppliInfo:139 - Unknown STM32CubeMX version: 6.16.0
2025-12-27 11:41:57,804 [ERROR] AppliInfo:139 - Unknown STM32CubeMX version: 6.16.0
2025-12-27 11:41:57,804 [ERROR] AppliInfo:139 - Unknown STM32CubeMX version: 6.15.0
2025-12-27 11:41:57,804 [ERROR] AppliInfo:139 - Unknown STM32CubeMX version: 6.15.0
2025-12-27 11:41:57,805 [ERROR] AppliInfo:139 - Unknown STM32CubeMX version: 6.15.0
2025-12-27 11:41:57,805 [ERROR] AppliInfo:139 - Unknown STM32CubeMX version: 6.16.0
2025-12-27 11:41:57,805 [ERROR] AppliInfo:139 - Unknown STM32CubeMX version: 6.16.0
2025-12-27 11:41:57,805 [ERROR] AppliInfo:139 - Unknown STM32CubeMX version: 6.16.0
2025-12-27 11:41:57,806 [ERROR] AppliInfo:139 - Unknown STM32CubeMX version: 6.16.0
2025-12-27 11:41:57,807 [ERROR] AppliInfo:139 - Unknown STM32CubeMX version: 6.16.0
2025-12-27 11:41:57,807 [ERROR] AppliInfo:139 - Unknown STM32CubeMX version: 6.16.0
2025-12-27 11:41:57,809 [ERROR] AppliInfo:139 - Unknown STM32CubeMX version: 6.16.0
2025-12-27 11:41:57,809 [ERROR] AppliInfo:139 - Unknown STM32CubeMX version: 6.16.0
2025-12-27 11:41:57,809 [ERROR] AppliInfo:139 - Unknown STM32CubeMX version: 6.16.0
2025-12-27 11:41:57,809 [ERROR] AppliInfo:139 - Unknown STM32CubeMX version: 6.16.0
2025-12-27 11:41:57,863 [ERROR] AppliInfo:139 - Unknown STM32CubeMX version: 6.15.0
2025-12-27 11:41:57,863 [ERROR] AppliInfo:139 - Unknown STM32CubeMX version: 6.15.0
2025-12-27 11:41:57,878 [ERROR] AppliInfo:139 - Unknown STM32CubeMX version: 6.15.0
2025-12-27 11:41:57,879 [ERROR] AppliInfo:139 - Unknown STM32CubeMX version: 6.15.0
2025-12-27 11:41:57,883 [ERROR] AppliInfo:139 - Unknown STM32CubeMX version: 6.15.0
2025-12-27 11:41:57,883 [ERROR] AppliInfo:139 - Unknown STM32CubeMX version: 6.15.0
2025-12-27 11:41:57,884 [ERROR] AppliInfo:139 - Unknown STM32CubeMX version: 6.15.0
2025-12-27 11:41:57,897 [ERROR] AppliInfo:139 - Unknown STM32CubeMX version: 6.15.0
2025-12-27 11:41:57,898 [ERROR] AppliInfo:139 - Unknown STM32CubeMX version: 6.15.0
2025-12-27 11:41:57,899 [ERROR] AppliInfo:139 - Unknown STM32CubeMX version: 6.16.0
2025-12-27 11:41:57,908 [ERROR] AppliInfo:139 - Unknown STM32CubeMX version: 6.16.0
2025-12-27 11:41:57,908 [ERROR] AppliInfo:139 - Unknown STM32CubeMX version: 6.16.0
2025-12-27 11:41:57,908 [ERROR] AppliInfo:139 - Unknown STM32CubeMX version: 6.16.0
2025-12-27 11:41:57,909 [ERROR] AppliInfo:139 - Unknown STM32CubeMX version: 6.16.0
2025-12-27 11:41:57,909 [ERROR] AppliInfo:139 - Unknown STM32CubeMX version: 6.16.0
2025-12-27 11:41:57,909 [ERROR] AppliInfo:139 - Unknown STM32CubeMX version: 6.16.0
2025-12-27 11:41:57,939 [ERROR] AppliInfo:139 - Unknown STM32CubeMX version: 6.12.1
2025-12-27 11:41:57,939 [ERROR] AppliInfo:139 - Unknown STM32CubeMX version: 6.16.0
2025-12-27 11:41:57,940 [ERROR] AppliInfo:139 - Unknown STM32CubeMX version: 6.16.0
2025-12-27 11:41:57,940 [ERROR] AppliInfo:139 - Unknown STM32CubeMX version: 6.16.0
2025-12-27 11:41:57,940 [ERROR] AppliInfo:139 - Unknown STM32CubeMX version: 6.16.0
2025-12-27 11:41:57,940 [ERROR] AppliInfo:139 - Unknown STM32CubeMX version: 6.16.0
2025-12-27 11:41:57,940 [ERROR] AppliInfo:139 - Unknown STM32CubeMX version: 6.16.0
2025-12-27 11:41:57,941 [ERROR] AppliInfo:139 - Unknown STM32CubeMX version: 6.16.0
2025-12-27 11:41:57,941 [ERROR] AppliInfo:139 - Unknown STM32CubeMX version: 6.16.0
2025-12-27 11:41:57,941 [ERROR] AppliInfo:139 - Unknown STM32CubeMX version: 6.16.0
2025-12-27 11:41:57,941 [ERROR] AppliInfo:139 - Unknown STM32CubeMX version: 6.16.0
2025-12-27 11:41:57,941 [ERROR] AppliInfo:139 - Unknown STM32CubeMX version: 6.16.0
2025-12-27 11:41:57,941 [ERROR] AppliInfo:139 - Unknown STM32CubeMX version: 6.16.0
2025-12-27 11:41:57,941 [ERROR] AppliInfo:139 - Unknown STM32CubeMX version: 6.16.0
2025-12-27 11:41:57,942 [ERROR] AppliInfo:139 - Unknown STM32CubeMX version: 6.16.0
2025-12-27 11:41:57,942 [ERROR] AppliInfo:139 - Unknown STM32CubeMX version: 6.16.0
2025-12-27 11:41:57,942 [ERROR] AppliInfo:139 - Unknown STM32CubeMX version: 6.16.0
2025-12-27 11:41:57,942 [ERROR] AppliInfo:139 - Unknown STM32CubeMX version: 6.16.0
2025-12-27 11:41:57,942 [ERROR] AppliInfo:139 - Unknown STM32CubeMX version: 6.16.0
2025-12-27 11:41:57,942 [ERROR] AppliInfo:139 - Unknown STM32CubeMX version: 6.16.0
2025-12-27 11:41:57,942 [ERROR] AppliInfo:139 - Unknown STM32CubeMX version: 6.16.0
2025-12-27 11:41:57,943 [ERROR] AppliInfo:139 - Unknown STM32CubeMX version: 6.16.0
2025-12-27 11:41:57,954 [ERROR] AppliInfo:139 - Unknown STM32CubeMX version: 6.16.0
2025-12-27 11:41:57,954 [ERROR] AppliInfo:139 - Unknown STM32CubeMX version: 6.16.0
2025-12-27 11:41:57,954 [ERROR] AppliInfo:139 - Unknown STM32CubeMX version: 6.16.0
2025-12-27 11:41:57,954 [ERROR] AppliInfo:139 - Unknown STM32CubeMX version: 6.16.0
2025-12-27 11:41:57,954 [ERROR] AppliInfo:139 - Unknown STM32CubeMX version: 6.16.0
2025-12-27 11:41:57,955 [ERROR] AppliInfo:139 - Unknown STM32CubeMX version: 6.16.0
2025-12-27 11:41:57,955 [ERROR] AppliInfo:139 - Unknown STM32CubeMX version: 6.16.0
2025-12-27 11:41:57,955 [ERROR] AppliInfo:139 - Unknown STM32CubeMX version: 6.16.0
2025-12-27 11:41:57,955 [ERROR] AppliInfo:139 - Unknown STM32CubeMX version: 6.16.0
2025-12-27 11:41:57,955 [ERROR] AppliInfo:139 - Unknown STM32CubeMX version: 6.16.0
2025-12-27 11:41:57,955 [ERROR] AppliInfo:139 - Unknown STM32CubeMX version: 6.16.0
2025-12-27 11:41:57,955 [ERROR] AppliInfo:139 - Unknown STM32CubeMX version: 6.16.0
2025-12-27 11:41:57,956 [ERROR] AppliInfo:139 - Unknown STM32CubeMX version: 6.16.0
2025-12-27 11:41:57,957 [ERROR] AppliInfo:139 - Unknown STM32CubeMX version: 6.16.0
2025-12-27 11:41:57,957 [ERROR] AppliInfo:139 - Unknown STM32CubeMX version: 6.16.0
2025-12-27 11:41:57,957 [ERROR] AppliInfo:139 - Unknown STM32CubeMX version: 6.16.0
2025-12-27 11:41:57,957 [ERROR] AppliInfo:139 - Unknown STM32CubeMX version: 6.16.0
2025-12-27 11:41:57,957 [ERROR] AppliInfo:139 - Unknown STM32CubeMX version: 6.16.0
2025-12-27 11:41:57,957 [ERROR] AppliInfo:139 - Unknown STM32CubeMX version: 6.16.0
2025-12-27 11:41:57,957 [ERROR] AppliInfo:139 - Unknown STM32CubeMX version: 6.16.0
2025-12-27 11:41:57,958 [ERROR] AppliInfo:139 - Unknown STM32CubeMX version: 6.16.0
2025-12-27 11:41:57,961 [ERROR] AppliInfo:139 - Unknown STM32CubeMX version: 6.16.0
2025-12-27 11:41:57,961 [ERROR] AppliInfo:139 - Unknown STM32CubeMX version: 6.16.0
2025-12-27 11:41:57,961 [ERROR] AppliInfo:139 - Unknown STM32CubeMX version: 6.16.0
2025-12-27 11:41:57,962 [ERROR] AppliInfo:139 - Unknown STM32CubeMX version: 6.16.0
2025-12-27 11:41:57,962 [ERROR] AppliInfo:139 - Unknown STM32CubeMX version: 6.16.0
2025-12-27 11:41:57,962 [ERROR] AppliInfo:139 - Unknown STM32CubeMX version: 6.16.0
2025-12-27 11:41:57,962 [ERROR] AppliInfo:139 - Unknown STM32CubeMX version: 6.16.0
2025-12-27 11:41:57,962 [ERROR] AppliInfo:139 - Unknown STM32CubeMX version: 6.16.0
2025-12-27 11:41:57,962 [ERROR] AppliInfo:139 - Unknown STM32CubeMX version: 6.16.0
2025-12-27 11:41:57,962 [ERROR] AppliInfo:139 - Unknown STM32CubeMX version: 6.16.0
2025-12-27 11:41:57,962 [ERROR] AppliInfo:139 - Unknown STM32CubeMX version: 6.16.0
2025-12-27 11:41:57,962 [ERROR] AppliInfo:139 - Unknown STM32CubeMX version: 6.16.0
2025-12-27 11:41:57,963 [ERROR] AppliInfo:139 - Unknown STM32CubeMX version: 6.16.0
2025-12-27 11:41:57,963 [ERROR] AppliInfo:139 - Unknown STM32CubeMX version: 6.16.0
2025-12-27 11:41:57,963 [ERROR] AppliInfo:139 - Unknown STM32CubeMX version: 6.16.0
2025-12-27 11:41:57,963 [ERROR] AppliInfo:139 - Unknown STM32CubeMX version: 6.16.0
2025-12-27 11:41:57,963 [ERROR] AppliInfo:139 - Unknown STM32CubeMX version: 6.16.0
2025-12-27 11:41:57,963 [ERROR] AppliInfo:139 - Unknown STM32CubeMX version: 6.16.0
2025-12-27 11:41:57,963 [ERROR] AppliInfo:139 - Unknown STM32CubeMX version: 6.16.0
2025-12-27 11:41:57,963 [ERROR] AppliInfo:139 - Unknown STM32CubeMX version: 6.16.0
2025-12-27 11:41:57,963 [ERROR] AppliInfo:139 - Unknown STM32CubeMX version: 6.16.0
2025-12-27 11:41:57,969 [ERROR] AppliInfo:139 - Unknown STM32CubeMX version: 6.16.0
2025-12-27 11:41:57,969 [ERROR] AppliInfo:139 - Unknown STM32CubeMX version: 6.16.0
2025-12-27 11:41:57,969 [ERROR] AppliInfo:139 - Unknown STM32CubeMX version: 6.16.0
2025-12-27 11:41:57,970 [ERROR] AppliInfo:139 - Unknown STM32CubeMX version: 6.16.0
2025-12-27 11:41:57,970 [ERROR] AppliInfo:139 - Unknown STM32CubeMX version: 6.16.0
2025-12-27 11:41:57,970 [ERROR] AppliInfo:139 - Unknown STM32CubeMX version: 6.16.0
2025-12-27 11:41:57,970 [ERROR] AppliInfo:139 - Unknown STM32CubeMX version: 6.16.0
2025-12-27 11:41:57,970 [ERROR] AppliInfo:139 - Unknown STM32CubeMX version: 6.16.0
2025-12-27 11:41:57,970 [ERROR] AppliInfo:139 - Unknown STM32CubeMX version: 6.16.0
2025-12-27 11:41:57,971 [ERROR] AppliInfo:139 - Unknown STM32CubeMX version: 6.16.0
2025-12-27 11:41:57,971 [ERROR] AppliInfo:139 - Unknown STM32CubeMX version: 6.16.0
2025-12-27 11:41:57,971 [ERROR] AppliInfo:139 - Unknown STM32CubeMX version: 6.16.0
2025-12-27 11:41:57,971 [ERROR] AppliInfo:139 - Unknown STM32CubeMX version: 6.16.0
2025-12-27 11:41:57,971 [ERROR] AppliInfo:139 - Unknown STM32CubeMX version: 6.16.0
2025-12-27 11:41:57,971 [ERROR] AppliInfo:139 - Unknown STM32CubeMX version: 6.16.0
2025-12-27 11:41:57,972 [ERROR] AppliInfo:139 - Unknown STM32CubeMX version: 6.16.0
2025-12-27 11:41:57,972 [ERROR] AppliInfo:139 - Unknown STM32CubeMX version: 6.16.0
2025-12-27 11:41:57,972 [ERROR] AppliInfo:139 - Unknown STM32CubeMX version: 6.16.0
2025-12-27 11:41:57,973 [ERROR] AppliInfo:139 - Unknown STM32CubeMX version: 6.16.0
2025-12-27 11:41:57,973 [ERROR] AppliInfo:139 - Unknown STM32CubeMX version: 6.16.0
2025-12-27 11:41:57,973 [ERROR] AppliInfo:139 - Unknown STM32CubeMX version: 6.16.0
2025-12-27 11:41:57,973 [ERROR] AppliInfo:139 - Unknown STM32CubeMX version: 6.16.0
2025-12-27 11:41:57,973 [ERROR] AppliInfo:139 - Unknown STM32CubeMX version: 6.16.0
2025-12-27 11:41:57,974 [ERROR] AppliInfo:139 - Unknown STM32CubeMX version: 6.16.0
2025-12-27 11:41:57,974 [ERROR] AppliInfo:139 - Unknown STM32CubeMX version: 6.16.0
2025-12-27 11:41:57,974 [ERROR] AppliInfo:139 - Unknown STM32CubeMX version: 6.16.0
2025-12-27 11:41:57,974 [ERROR] AppliInfo:139 - Unknown STM32CubeMX version: 6.16.0
2025-12-27 11:41:57,975 [ERROR] AppliInfo:139 - Unknown STM32CubeMX version: 6.16.0
2025-12-27 11:41:57,975 [ERROR] AppliInfo:139 - Unknown STM32CubeMX version: 6.16.0
2025-12-27 11:41:57,975 [ERROR] AppliInfo:139 - Unknown STM32CubeMX version: 6.16.0
2025-12-27 11:41:57,975 [ERROR] AppliInfo:139 - Unknown STM32CubeMX version: 6.16.0
2025-12-27 11:41:57,975 [ERROR] AppliInfo:139 - Unknown STM32CubeMX version: 6.16.0
2025-12-27 11:41:57,975 [ERROR] AppliInfo:139 - Unknown STM32CubeMX version: 6.16.0
2025-12-27 11:41:57,975 [ERROR] AppliInfo:139 - Unknown STM32CubeMX version: 6.16.0
2025-12-27 11:41:57,975 [ERROR] AppliInfo:139 - Unknown STM32CubeMX version: 6.16.0
2025-12-27 11:41:57,975 [ERROR] AppliInfo:139 - Unknown STM32CubeMX version: 6.16.0
2025-12-27 11:41:57,976 [ERROR] AppliInfo:139 - Unknown STM32CubeMX version: 6.16.0
2025-12-27 11:41:57,976 [ERROR] AppliInfo:139 - Unknown STM32CubeMX version: 6.16.0
2025-12-27 11:41:57,976 [ERROR] AppliInfo:139 - Unknown STM32CubeMX version: 6.16.0
2025-12-27 11:41:57,976 [ERROR] AppliInfo:139 - Unknown STM32CubeMX version: 6.16.0
2025-12-27 11:41:57,976 [ERROR] AppliInfo:139 - Unknown STM32CubeMX version: 6.16.0
2025-12-27 11:41:57,976 [ERROR] AppliInfo:139 - Unknown STM32CubeMX version: 6.16.0
2025-12-27 11:41:57,977 [ERROR] AppliInfo:139 - Unknown STM32CubeMX version: 6.16.0
2025-12-27 11:41:57,977 [ERROR] AppliInfo:139 - Unknown STM32CubeMX version: 6.16.0
2025-12-27 11:41:57,977 [ERROR] AppliInfo:139 - Unknown STM32CubeMX version: 6.16.0
2025-12-27 11:41:57,977 [ERROR] AppliInfo:139 - Unknown STM32CubeMX version: 6.16.0
2025-12-27 11:41:57,978 [ERROR] AppliInfo:139 - Unknown STM32CubeMX version: 6.16.0
2025-12-27 11:41:57,978 [ERROR] AppliInfo:139 - Unknown STM32CubeMX version: 6.15.0
2025-12-27 11:41:57,979 [ERROR] AppliInfo:139 - Unknown STM32CubeMX version: 6.16.0
2025-12-27 11:41:57,979 [ERROR] AppliInfo:139 - Unknown STM32CubeMX version: 6.16.0
2025-12-27 11:41:57,979 [ERROR] AppliInfo:139 - Unknown STM32CubeMX version: 6.16.0
2025-12-27 11:41:57,979 [ERROR] AppliInfo:139 - Unknown STM32CubeMX version: 6.16.0
2025-12-27 11:41:57,979 [ERROR] AppliInfo:139 - Unknown STM32CubeMX version: 6.16.0
2025-12-27 11:41:57,979 [ERROR] AppliInfo:139 - Unknown STM32CubeMX version: 6.16.0
2025-12-27 11:41:57,979 [ERROR] AppliInfo:139 - Unknown STM32CubeMX version: 6.16.0
2025-12-27 11:41:57,979 [ERROR] AppliInfo:139 - Unknown STM32CubeMX version: 6.16.0
2025-12-27 11:41:57,979 [ERROR] AppliInfo:139 - Unknown STM32CubeMX version: 6.16.0
2025-12-27 11:41:57,979 [ERROR] AppliInfo:139 - Unknown STM32CubeMX version: 6.15.0
2025-12-27 11:41:57,979 [ERROR] AppliInfo:139 - Unknown STM32CubeMX version: 6.16.0
2025-12-27 11:41:57,980 [ERROR] AppliInfo:139 - Unknown STM32CubeMX version: 6.16.0
2025-12-27 11:41:57,980 [ERROR] AppliInfo:139 - Unknown STM32CubeMX version: 6.15.0
2025-12-27 11:41:57,980 [ERROR] AppliInfo:139 - Unknown STM32CubeMX version: 6.16.0
2025-12-27 11:41:57,980 [ERROR] AppliInfo:139 - Unknown STM32CubeMX version: 6.16.0
2025-12-27 11:41:57,980 [ERROR] AppliInfo:139 - Unknown STM32CubeMX version: 6.15.0
2025-12-27 11:41:57,980 [ERROR] AppliInfo:139 - Unknown STM32CubeMX version: 6.15.0
2025-12-27 11:41:57,980 [ERROR] AppliInfo:139 - Unknown STM32CubeMX version: 6.16.0
2025-12-27 11:41:57,980 [ERROR] AppliInfo:139 - Unknown STM32CubeMX version: 6.16.0
2025-12-27 11:41:57,980 [ERROR] AppliInfo:139 - Unknown STM32CubeMX version: 6.16.0
2025-12-27 11:41:57,981 [ERROR] AppliInfo:139 - Unknown STM32CubeMX version: 6.16.0
2025-12-27 11:41:57,981 [ERROR] AppliInfo:139 - Unknown STM32CubeMX version: 6.16.0
2025-12-27 11:41:57,981 [ERROR] AppliInfo:139 - Unknown STM32CubeMX version: 6.16.0
2025-12-27 11:41:57,986 [ERROR] AppliInfo:139 - Unknown STM32CubeMX version: 6.16.0
2025-12-27 11:41:57,987 [ERROR] AppliInfo:139 - Unknown STM32CubeMX version: 6.16.0
2025-12-27 11:41:57,997 [ERROR] AppliInfo:139 - Unknown STM32CubeMX version: 6.16.0
2025-12-27 11:41:57,997 [ERROR] AppliInfo:139 - Unknown STM32CubeMX version: 6.16.0
2025-12-27 11:41:57,998 [ERROR] AppliInfo:139 - Unknown STM32CubeMX version: 6.16.0
2025-12-27 11:41:57,998 [ERROR] AppliInfo:139 - Unknown STM32CubeMX version: 6.16.0
2025-12-27 11:41:57,998 [ERROR] AppliInfo:139 - Unknown STM32CubeMX version: 6.16.0
2025-12-27 11:41:57,998 [ERROR] AppliInfo:139 - Unknown STM32CubeMX version: 6.16.0
2025-12-27 11:41:57,999 [ERROR] AppliInfo:139 - Unknown STM32CubeMX version: 6.16.0
2025-12-27 11:41:57,999 [ERROR] AppliInfo:139 - Unknown STM32CubeMX version: 6.16.0
2025-12-27 11:41:57,999 [ERROR] AppliInfo:139 - Unknown STM32CubeMX version: 6.16.0
2025-12-27 11:41:57,999 [ERROR] AppliInfo:139 - Unknown STM32CubeMX version: 6.16.0
2025-12-27 11:41:58,000 [ERROR] AppliInfo:139 - Unknown STM32CubeMX version: 6.15.0
2025-12-27 11:41:58,000 [ERROR] AppliInfo:139 - Unknown STM32CubeMX version: 6.15.0
2025-12-27 11:41:58,000 [ERROR] AppliInfo:139 - Unknown STM32CubeMX version: 6.15.0
2025-12-27 11:41:58,000 [ERROR] AppliInfo:139 - Unknown STM32CubeMX version: 6.15.0
2025-12-27 11:41:58,002 [ERROR] AppliInfo:139 - Unknown STM32CubeMX version: 6.15.0
2025-12-27 11:41:58,002 [ERROR] AppliInfo:139 - Unknown STM32CubeMX version: 6.16.0
2025-12-27 11:41:58,002 [ERROR] AppliInfo:139 - Unknown STM32CubeMX version: 6.16.0
2025-12-27 11:41:58,002 [ERROR] AppliInfo:139 - Unknown STM32CubeMX version: 6.16.0
2025-12-27 11:41:58,002 [ERROR] AppliInfo:139 - Unknown STM32CubeMX version: 6.16.0
2025-12-27 11:41:58,002 [ERROR] AppliInfo:139 - Unknown STM32CubeMX version: 6.16.0
2025-12-27 11:41:58,009 [ERROR] AppliInfo:139 - Unknown STM32CubeMX version: 6.16.0
2025-12-27 11:41:58,009 [ERROR] AppliInfo:139 - Unknown STM32CubeMX version: 6.16.0
2025-12-27 11:41:58,009 [ERROR] AppliInfo:139 - Unknown STM32CubeMX version: 6.16.0
2025-12-27 11:41:58,009 [ERROR] AppliInfo:139 - Unknown STM32CubeMX version: 6.16.0
2025-12-27 11:41:58,010 [ERROR] AppliInfo:139 - Unknown STM32CubeMX version: 6.16.0
2025-12-27 11:41:58,010 [ERROR] AppliInfo:139 - Unknown STM32CubeMX version: 6.16.0
2025-12-27 11:41:58,010 [ERROR] AppliInfo:139 - Unknown STM32CubeMX version: 6.16.0
2025-12-27 11:41:58,010 [ERROR] AppliInfo:139 - Unknown STM32CubeMX version: 6.16.0
2025-12-27 11:41:58,010 [ERROR] AppliInfo:139 - Unknown STM32CubeMX version: 6.16.0
2025-12-27 11:41:58,010 [ERROR] AppliInfo:139 - Unknown STM32CubeMX version: 6.16.0
2025-12-27 11:41:58,010 [ERROR] AppliInfo:139 - Unknown STM32CubeMX version: 6.16.0
2025-12-27 11:41:58,011 [ERROR] AppliInfo:139 - Unknown STM32CubeMX version: 6.16.0
2025-12-27 11:41:58,011 [ERROR] AppliInfo:139 - Unknown STM32CubeMX version: 6.16.0
2025-12-27 11:41:58,011 [ERROR] AppliInfo:139 - Unknown STM32CubeMX version: 6.16.0
2025-12-27 11:41:58,011 [ERROR] AppliInfo:139 - Unknown STM32CubeMX version: 6.16.0
2025-12-27 11:41:58,011 [ERROR] AppliInfo:139 - Unknown STM32CubeMX version: 6.16.0
2025-12-27 11:41:58,012 [ERROR] AppliInfo:139 - Unknown STM32CubeMX version: 6.16.0
2025-12-27 11:41:58,012 [ERROR] AppliInfo:139 - Unknown STM32CubeMX version: 6.16.0
2025-12-27 11:41:58,012 [ERROR] AppliInfo:139 - Unknown STM32CubeMX version: 6.16.0
2025-12-27 11:41:58,012 [ERROR] AppliInfo:139 - Unknown STM32CubeMX version: 6.16.0
2025-12-27 11:41:58,012 [ERROR] AppliInfo:139 - Unknown STM32CubeMX version: 6.16.0
2025-12-27 11:41:58,012 [ERROR] AppliInfo:139 - Unknown STM32CubeMX version: 6.16.0
2025-12-27 11:41:58,012 [ERROR] AppliInfo:139 - Unknown STM32CubeMX version: 6.16.0
2025-12-27 11:41:58,013 [ERROR] AppliInfo:139 - Unknown STM32CubeMX version: 6.16.0
2025-12-27 11:41:58,013 [ERROR] AppliInfo:139 - Unknown STM32CubeMX version: 6.16.0
2025-12-27 11:41:58,014 [ERROR] AppliInfo:139 - Unknown STM32CubeMX version: 6.15.0
2025-12-27 11:41:58,014 [ERROR] AppliInfo:139 - Unknown STM32CubeMX version: 6.15.0
2025-12-27 11:41:58,014 [ERROR] AppliInfo:139 - Unknown STM32CubeMX version: 6.15.0
2025-12-27 11:41:58,014 [ERROR] AppliInfo:139 - Unknown STM32CubeMX version: 6.15.0
2025-12-27 11:41:58,015 [ERROR] AppliInfo:139 - Unknown STM32CubeMX version: 6.16.0
2025-12-27 11:41:58,015 [ERROR] AppliInfo:139 - Unknown STM32CubeMX version: 6.16.0
2025-12-27 11:41:58,015 [ERROR] AppliInfo:139 - Unknown STM32CubeMX version: 6.16.0
2025-12-27 11:41:58,015 [ERROR] AppliInfo:139 - Unknown STM32CubeMX version: 6.16.0
2025-12-27 11:41:58,015 [ERROR] AppliInfo:139 - Unknown STM32CubeMX version: 6.16.0
2025-12-27 11:41:58,015 [ERROR] AppliInfo:139 - Unknown STM32CubeMX version: 6.16.0
2025-12-27 11:41:58,015 [ERROR] AppliInfo:139 - Unknown STM32CubeMX version: 6.16.0
2025-12-27 11:41:58,016 [ERROR] AppliInfo:139 - Unknown STM32CubeMX version: 6.16.0
2025-12-27 11:41:58,016 [ERROR] AppliInfo:139 - Unknown STM32CubeMX version: 6.16.0
2025-12-27 11:41:58,016 [ERROR] AppliInfo:139 - Unknown STM32CubeMX version: 6.16.0
2025-12-27 11:41:58,016 [ERROR] AppliInfo:139 - Unknown STM32CubeMX version: 6.16.0
2025-12-27 11:41:58,016 [ERROR] AppliInfo:139 - Unknown STM32CubeMX version: 6.16.0
2025-12-27 11:41:58,016 [ERROR] AppliInfo:139 - Unknown STM32CubeMX version: 6.16.0
2025-12-27 11:41:58,016 [ERROR] AppliInfo:139 - Unknown STM32CubeMX version: 6.16.0
2025-12-27 11:41:58,017 [ERROR] AppliInfo:139 - Unknown STM32CubeMX version: 6.16.0
2025-12-27 11:41:58,017 [ERROR] AppliInfo:139 - Unknown STM32CubeMX version: 6.16.0
2025-12-27 11:41:58,017 [ERROR] AppliInfo:139 - Unknown STM32CubeMX version: 6.16.0
2025-12-27 11:41:58,017 [ERROR] AppliInfo:139 - Unknown STM32CubeMX version: 6.16.0
2025-12-27 11:41:58,017 [ERROR] AppliInfo:139 - Unknown STM32CubeMX version: 6.16.0
2025-12-27 11:41:58,017 [ERROR] AppliInfo:139 - Unknown STM32CubeMX version: 6.16.0
2025-12-27 11:41:58,017 [ERROR] AppliInfo:139 - Unknown STM32CubeMX version: 6.16.0
2025-12-27 11:41:58,018 [ERROR] AppliInfo:139 - Unknown STM32CubeMX version: 6.16.0
2025-12-27 11:41:58,018 [ERROR] AppliInfo:139 - Unknown STM32CubeMX version: 6.15.0
2025-12-27 11:41:58,018 [ERROR] AppliInfo:139 - Unknown STM32CubeMX version: 6.16.0
2025-12-27 11:41:58,018 [ERROR] AppliInfo:139 - Unknown STM32CubeMX version: 6.16.0
2025-12-27 11:41:58,018 [ERROR] AppliInfo:139 - Unknown STM32CubeMX version: 6.16.0
2025-12-27 11:41:58,018 [ERROR] AppliInfo:139 - Unknown STM32CubeMX version: 6.16.0
2025-12-27 11:41:58,019 [ERROR] AppliInfo:139 - Unknown STM32CubeMX version: 6.16.0
2025-12-27 11:41:58,019 [ERROR] AppliInfo:139 - Unknown STM32CubeMX version: 6.15.0
2025-12-27 11:41:58,019 [ERROR] AppliInfo:139 - Unknown STM32CubeMX version: 6.16.0
2025-12-27 11:41:58,019 [ERROR] AppliInfo:139 - Unknown STM32CubeMX version: 6.16.0
2025-12-27 11:41:58,019 [ERROR] AppliInfo:139 - Unknown STM32CubeMX version: 6.16.0
2025-12-27 11:41:58,019 [ERROR] AppliInfo:139 - Unknown STM32CubeMX version: 6.16.0
2025-12-27 11:41:58,019 [ERROR] AppliInfo:139 - Unknown STM32CubeMX version: 6.15.0
2025-12-27 11:41:58,020 [ERROR] AppliInfo:139 - Unknown STM32CubeMX version: 6.16.0
2025-12-27 11:41:58,020 [ERROR] AppliInfo:139 - Unknown STM32CubeMX version: 6.16.0
2025-12-27 11:41:58,020 [ERROR] AppliInfo:139 - Unknown STM32CubeMX version: 6.15.0
2025-12-27 11:41:58,020 [ERROR] AppliInfo:139 - Unknown STM32CubeMX version: 6.16.0
2025-12-27 11:41:58,020 [ERROR] AppliInfo:139 - Unknown STM32CubeMX version: 6.15.0
2025-12-27 11:41:58,020 [ERROR] AppliInfo:139 - Unknown STM32CubeMX version: 6.16.0
2025-12-27 11:41:58,020 [ERROR] AppliInfo:139 - Unknown STM32CubeMX version: 6.16.0
2025-12-27 11:41:58,020 [ERROR] AppliInfo:139 - Unknown STM32CubeMX version: 6.16.0
2025-12-27 11:41:58,021 [ERROR] AppliInfo:139 - Unknown STM32CubeMX version: 6.16.0
2025-12-27 11:41:58,021 [ERROR] AppliInfo:139 - Unknown STM32CubeMX version: 6.16.0
2025-12-27 11:41:58,021 [ERROR] AppliInfo:139 - Unknown STM32CubeMX version: 6.15.0
2025-12-27 11:41:58,021 [ERROR] AppliInfo:139 - Unknown STM32CubeMX version: 6.15.0
2025-12-27 11:41:58,021 [ERROR] AppliInfo:139 - Unknown STM32CubeMX version: 6.16.0
2025-12-27 11:41:58,021 [ERROR] AppliInfo:139 - Unknown STM32CubeMX version: 6.16.0
2025-12-27 11:41:58,022 [ERROR] AppliInfo:139 - Unknown STM32CubeMX version: 6.16.0
2025-12-27 11:41:58,022 [ERROR] AppliInfo:139 - Unknown STM32CubeMX version: 6.16.0
2025-12-27 11:41:58,022 [ERROR] AppliInfo:139 - Unknown STM32CubeMX version: 6.16.0
2025-12-27 11:41:58,023 [ERROR] AppliInfo:139 - Unknown STM32CubeMX version: 6.16.0
2025-12-27 11:41:58,023 [ERROR] AppliInfo:139 - Unknown STM32CubeMX version: 6.16.0
2025-12-27 11:41:58,023 [ERROR] AppliInfo:139 - Unknown STM32CubeMX version: 6.16.0
2025-12-27 11:41:58,023 [ERROR] AppliInfo:139 - Unknown STM32CubeMX version: 6.16.0
2025-12-27 11:41:58,023 [ERROR] AppliInfo:139 - Unknown STM32CubeMX version: 6.16.0
2025-12-27 11:41:58,023 [ERROR] AppliInfo:139 - Unknown STM32CubeMX version: 6.16.0
2025-12-27 11:41:58,023 [ERROR] AppliInfo:139 - Unknown STM32CubeMX version: 6.16.0
2025-12-27 11:41:58,024 [ERROR] AppliInfo:139 - Unknown STM32CubeMX version: 6.16.0
2025-12-27 11:41:58,024 [ERROR] AppliInfo:139 - Unknown STM32CubeMX version: 6.16.0
2025-12-27 11:41:58,024 [ERROR] AppliInfo:139 - Unknown STM32CubeMX version: 6.16.0
2025-12-27 11:41:58,024 [ERROR] AppliInfo:139 - Unknown STM32CubeMX version: 6.16.0
2025-12-27 11:41:58,024 [ERROR] AppliInfo:139 - Unknown STM32CubeMX version: 6.16.0
2025-12-27 11:41:58,024 [ERROR] AppliInfo:139 - Unknown STM32CubeMX version: 6.16.0
2025-12-27 11:41:58,054 [ERROR] AppliInfo:139 - Unknown STM32CubeMX version: 6.16.0
2025-12-27 11:41:58,054 [ERROR] AppliInfo:139 - Unknown STM32CubeMX version: 6.16.0
2025-12-27 11:41:58,055 [ERROR] AppliInfo:139 - Unknown STM32CubeMX version: 6.16.0
2025-12-27 11:41:58,055 [ERROR] AppliInfo:139 - Unknown STM32CubeMX version: 6.16.0
2025-12-27 11:41:58,055 [ERROR] AppliInfo:139 - Unknown STM32CubeMX version: 6.16.0
2025-12-27 11:41:58,055 [ERROR] AppliInfo:139 - Unknown STM32CubeMX version: 6.16.0
2025-12-27 11:41:58,055 [ERROR] AppliInfo:139 - Unknown STM32CubeMX version: 6.16.0
2025-12-27 11:41:58,056 [ERROR] AppliInfo:139 - Unknown STM32CubeMX version: 6.16.0
2025-12-27 11:41:58,057 [ERROR] AppliInfo:139 - Unknown STM32CubeMX version: 6.16.0
2025-12-27 11:41:58,057 [ERROR] AppliInfo:139 - Unknown STM32CubeMX version: 6.16.0
2025-12-27 11:41:58,060 [ERROR] AppliInfo:139 - Unknown STM32CubeMX version: 6.16.0
2025-12-27 11:41:58,060 [ERROR] AppliInfo:139 - Unknown STM32CubeMX version: 6.16.0
2025-12-27 11:41:58,061 [ERROR] AppliInfo:139 - Unknown STM32CubeMX version: 6.16.0
2025-12-27 11:41:58,061 [ERROR] AppliInfo:139 - Unknown STM32CubeMX version: 6.16.0
2025-12-27 11:41:58,061 [ERROR] AppliInfo:139 - Unknown STM32CubeMX version: 6.16.0
2025-12-27 11:41:58,061 [ERROR] AppliInfo:139 - Unknown STM32CubeMX version: 6.16.0
2025-12-27 11:41:58,061 [ERROR] AppliInfo:139 - Unknown STM32CubeMX version: 6.16.0
2025-12-27 11:41:58,061 [ERROR] AppliInfo:139 - Unknown STM32CubeMX version: 6.16.0
2025-12-27 11:41:58,061 [ERROR] AppliInfo:139 - Unknown STM32CubeMX version: 6.16.0
2025-12-27 11:41:58,061 [ERROR] AppliInfo:139 - Unknown STM32CubeMX version: 6.16.0
2025-12-27 11:41:58,062 [ERROR] AppliInfo:139 - Unknown STM32CubeMX version: 6.16.0
2025-12-27 11:41:58,062 [ERROR] AppliInfo:139 - Unknown STM32CubeMX version: 6.16.0
2025-12-27 11:41:58,062 [ERROR] AppliInfo:139 - Unknown STM32CubeMX version: 6.16.0
2025-12-27 11:41:58,062 [ERROR] AppliInfo:139 - Unknown STM32CubeMX version: 6.16.0
2025-12-27 11:41:58,063 [ERROR] AppliInfo:139 - Unknown STM32CubeMX version: 6.16.0
2025-12-27 11:41:58,063 [ERROR] AppliInfo:139 - Unknown STM32CubeMX version: 6.16.0
2025-12-27 11:41:58,063 [ERROR] AppliInfo:139 - Unknown STM32CubeMX version: 6.16.0
2025-12-27 11:41:58,064 [ERROR] AppliInfo:139 - Unknown STM32CubeMX version: 6.16.0
2025-12-27 11:41:58,064 [ERROR] AppliInfo:139 - Unknown STM32CubeMX version: 6.16.0
2025-12-27 11:41:58,064 [ERROR] AppliInfo:139 - Unknown STM32CubeMX version: 6.16.0
2025-12-27 11:41:58,064 [ERROR] AppliInfo:139 - Unknown STM32CubeMX version: 6.16.0
2025-12-27 11:41:58,065 [ERROR] AppliInfo:139 - Unknown STM32CubeMX version: 6.16.0
2025-12-27 11:41:58,065 [ERROR] AppliInfo:139 - Unknown STM32CubeMX version: 6.16.0
2025-12-27 11:41:58,065 [ERROR] AppliInfo:139 - Unknown STM32CubeMX version: 6.15.0
2025-12-27 11:41:58,065 [ERROR] AppliInfo:139 - Unknown STM32CubeMX version: 6.15.0
2025-12-27 11:41:58,065 [ERROR] AppliInfo:139 - Unknown STM32CubeMX version: 6.15.0
2025-12-27 11:41:58,065 [ERROR] AppliInfo:139 - Unknown STM32CubeMX version: 6.15.0
2025-12-27 11:41:58,066 [ERROR] AppliInfo:139 - Unknown STM32CubeMX version: 6.15.0
2025-12-27 11:41:58,066 [ERROR] AppliInfo:139 - Unknown STM32CubeMX version: 6.16.0
2025-12-27 11:41:58,066 [ERROR] AppliInfo:139 - Unknown STM32CubeMX version: 6.16.0
2025-12-27 11:41:58,066 [ERROR] AppliInfo:139 - Unknown STM32CubeMX version: 6.16.0
2025-12-27 11:41:58,066 [ERROR] AppliInfo:139 - Unknown STM32CubeMX version: 6.16.0
2025-12-27 11:41:58,067 [ERROR] AppliInfo:139 - Unknown STM32CubeMX version: 6.16.0
2025-12-27 11:41:58,067 [ERROR] AppliInfo:139 - Unknown STM32CubeMX version: 6.16.0
2025-12-27 11:41:58,067 [ERROR] AppliInfo:139 - Unknown STM32CubeMX version: 6.16.0
2025-12-27 11:41:58,067 [ERROR] AppliInfo:139 - Unknown STM32CubeMX version: 6.16.0
2025-12-27 11:41:58,067 [ERROR] AppliInfo:139 - Unknown STM32CubeMX version: 6.16.0
2025-12-27 11:41:58,068 [ERROR] AppliInfo:139 - Unknown STM32CubeMX version: 6.16.0
2025-12-27 11:41:58,068 [ERROR] AppliInfo:139 - Unknown STM32CubeMX version: 6.16.0
2025-12-27 11:41:58,068 [ERROR] AppliInfo:139 - Unknown STM32CubeMX version: 6.16.0
2025-12-27 11:41:58,068 [ERROR] AppliInfo:139 - Unknown STM32CubeMX version: 6.16.0
2025-12-27 11:41:58,068 [ERROR] AppliInfo:139 - Unknown STM32CubeMX version: 6.16.0
2025-12-27 11:41:58,068 [ERROR] AppliInfo:139 - Unknown STM32CubeMX version: 6.16.0
2025-12-27 11:41:58,068 [ERROR] AppliInfo:139 - Unknown STM32CubeMX version: 6.16.0
2025-12-27 11:41:58,068 [ERROR] AppliInfo:139 - Unknown STM32CubeMX version: 6.16.0
2025-12-27 11:41:58,069 [ERROR] AppliInfo:139 - Unknown STM32CubeMX version: 6.16.0
2025-12-27 11:41:58,069 [ERROR] AppliInfo:139 - Unknown STM32CubeMX version: 6.16.0
2025-12-27 11:41:58,069 [ERROR] AppliInfo:139 - Unknown STM32CubeMX version: 6.16.0
2025-12-27 11:41:58,069 [ERROR] AppliInfo:139 - Unknown STM32CubeMX version: 6.16.0
2025-12-27 11:41:58,070 [ERROR] AppliInfo:139 - Unknown STM32CubeMX version: 6.16.0
2025-12-27 11:41:58,070 [ERROR] AppliInfo:139 - Unknown STM32CubeMX version: 6.16.0
2025-12-27 11:41:58,099 [ERROR] AppliInfo:139 - Unknown STM32CubeMX version: 6.16.0
2025-12-27 11:41:58,099 [ERROR] AppliInfo:139 - Unknown STM32CubeMX version: 6.16.0
2025-12-27 11:41:58,099 [ERROR] AppliInfo:139 - Unknown STM32CubeMX version: 6.16.0
2025-12-27 11:41:58,100 [ERROR] AppliInfo:139 - Unknown STM32CubeMX version: 6.16.0
2025-12-27 11:41:58,100 [ERROR] AppliInfo:139 - Unknown STM32CubeMX version: 6.16.0
2025-12-27 11:41:58,100 [ERROR] AppliInfo:139 - Unknown STM32CubeMX version: 6.16.0
2025-12-27 11:41:58,100 [ERROR] AppliInfo:139 - Unknown STM32CubeMX version: 6.16.0
2025-12-27 11:41:58,100 [ERROR] AppliInfo:139 - Unknown STM32CubeMX version: 6.16.0
2025-12-27 11:41:58,100 [ERROR] AppliInfo:139 - Unknown STM32CubeMX version: 6.16.0
2025-12-27 11:41:58,101 [ERROR] AppliInfo:139 - Unknown STM32CubeMX version: 6.16.0
2025-12-27 11:41:58,101 [ERROR] AppliInfo:139 - Unknown STM32CubeMX version: 6.16.0
2025-12-27 11:41:58,101 [ERROR] AppliInfo:139 - Unknown STM32CubeMX version: 6.16.0
2025-12-27 11:41:58,101 [ERROR] AppliInfo:139 - Unknown STM32CubeMX version: 6.16.0
2025-12-27 11:41:58,101 [ERROR] AppliInfo:139 - Unknown STM32CubeMX version: 6.16.0
2025-12-27 11:41:58,101 [ERROR] AppliInfo:139 - Unknown STM32CubeMX version: 6.16.0
2025-12-27 11:41:58,101 [ERROR] AppliInfo:139 - Unknown STM32CubeMX version: 6.16.0
2025-12-27 11:41:58,102 [ERROR] AppliInfo:139 - Unknown STM32CubeMX version: 6.16.0
2025-12-27 11:41:58,102 [ERROR] AppliInfo:139 - Unknown STM32CubeMX version: 6.16.0
2025-12-27 11:41:58,102 [ERROR] AppliInfo:139 - Unknown STM32CubeMX version: 6.16.0
2025-12-27 11:41:58,121 [ERROR] AppliInfo:139 - Unknown STM32CubeMX version: 6.16.0
2025-12-27 11:41:58,122 [ERROR] AppliInfo:139 - Unknown STM32CubeMX version: 6.16.0
2025-12-27 11:41:58,122 [ERROR] AppliInfo:139 - Unknown STM32CubeMX version: 6.16.0
2025-12-27 11:41:58,122 [ERROR] AppliInfo:139 - Unknown STM32CubeMX version: 6.16.0
2025-12-27 11:41:58,122 [ERROR] AppliInfo:139 - Unknown STM32CubeMX version: 6.16.0
2025-12-27 11:41:58,122 [ERROR] AppliInfo:139 - Unknown STM32CubeMX version: 6.16.0
2025-12-27 11:41:58,122 [ERROR] AppliInfo:139 - Unknown STM32CubeMX version: 6.16.0
2025-12-27 11:41:58,123 [ERROR] AppliInfo:139 - Unknown STM32CubeMX version: 6.16.0
2025-12-27 11:41:58,123 [ERROR] AppliInfo:139 - Unknown STM32CubeMX version: 6.16.0
2025-12-27 11:41:58,123 [ERROR] AppliInfo:139 - Unknown STM32CubeMX version: 6.16.0
2025-12-27 11:41:58,123 [ERROR] AppliInfo:139 - Unknown STM32CubeMX version: 6.16.0
2025-12-27 11:41:58,123 [ERROR] AppliInfo:139 - Unknown STM32CubeMX version: 6.16.0
2025-12-27 11:41:58,123 [ERROR] AppliInfo:139 - Unknown STM32CubeMX version: 6.16.0
2025-12-27 11:41:58,124 [ERROR] AppliInfo:139 - Unknown STM32CubeMX version: 6.16.0
2025-12-27 11:41:58,124 [ERROR] AppliInfo:139 - Unknown STM32CubeMX version: 6.16.0
2025-12-27 11:41:58,124 [ERROR] AppliInfo:139 - Unknown STM32CubeMX version: 6.16.0
2025-12-27 11:41:58,125 [ERROR] AppliInfo:139 - Unknown STM32CubeMX version: 6.16.0
2025-12-27 11:41:58,125 [ERROR] AppliInfo:139 - Unknown STM32CubeMX version: 6.16.0
2025-12-27 11:41:58,125 [ERROR] AppliInfo:139 - Unknown STM32CubeMX version: 6.16.0
2025-12-27 11:41:58,125 [ERROR] AppliInfo:139 - Unknown STM32CubeMX version: 6.15.0
2025-12-27 11:41:58,125 [ERROR] AppliInfo:139 - Unknown STM32CubeMX version: 6.15.0
2025-12-27 11:41:58,125 [ERROR] AppliInfo:139 - Unknown STM32CubeMX version: 6.15.0
2025-12-27 11:41:58,126 [ERROR] AppliInfo:139 - Unknown STM32CubeMX version: 6.15.0
2025-12-27 11:41:58,126 [ERROR] AppliInfo:139 - Unknown STM32CubeMX version: 6.15.0
2025-12-27 11:41:58,126 [ERROR] AppliInfo:139 - Unknown STM32CubeMX version: 6.15.0
2025-12-27 11:41:58,126 [ERROR] AppliInfo:139 - Unknown STM32CubeMX version: 6.15.0
2025-12-27 11:41:58,126 [ERROR] AppliInfo:139 - Unknown STM32CubeMX version: 6.16.0
2025-12-27 11:41:58,126 [ERROR] AppliInfo:139 - Unknown STM32CubeMX version: 6.16.0
2025-12-27 11:41:58,130 [ERROR] AppliInfo:139 - Unknown STM32CubeMX version: 6.15.0
2025-12-27 11:41:58,130 [ERROR] AppliInfo:139 - Unknown STM32CubeMX version: 6.15.0
2025-12-27 11:41:58,130 [ERROR] AppliInfo:139 - Unknown STM32CubeMX version: 6.15.0
2025-12-27 11:41:58,130 [ERROR] AppliInfo:139 - Unknown STM32CubeMX version: 6.15.0
2025-12-27 11:41:58,130 [ERROR] AppliInfo:139 - Unknown STM32CubeMX version: 6.15.0
2025-12-27 11:41:58,130 [ERROR] AppliInfo:139 - Unknown STM32CubeMX version: 6.15.0
2025-12-27 11:41:58,130 [ERROR] AppliInfo:139 - Unknown STM32CubeMX version: 6.15.0
2025-12-27 11:41:58,130 [ERROR] AppliInfo:139 - Unknown STM32CubeMX version: 6.15.0
2025-12-27 11:41:58,131 [ERROR] AppliInfo:139 - Unknown STM32CubeMX version: 6.15.0
2025-12-27 11:41:58,131 [ERROR] AppliInfo:139 - Unknown STM32CubeMX version: 6.15.0
2025-12-27 11:41:58,131 [ERROR] AppliInfo:139 - Unknown STM32CubeMX version: 6.15.0
2025-12-27 11:41:58,131 [ERROR] AppliInfo:139 - Unknown STM32CubeMX version: 6.15.0
2025-12-27 11:41:58,131 [ERROR] AppliInfo:139 - Unknown STM32CubeMX version: 6.15.0
2025-12-27 11:41:58,134 [ERROR] AppliInfo:139 - Unknown STM32CubeMX version: 6.16.0
2025-12-27 11:41:58,134 [ERROR] AppliInfo:139 - Unknown STM32CubeMX version: 6.15.0
2025-12-27 11:41:58,134 [ERROR] AppliInfo:139 - Unknown STM32CubeMX version: 6.15.0
2025-12-27 11:41:58,135 [ERROR] AppliInfo:139 - Unknown STM32CubeMX version: 6.15.0
2025-12-27 11:41:58,135 [ERROR] AppliInfo:139 - Unknown STM32CubeMX version: 6.15.0
2025-12-27 11:41:58,135 [ERROR] AppliInfo:139 - Unknown STM32CubeMX version: 6.15.0
2025-12-27 11:41:58,135 [ERROR] AppliInfo:139 - Unknown STM32CubeMX version: 6.15.0
2025-12-27 11:41:58,135 [ERROR] AppliInfo:139 - Unknown STM32CubeMX version: 6.15.0
2025-12-27 11:41:58,135 [ERROR] AppliInfo:139 - Unknown STM32CubeMX version: 6.16.0
2025-12-27 11:41:58,135 [ERROR] AppliInfo:139 - Unknown STM32CubeMX version: 6.16.0
2025-12-27 11:41:58,145 [ERROR] AppliInfo:139 - Unknown STM32CubeMX version: 6.15.0
2025-12-27 11:41:58,145 [ERROR] AppliInfo:139 - Unknown STM32CubeMX version: 6.15.0
2025-12-27 11:41:58,145 [ERROR] AppliInfo:139 - Unknown STM32CubeMX version: 6.15.0
2025-12-27 11:41:58,146 [ERROR] AppliInfo:139 - Unknown STM32CubeMX version: 6.15.0
2025-12-27 11:41:58,146 [ERROR] AppliInfo:139 - Unknown STM32CubeMX version: 6.15.0
2025-12-27 11:41:58,146 [ERROR] AppliInfo:139 - Unknown STM32CubeMX version: 6.15.0
2025-12-27 11:41:58,146 [ERROR] AppliInfo:139 - Unknown STM32CubeMX version: 6.15.0
2025-12-27 11:41:58,146 [ERROR] AppliInfo:139 - Unknown STM32CubeMX version: 6.15.0
2025-12-27 11:41:58,146 [ERROR] AppliInfo:139 - Unknown STM32CubeMX version: 6.15.0
2025-12-27 11:41:58,147 [ERROR] AppliInfo:139 - Unknown STM32CubeMX version: 6.15.0
2025-12-27 11:41:58,147 [ERROR] AppliInfo:139 - Unknown STM32CubeMX version: 6.15.0
2025-12-27 11:41:58,147 [ERROR] AppliInfo:139 - Unknown STM32CubeMX version: 6.15.0
2025-12-27 11:41:58,147 [ERROR] AppliInfo:139 - Unknown STM32CubeMX version: 6.15.0
2025-12-27 11:41:58,153 [ERROR] AppliInfo:139 - Unknown STM32CubeMX version: 6.16.0
2025-12-27 11:41:58,154 [ERROR] AppliInfo:139 - Unknown STM32CubeMX version: 6.16.0
2025-12-27 11:41:58,154 [ERROR] AppliInfo:139 - Unknown STM32CubeMX version: 6.16.0
2025-12-27 11:41:58,154 [ERROR] AppliInfo:139 - Unknown STM32CubeMX version: 6.16.0
2025-12-27 11:41:58,154 [ERROR] AppliInfo:139 - Unknown STM32CubeMX version: 6.16.0
2025-12-27 11:41:58,154 [ERROR] AppliInfo:139 - Unknown STM32CubeMX version: 6.16.0
2025-12-27 11:41:58,154 [ERROR] AppliInfo:139 - Unknown STM32CubeMX version: 6.16.0
2025-12-27 11:41:58,155 [ERROR] AppliInfo:139 - Unknown STM32CubeMX version: 6.16.0
2025-12-27 11:41:58,155 [ERROR] AppliInfo:139 - Unknown STM32CubeMX version: 6.16.0
2025-12-27 11:41:58,155 [ERROR] AppliInfo:139 - Unknown STM32CubeMX version: 6.16.0
2025-12-27 11:41:58,157 [ERROR] AppliInfo:139 - Unknown STM32CubeMX version: 6.16.0
2025-12-27 11:41:58,157 [ERROR] AppliInfo:139 - Unknown STM32CubeMX version: 6.16.0
2025-12-27 11:41:58,157 [ERROR] AppliInfo:139 - Unknown STM32CubeMX version: 6.16.0
2025-12-27 11:41:58,157 [ERROR] AppliInfo:139 - Unknown STM32CubeMX version: 6.16.0
2025-12-27 11:41:58,157 [ERROR] AppliInfo:139 - Unknown STM32CubeMX version: 6.16.0
2025-12-27 11:41:58,157 [ERROR] AppliInfo:139 - Unknown STM32CubeMX version: 6.16.0
2025-12-27 11:41:58,157 [ERROR] AppliInfo:139 - Unknown STM32CubeMX version: 6.16.0
2025-12-27 11:41:58,157 [ERROR] AppliInfo:139 - Unknown STM32CubeMX version: 6.16.0
2025-12-27 11:41:58,157 [ERROR] AppliInfo:139 - Unknown STM32CubeMX version: 6.16.0
2025-12-27 11:41:58,159 [ERROR] AppliInfo:139 - Unknown STM32CubeMX version: 6.16.0
2025-12-27 11:41:58,159 [ERROR] AppliInfo:139 - Unknown STM32CubeMX version: 6.16.0
2025-12-27 11:41:58,159 [ERROR] AppliInfo:139 - Unknown STM32CubeMX version: 6.16.0
2025-12-27 11:41:58,159 [ERROR] AppliInfo:139 - Unknown STM32CubeMX version: 6.16.0
2025-12-27 11:41:58,159 [ERROR] AppliInfo:139 - Unknown STM32CubeMX version: 6.16.0
2025-12-27 11:41:58,159 [ERROR] AppliInfo:139 - Unknown STM32CubeMX version: 6.16.0
2025-12-27 11:41:58,160 [ERROR] AppliInfo:139 - Unknown STM32CubeMX version: 6.16.0
2025-12-27 11:41:58,160 [ERROR] AppliInfo:139 - Unknown STM32CubeMX version: 6.16.0
2025-12-27 11:41:58,160 [ERROR] AppliInfo:139 - Unknown STM32CubeMX version: 6.16.0
2025-12-27 11:41:58,160 [ERROR] AppliInfo:139 - Unknown STM32CubeMX version: 6.16.0
2025-12-27 11:41:58,160 [ERROR] AppliInfo:139 - Unknown STM32CubeMX version: 6.16.0
2025-12-27 11:41:58,160 [ERROR] AppliInfo:139 - Unknown STM32CubeMX version: 6.16.0
2025-12-27 11:41:58,160 [ERROR] AppliInfo:139 - Unknown STM32CubeMX version: 6.16.0
2025-12-27 11:41:58,160 [ERROR] AppliInfo:139 - Unknown STM32CubeMX version: 6.16.0
2025-12-27 11:41:58,160 [ERROR] AppliInfo:139 - Unknown STM32CubeMX version: 6.16.0
2025-12-27 11:41:58,160 [ERROR] AppliInfo:139 - Unknown STM32CubeMX version: 6.16.0
2025-12-27 11:41:58,161 [ERROR] AppliInfo:139 - Unknown STM32CubeMX version: 6.16.0
2025-12-27 11:41:58,161 [ERROR] AppliInfo:139 - Unknown STM32CubeMX version: 6.16.0
2025-12-27 11:41:58,161 [ERROR] AppliInfo:139 - Unknown STM32CubeMX version: 6.16.0
2025-12-27 11:41:58,161 [ERROR] AppliInfo:139 - Unknown STM32CubeMX version: 6.16.0
2025-12-27 11:41:58,161 [ERROR] AppliInfo:139 - Unknown STM32CubeMX version: 6.16.0
2025-12-27 11:41:58,161 [ERROR] AppliInfo:139 - Unknown STM32CubeMX version: 6.16.0
2025-12-27 11:41:58,162 [ERROR] AppliInfo:139 - Unknown STM32CubeMX version: 6.16.0
2025-12-27 11:41:58,162 [ERROR] AppliInfo:139 - Unknown STM32CubeMX version: 6.16.0
2025-12-27 11:41:58,162 [ERROR] AppliInfo:139 - Unknown STM32CubeMX version: 6.16.0
2025-12-27 11:41:58,162 [ERROR] AppliInfo:139 - Unknown STM32CubeMX version: 6.16.0
2025-12-27 11:41:58,163 [ERROR] AppliInfo:139 - Unknown STM32CubeMX version: 6.16.0
2025-12-27 11:41:58,163 [ERROR] AppliInfo:139 - Unknown STM32CubeMX version: 6.16.0
2025-12-27 11:41:58,163 [ERROR] AppliInfo:139 - Unknown STM32CubeMX version: 6.16.0
2025-12-27 11:41:58,163 [ERROR] AppliInfo:139 - Unknown STM32CubeMX version: 6.16.0
2025-12-27 11:41:58,163 [ERROR] AppliInfo:139 - Unknown STM32CubeMX version: 6.16.0
2025-12-27 11:41:58,164 [ERROR] AppliInfo:139 - Unknown STM32CubeMX version: 6.16.0
2025-12-27 11:41:58,164 [ERROR] AppliInfo:139 - Unknown STM32CubeMX version: 6.16.0
2025-12-27 11:41:58,164 [ERROR] AppliInfo:139 - Unknown STM32CubeMX version: 6.16.0
2025-12-27 11:41:58,164 [ERROR] AppliInfo:139 - Unknown STM32CubeMX version: 6.16.0
2025-12-27 11:41:58,164 [ERROR] AppliInfo:139 - Unknown STM32CubeMX version: 6.16.0
2025-12-27 11:41:58,165 [ERROR] AppliInfo:139 - Unknown STM32CubeMX version: 6.16.0
2025-12-27 11:41:58,165 [ERROR] AppliInfo:139 - Unknown STM32CubeMX version: 6.16.0
2025-12-27 11:41:58,165 [ERROR] AppliInfo:139 - Unknown STM32CubeMX version: 6.16.0
2025-12-27 11:41:58,165 [ERROR] AppliInfo:139 - Unknown STM32CubeMX version: 6.16.0
2025-12-27 11:41:58,165 [ERROR] AppliInfo:139 - Unknown STM32CubeMX version: 6.16.0
2025-12-27 11:41:58,175 [ERROR] AppliInfo:139 - Unknown STM32CubeMX version: 6.15.0
2025-12-27 11:41:58,176 [ERROR] AppliInfo:139 - Unknown STM32CubeMX version: 6.15.0
2025-12-27 11:41:58,176 [ERROR] AppliInfo:139 - Unknown STM32CubeMX version: 6.15.0
2025-12-27 11:41:58,176 [ERROR] AppliInfo:139 - Unknown STM32CubeMX version: 6.15.0
2025-12-27 11:41:58,176 [ERROR] AppliInfo:139 - Unknown STM32CubeMX version: 6.15.0
2025-12-27 11:41:58,176 [ERROR] AppliInfo:139 - Unknown STM32CubeMX version: 6.15.0
2025-12-27 11:41:58,176 [ERROR] AppliInfo:139 - Unknown STM32CubeMX version: 6.15.0
2025-12-27 11:41:58,176 [ERROR] AppliInfo:139 - Unknown STM32CubeMX version: 6.15.0
2025-12-27 11:41:58,177 [ERROR] AppliInfo:139 - Unknown STM32CubeMX version: 6.15.0
2025-12-27 11:41:58,177 [ERROR] AppliInfo:139 - Unknown STM32CubeMX version: 6.15.0
2025-12-27 11:41:58,177 [ERROR] AppliInfo:139 - Unknown STM32CubeMX version: 6.15.0
2025-12-27 11:41:58,177 [ERROR] AppliInfo:139 - Unknown STM32CubeMX version: 6.15.0
2025-12-27 11:41:58,177 [ERROR] AppliInfo:139 - Unknown STM32CubeMX version: 6.15.0
2025-12-27 11:41:58,177 [ERROR] AppliInfo:139 - Unknown STM32CubeMX version: 6.15.0
2025-12-27 11:41:58,177 [ERROR] AppliInfo:139 - Unknown STM32CubeMX version: 6.15.0
2025-12-27 11:41:58,177 [ERROR] AppliInfo:139 - Unknown STM32CubeMX version: 6.15.0
2025-12-27 11:41:58,178 [ERROR] AppliInfo:139 - Unknown STM32CubeMX version: 6.15.0
2025-12-27 11:41:58,178 [ERROR] AppliInfo:139 - Unknown STM32CubeMX version: 6.15.0
2025-12-27 11:41:58,178 [ERROR] AppliInfo:139 - Unknown STM32CubeMX version: 6.15.0
2025-12-27 11:41:58,178 [ERROR] AppliInfo:139 - Unknown STM32CubeMX version: 6.15.0
2025-12-27 11:41:58,178 [ERROR] AppliInfo:139 - Unknown STM32CubeMX version: 6.15.0
2025-12-27 11:41:58,178 [ERROR] AppliInfo:139 - Unknown STM32CubeMX version: 6.15.0
2025-12-27 11:41:58,178 [ERROR] AppliInfo:139 - Unknown STM32CubeMX version: 6.15.0
2025-12-27 11:41:58,178 [ERROR] AppliInfo:139 - Unknown STM32CubeMX version: 6.15.0
2025-12-27 11:41:58,179 [ERROR] AppliInfo:139 - Unknown STM32CubeMX version: 6.15.0
2025-12-27 11:41:58,179 [ERROR] AppliInfo:139 - Unknown STM32CubeMX version: 6.15.0
2025-12-27 11:41:58,179 [ERROR] AppliInfo:139 - Unknown STM32CubeMX version: 6.15.0
2025-12-27 11:41:58,179 [ERROR] AppliInfo:139 - Unknown STM32CubeMX version: 6.15.0
2025-12-27 11:41:58,179 [ERROR] AppliInfo:139 - Unknown STM32CubeMX version: 6.15.0
2025-12-27 11:41:58,180 [ERROR] AppliInfo:139 - Unknown STM32CubeMX version: 6.15.0
2025-12-27 11:41:58,180 [ERROR] AppliInfo:139 - Unknown STM32CubeMX version: 6.15.0
2025-12-27 11:41:58,180 [ERROR] AppliInfo:139 - Unknown STM32CubeMX version: 6.15.0
2025-12-27 11:41:58,180 [ERROR] AppliInfo:139 - Unknown STM32CubeMX version: 6.15.0
2025-12-27 11:41:58,180 [ERROR] AppliInfo:139 - Unknown STM32CubeMX version: 6.15.0
2025-12-27 11:41:58,180 [ERROR] AppliInfo:139 - Unknown STM32CubeMX version: 6.15.0
2025-12-27 11:41:58,180 [ERROR] AppliInfo:139 - Unknown STM32CubeMX version: 6.15.0
2025-12-27 11:41:58,181 [ERROR] AppliInfo:139 - Unknown STM32CubeMX version: 6.15.0
2025-12-27 11:41:58,181 [ERROR] AppliInfo:139 - Unknown STM32CubeMX version: 6.15.0
2025-12-27 11:41:58,181 [ERROR] AppliInfo:139 - Unknown STM32CubeMX version: 6.15.0
2025-12-27 11:41:58,182 [ERROR] AppliInfo:139 - Unknown STM32CubeMX version: 6.15.0
2025-12-27 11:41:58,182 [ERROR] AppliInfo:139 - Unknown STM32CubeMX version: 6.15.0
2025-12-27 11:41:58,182 [ERROR] AppliInfo:139 - Unknown STM32CubeMX version: 6.15.0
2025-12-27 11:41:58,182 [ERROR] AppliInfo:139 - Unknown STM32CubeMX version: 6.15.0
2025-12-27 11:41:58,199 [ERROR] AppliInfo:139 - Unknown STM32CubeMX version: 6.14.1
2025-12-27 11:41:58,199 [ERROR] AppliInfo:139 - Unknown STM32CubeMX version: 6.14.1
2025-12-27 11:41:58,199 [ERROR] AppliInfo:139 - Unknown STM32CubeMX version: 6.14.1
2025-12-27 11:41:58,199 [ERROR] AppliInfo:139 - Unknown STM32CubeMX version: 6.14.1
2025-12-27 11:41:58,199 [ERROR] AppliInfo:139 - Unknown STM32CubeMX version: 6.14.1
2025-12-27 11:41:58,199 [ERROR] AppliInfo:139 - Unknown STM32CubeMX version: 6.14.1
2025-12-27 11:41:58,200 [ERROR] AppliInfo:139 - Unknown STM32CubeMX version: 6.14.1
2025-12-27 11:41:58,200 [ERROR] AppliInfo:139 - Unknown STM32CubeMX version: 6.14.1
2025-12-27 11:41:58,200 [ERROR] AppliInfo:139 - Unknown STM32CubeMX version: 6.14.1
2025-12-27 11:41:58,200 [ERROR] AppliInfo:139 - Unknown STM32CubeMX version: 6.14.1
2025-12-27 11:41:58,200 [ERROR] AppliInfo:139 - Unknown STM32CubeMX version: 6.14.1
2025-12-27 11:41:58,200 [ERROR] AppliInfo:139 - Unknown STM32CubeMX version: 6.14.1
2025-12-27 11:41:58,200 [ERROR] AppliInfo:139 - Unknown STM32CubeMX version: 6.14.1
2025-12-27 11:41:58,200 [ERROR] AppliInfo:139 - Unknown STM32CubeMX version: 6.14.1
2025-12-27 11:41:58,200 [ERROR] AppliInfo:139 - Unknown STM32CubeMX version: 6.14.1
2025-12-27 11:41:58,200 [ERROR] AppliInfo:139 - Unknown STM32CubeMX version: 6.14.1
2025-12-27 11:41:58,200 [ERROR] AppliInfo:139 - Unknown STM32CubeMX version: 6.14.1
2025-12-27 11:41:58,200 [ERROR] AppliInfo:139 - Unknown STM32CubeMX version: 6.14.1
2025-12-27 11:41:58,201 [ERROR] AppliInfo:139 - Unknown STM32CubeMX version: 6.14.1
2025-12-27 11:41:58,201 [ERROR] AppliInfo:139 - Unknown STM32CubeMX version: 6.14.1
2025-12-27 11:41:58,201 [ERROR] AppliInfo:139 - Unknown STM32CubeMX version: 6.14.1
2025-12-27 11:41:58,202 [ERROR] AppliInfo:139 - Unknown STM32CubeMX version: 6.14.1
2025-12-27 11:41:58,202 [ERROR] AppliInfo:139 - Unknown STM32CubeMX version: 6.14.1
2025-12-27 11:41:58,202 [ERROR] AppliInfo:139 - Unknown STM32CubeMX version: 6.14.1
2025-12-27 11:41:58,203 [ERROR] AppliInfo:139 - Unknown STM32CubeMX version: 6.14.1
2025-12-27 11:41:58,203 [ERROR] AppliInfo:139 - Unknown STM32CubeMX version: 6.14.1
2025-12-27 11:41:58,203 [ERROR] AppliInfo:139 - Unknown STM32CubeMX version: 6.14.1
2025-12-27 11:41:58,203 [ERROR] AppliInfo:139 - Unknown STM32CubeMX version: 6.14.1
2025-12-27 11:41:58,203 [ERROR] AppliInfo:139 - Unknown STM32CubeMX version: 6.14.1
2025-12-27 11:41:58,203 [ERROR] AppliInfo:139 - Unknown STM32CubeMX version: 6.14.1
2025-12-27 11:41:58,204 [ERROR] AppliInfo:139 - Unknown STM32CubeMX version: 6.14.1
2025-12-27 11:41:58,204 [ERROR] AppliInfo:139 - Unknown STM32CubeMX version: 6.14.1
2025-12-27 11:41:58,204 [ERROR] AppliInfo:139 - Unknown STM32CubeMX version: 6.14.1
2025-12-27 11:41:58,204 [ERROR] AppliInfo:139 - Unknown STM32CubeMX version: 6.14.1
2025-12-27 11:41:58,204 [ERROR] AppliInfo:139 - Unknown STM32CubeMX version: 6.14.1
2025-12-27 11:41:58,204 [ERROR] AppliInfo:139 - Unknown STM32CubeMX version: 6.14.1
2025-12-27 11:41:58,205 [ERROR] AppliInfo:139 - Unknown STM32CubeMX version: 6.14.1
2025-12-27 11:41:58,206 [ERROR] AppliInfo:139 - Unknown STM32CubeMX version: 6.14.1
2025-12-27 11:41:58,206 [ERROR] AppliInfo:139 - Unknown STM32CubeMX version: 6.14.1
2025-12-27 11:41:58,206 [ERROR] AppliInfo:139 - Unknown STM32CubeMX version: 6.14.1
2025-12-27 11:41:58,206 [ERROR] AppliInfo:139 - Unknown STM32CubeMX version: 6.14.1
2025-12-27 11:41:58,206 [ERROR] AppliInfo:139 - Unknown STM32CubeMX version: 6.14.1
2025-12-27 11:41:58,207 [ERROR] AppliInfo:139 - Unknown STM32CubeMX version: 6.14.1
2025-12-27 11:41:58,207 [ERROR] AppliInfo:139 - Unknown STM32CubeMX version: 6.14.1
2025-12-27 11:41:58,207 [ERROR] AppliInfo:139 - Unknown STM32CubeMX version: 6.14.1
2025-12-27 11:41:58,207 [ERROR] AppliInfo:139 - Unknown STM32CubeMX version: 6.14.1
2025-12-27 11:41:58,207 [ERROR] AppliInfo:139 - Unknown STM32CubeMX version: 6.14.1
2025-12-27 11:41:58,208 [ERROR] AppliInfo:139 - Unknown STM32CubeMX version: 6.14.1
2025-12-27 11:41:58,208 [ERROR] AppliInfo:139 - Unknown STM32CubeMX version: 6.14.1
2025-12-27 11:41:58,208 [ERROR] AppliInfo:139 - Unknown STM32CubeMX version: 6.14.1
2025-12-27 11:41:58,208 [ERROR] AppliInfo:139 - Unknown STM32CubeMX version: 6.14.1
2025-12-27 11:41:58,208 [ERROR] AppliInfo:139 - Unknown STM32CubeMX version: 6.14.1
2025-12-27 11:41:58,208 [ERROR] AppliInfo:139 - Unknown STM32CubeMX version: 6.14.1
2025-12-27 11:41:58,208 [ERROR] AppliInfo:139 - Unknown STM32CubeMX version: 6.14.1
2025-12-27 11:41:58,208 [ERROR] AppliInfo:139 - Unknown STM32CubeMX version: 6.14.1
2025-12-27 11:41:58,209 [ERROR] AppliInfo:139 - Unknown STM32CubeMX version: 6.14.1
2025-12-27 11:41:58,209 [ERROR] AppliInfo:139 - Unknown STM32CubeMX version: 6.14.1
2025-12-27 11:41:58,209 [ERROR] AppliInfo:139 - Unknown STM32CubeMX version: 6.14.1
2025-12-27 11:41:58,209 [ERROR] AppliInfo:139 - Unknown STM32CubeMX version: 6.14.1
2025-12-27 11:41:58,209 [ERROR] AppliInfo:139 - Unknown STM32CubeMX version: 6.14.1
2025-12-27 11:41:58,209 [ERROR] AppliInfo:139 - Unknown STM32CubeMX version: 6.14.1
2025-12-27 11:41:58,209 [ERROR] AppliInfo:139 - Unknown STM32CubeMX version: 6.14.1
2025-12-27 11:41:58,210 [ERROR] AppliInfo:139 - Unknown STM32CubeMX version: 6.14.1
2025-12-27 11:41:58,210 [ERROR] AppliInfo:139 - Unknown STM32CubeMX version: 6.14.1
2025-12-27 11:41:58,210 [ERROR] AppliInfo:139 - Unknown STM32CubeMX version: 6.14.1
2025-12-27 11:41:58,210 [ERROR] AppliInfo:139 - Unknown STM32CubeMX version: 6.14.1
2025-12-27 11:41:58,210 [ERROR] AppliInfo:139 - Unknown STM32CubeMX version: 6.14.1
2025-12-27 11:41:58,210 [ERROR] AppliInfo:139 - Unknown STM32CubeMX version: 6.14.1
2025-12-27 11:41:58,210 [ERROR] AppliInfo:139 - Unknown STM32CubeMX version: 6.14.1
2025-12-27 11:41:58,211 [ERROR] AppliInfo:139 - Unknown STM32CubeMX version: 6.14.1
2025-12-27 11:41:58,211 [ERROR] AppliInfo:139 - Unknown STM32CubeMX version: 6.14.1
2025-12-27 11:41:58,211 [ERROR] AppliInfo:139 - Unknown STM32CubeMX version: 6.14.1
2025-12-27 11:41:58,211 [ERROR] AppliInfo:139 - Unknown STM32CubeMX version: 6.14.1
2025-12-27 11:41:58,211 [ERROR] AppliInfo:139 - Unknown STM32CubeMX version: 6.14.1
2025-12-27 11:41:58,211 [ERROR] AppliInfo:139 - Unknown STM32CubeMX version: 6.14.1
2025-12-27 11:41:58,211 [ERROR] AppliInfo:139 - Unknown STM32CubeMX version: 6.14.1
2025-12-27 11:41:58,211 [ERROR] AppliInfo:139 - Unknown STM32CubeMX version: 6.14.1
2025-12-27 11:41:58,211 [ERROR] AppliInfo:139 - Unknown STM32CubeMX version: 6.14.1
2025-12-27 11:41:58,211 [ERROR] AppliInfo:139 - Unknown STM32CubeMX version: 6.14.1
2025-12-27 11:41:58,212 [ERROR] AppliInfo:139 - Unknown STM32CubeMX version: 6.14.1
2025-12-27 11:41:58,212 [ERROR] AppliInfo:139 - Unknown STM32CubeMX version: 6.14.1
2025-12-27 11:41:58,212 [ERROR] AppliInfo:139 - Unknown STM32CubeMX version: 6.14.1
2025-12-27 11:41:58,212 [ERROR] AppliInfo:139 - Unknown STM32CubeMX version: 6.14.1
2025-12-27 11:41:58,212 [ERROR] AppliInfo:139 - Unknown STM32CubeMX version: 6.14.1
2025-12-27 11:41:58,212 [ERROR] AppliInfo:139 - Unknown STM32CubeMX version: 6.14.1
2025-12-27 11:41:58,212 [ERROR] AppliInfo:139 - Unknown STM32CubeMX version: 6.14.1
2025-12-27 11:41:58,212 [ERROR] AppliInfo:139 - Unknown STM32CubeMX version: 6.14.1
2025-12-27 11:41:58,212 [ERROR] AppliInfo:139 - Unknown STM32CubeMX version: 6.14.1
2025-12-27 11:41:58,212 [ERROR] AppliInfo:139 - Unknown STM32CubeMX version: 6.14.1
2025-12-27 11:41:58,212 [ERROR] AppliInfo:139 - Unknown STM32CubeMX version: 6.14.1
2025-12-27 11:41:58,213 [ERROR] AppliInfo:139 - Unknown STM32CubeMX version: 6.14.1
2025-12-27 11:41:58,213 [ERROR] AppliInfo:139 - Unknown STM32CubeMX version: 6.14.1
2025-12-27 11:41:58,213 [ERROR] AppliInfo:139 - Unknown STM32CubeMX version: 6.14.1
2025-12-27 11:41:58,213 [ERROR] AppliInfo:139 - Unknown STM32CubeMX version: 6.14.1
2025-12-27 11:41:58,213 [ERROR] AppliInfo:139 - Unknown STM32CubeMX version: 6.14.1
2025-12-27 11:41:58,213 [ERROR] AppliInfo:139 - Unknown STM32CubeMX version: 6.14.1
2025-12-27 11:41:58,213 [ERROR] AppliInfo:139 - Unknown STM32CubeMX version: 6.14.1
2025-12-27 11:41:58,213 [ERROR] AppliInfo:139 - Unknown STM32CubeMX version: 6.14.1
2025-12-27 11:41:58,213 [ERROR] AppliInfo:139 - Unknown STM32CubeMX version: 6.14.1
2025-12-27 11:41:58,213 [ERROR] AppliInfo:139 - Unknown STM32CubeMX version: 6.14.1
2025-12-27 11:41:58,213 [ERROR] AppliInfo:139 - Unknown STM32CubeMX version: 6.14.1
2025-12-27 11:41:58,214 [ERROR] AppliInfo:139 - Unknown STM32CubeMX version: 6.14.1
2025-12-27 11:41:58,214 [ERROR] AppliInfo:139 - Unknown STM32CubeMX version: 6.14.1
2025-12-27 11:41:58,214 [ERROR] AppliInfo:139 - Unknown STM32CubeMX version: 6.14.1
2025-12-27 11:41:58,214 [ERROR] AppliInfo:139 - Unknown STM32CubeMX version: 6.14.1
2025-12-27 11:41:58,214 [ERROR] AppliInfo:139 - Unknown STM32CubeMX version: 6.14.1
2025-12-27 11:41:58,214 [ERROR] AppliInfo:139 - Unknown STM32CubeMX version: 6.14.1
2025-12-27 11:41:58,214 [ERROR] AppliInfo:139 - Unknown STM32CubeMX version: 6.14.1
2025-12-27 11:41:58,214 [ERROR] AppliInfo:139 - Unknown STM32CubeMX version: 6.14.1
2025-12-27 11:41:58,214 [ERROR] AppliInfo:139 - Unknown STM32CubeMX version: 6.14.1
2025-12-27 11:41:58,214 [ERROR] AppliInfo:139 - Unknown STM32CubeMX version: 6.14.1
2025-12-27 11:41:58,214 [ERROR] AppliInfo:139 - Unknown STM32CubeMX version: 6.14.1
2025-12-27 11:41:58,214 [ERROR] AppliInfo:139 - Unknown STM32CubeMX version: 6.14.1
2025-12-27 11:41:58,215 [ERROR] AppliInfo:139 - Unknown STM32CubeMX version: 6.14.1
2025-12-27 11:41:58,215 [ERROR] AppliInfo:139 - Unknown STM32CubeMX version: 6.14.1
2025-12-27 11:41:58,215 [ERROR] AppliInfo:139 - Unknown STM32CubeMX version: 6.14.1
2025-12-27 11:41:58,215 [ERROR] AppliInfo:139 - Unknown STM32CubeMX version: 6.14.1
2025-12-27 11:41:58,215 [ERROR] AppliInfo:139 - Unknown STM32CubeMX version: 6.14.1
2025-12-27 11:41:58,215 [ERROR] AppliInfo:139 - Unknown STM32CubeMX version: 6.14.1
2025-12-27 11:41:58,215 [ERROR] AppliInfo:139 - Unknown STM32CubeMX version: 6.14.1
2025-12-27 11:41:58,215 [ERROR] AppliInfo:139 - Unknown STM32CubeMX version: 6.14.1
2025-12-27 11:41:58,216 [ERROR] AppliInfo:139 - Unknown STM32CubeMX version: 6.14.1
2025-12-27 11:41:58,216 [ERROR] AppliInfo:139 - Unknown STM32CubeMX version: 6.14.1
2025-12-27 11:41:58,216 [ERROR] AppliInfo:139 - Unknown STM32CubeMX version: 6.14.1
2025-12-27 11:41:58,216 [ERROR] AppliInfo:139 - Unknown STM32CubeMX version: 6.14.1
2025-12-27 11:41:58,216 [ERROR] AppliInfo:139 - Unknown STM32CubeMX version: 6.14.1
2025-12-27 11:41:58,217 [ERROR] AppliInfo:139 - Unknown STM32CubeMX version: 6.14.1
2025-12-27 11:41:58,217 [ERROR] AppliInfo:139 - Unknown STM32CubeMX version: 6.14.1
2025-12-27 11:41:58,217 [ERROR] AppliInfo:139 - Unknown STM32CubeMX version: 6.14.1
2025-12-27 11:41:58,218 [ERROR] AppliInfo:139 - Unknown STM32CubeMX version: 6.14.1
2025-12-27 11:41:58,218 [ERROR] AppliInfo:139 - Unknown STM32CubeMX version: 6.14.1
2025-12-27 11:41:58,218 [ERROR] AppliInfo:139 - Unknown STM32CubeMX version: 6.14.1
2025-12-27 11:41:58,219 [ERROR] AppliInfo:139 - Unknown STM32CubeMX version: 6.14.1
2025-12-27 11:41:58,219 [ERROR] AppliInfo:139 - Unknown STM32CubeMX version: 6.14.1
2025-12-27 11:41:58,219 [ERROR] AppliInfo:139 - Unknown STM32CubeMX version: 6.14.1
2025-12-27 11:41:58,219 [ERROR] AppliInfo:139 - Unknown STM32CubeMX version: 6.14.1
2025-12-27 11:41:58,219 [ERROR] AppliInfo:139 - Unknown STM32CubeMX version: 6.14.1
2025-12-27 11:41:58,219 [ERROR] AppliInfo:139 - Unknown STM32CubeMX version: 6.14.1
2025-12-27 11:41:58,219 [ERROR] AppliInfo:139 - Unknown STM32CubeMX version: 6.14.1
2025-12-27 11:41:58,219 [ERROR] AppliInfo:139 - Unknown STM32CubeMX version: 6.14.1
2025-12-27 11:41:58,219 [ERROR] AppliInfo:139 - Unknown STM32CubeMX version: 6.14.1
2025-12-27 11:41:58,219 [ERROR] AppliInfo:139 - Unknown STM32CubeMX version: 6.14.1
2025-12-27 11:41:58,220 [ERROR] AppliInfo:139 - Unknown STM32CubeMX version: 6.14.1
2025-12-27 11:41:58,220 [ERROR] AppliInfo:139 - Unknown STM32CubeMX version: 6.14.1
2025-12-27 11:41:58,220 [ERROR] AppliInfo:139 - Unknown STM32CubeMX version: 6.14.1
2025-12-27 11:41:58,220 [ERROR] AppliInfo:139 - Unknown STM32CubeMX version: 6.14.1
2025-12-27 11:41:58,220 [ERROR] AppliInfo:139 - Unknown STM32CubeMX version: 6.14.1
2025-12-27 11:41:58,220 [ERROR] AppliInfo:139 - Unknown STM32CubeMX version: 6.14.1
2025-12-27 11:41:58,220 [ERROR] AppliInfo:139 - Unknown STM32CubeMX version: 6.14.1
2025-12-27 11:41:58,220 [ERROR] AppliInfo:139 - Unknown STM32CubeMX version: 6.14.1
2025-12-27 11:41:58,220 [ERROR] AppliInfo:139 - Unknown STM32CubeMX version: 6.14.1
2025-12-27 11:41:58,220 [ERROR] AppliInfo:139 - Unknown STM32CubeMX version: 6.14.1
2025-12-27 11:41:58,220 [ERROR] AppliInfo:139 - Unknown STM32CubeMX version: 6.14.1
2025-12-27 11:41:58,221 [ERROR] AppliInfo:139 - Unknown STM32CubeMX version: 6.14.1
2025-12-27 11:41:58,221 [ERROR] AppliInfo:139 - Unknown STM32CubeMX version: 6.14.1
2025-12-27 11:41:58,221 [ERROR] AppliInfo:139 - Unknown STM32CubeMX version: 6.14.1
2025-12-27 11:41:58,221 [ERROR] AppliInfo:139 - Unknown STM32CubeMX version: 6.14.1
2025-12-27 11:41:58,221 [ERROR] AppliInfo:139 - Unknown STM32CubeMX version: 6.14.1
2025-12-27 11:41:58,221 [ERROR] AppliInfo:139 - Unknown STM32CubeMX version: 6.14.1
2025-12-27 11:41:58,221 [ERROR] AppliInfo:139 - Unknown STM32CubeMX version: 6.14.1
2025-12-27 11:41:58,221 [ERROR] AppliInfo:139 - Unknown STM32CubeMX version: 6.14.1
2025-12-27 11:41:58,221 [ERROR] AppliInfo:139 - Unknown STM32CubeMX version: 6.14.1
2025-12-27 11:41:58,221 [ERROR] AppliInfo:139 - Unknown STM32CubeMX version: 6.14.1
2025-12-27 11:41:58,221 [ERROR] AppliInfo:139 - Unknown STM32CubeMX version: 6.14.1
2025-12-27 11:41:58,222 [ERROR] AppliInfo:139 - Unknown STM32CubeMX version: 6.14.1
2025-12-27 11:41:58,222 [ERROR] AppliInfo:139 - Unknown STM32CubeMX version: 6.14.1
2025-12-27 11:41:58,222 [ERROR] AppliInfo:139 - Unknown STM32CubeMX version: 6.14.1
2025-12-27 11:41:58,222 [ERROR] AppliInfo:139 - Unknown STM32CubeMX version: 6.14.1
2025-12-27 11:41:58,223 [ERROR] AppliInfo:139 - Unknown STM32CubeMX version: 6.14.1
2025-12-27 11:41:58,223 [ERROR] AppliInfo:139 - Unknown STM32CubeMX version: 6.14.1
2025-12-27 11:41:58,223 [ERROR] AppliInfo:139 - Unknown STM32CubeMX version: 6.14.1
2025-12-27 11:41:58,223 [ERROR] AppliInfo:139 - Unknown STM32CubeMX version: 6.14.1
2025-12-27 11:41:58,224 [ERROR] AppliInfo:139 - Unknown STM32CubeMX version: 6.14.1
2025-12-27 11:41:58,224 [ERROR] AppliInfo:139 - Unknown STM32CubeMX version: 6.14.1
2025-12-27 11:41:58,224 [ERROR] AppliInfo:139 - Unknown STM32CubeMX version: 6.14.1
2025-12-27 11:41:58,224 [ERROR] AppliInfo:139 - Unknown STM32CubeMX version: 6.14.1
2025-12-27 11:41:58,224 [ERROR] AppliInfo:139 - Unknown STM32CubeMX version: 6.14.1
2025-12-27 11:41:58,224 [ERROR] AppliInfo:139 - Unknown STM32CubeMX version: 6.14.1
2025-12-27 11:41:58,224 [ERROR] AppliInfo:139 - Unknown STM32CubeMX version: 6.14.1
2025-12-27 11:41:58,224 [ERROR] AppliInfo:139 - Unknown STM32CubeMX version: 6.14.1
2025-12-27 11:41:58,225 [ERROR] AppliInfo:139 - Unknown STM32CubeMX version: 6.14.1
2025-12-27 11:41:58,225 [ERROR] AppliInfo:139 - Unknown STM32CubeMX version: 6.14.1
2025-12-27 11:41:58,225 [ERROR] AppliInfo:139 - Unknown STM32CubeMX version: 6.14.1
2025-12-27 11:41:58,225 [ERROR] AppliInfo:139 - Unknown STM32CubeMX version: 6.14.1
2025-12-27 11:41:58,225 [ERROR] AppliInfo:139 - Unknown STM32CubeMX version: 6.14.1
2025-12-27 11:41:58,225 [ERROR] AppliInfo:139 - Unknown STM32CubeMX version: 6.14.1
2025-12-27 11:41:58,225 [ERROR] AppliInfo:139 - Unknown STM32CubeMX version: 6.14.1
2025-12-27 11:41:58,225 [ERROR] AppliInfo:139 - Unknown STM32CubeMX version: 6.14.1
2025-12-27 11:41:58,225 [ERROR] AppliInfo:139 - Unknown STM32CubeMX version: 6.14.1
2025-12-27 11:41:58,225 [ERROR] AppliInfo:139 - Unknown STM32CubeMX version: 6.14.1
2025-12-27 11:41:58,226 [ERROR] AppliInfo:139 - Unknown STM32CubeMX version: 6.14.1
2025-12-27 11:41:58,226 [ERROR] AppliInfo:139 - Unknown STM32CubeMX version: 6.14.1
2025-12-27 11:41:58,226 [ERROR] AppliInfo:139 - Unknown STM32CubeMX version: 6.14.1
2025-12-27 11:41:58,226 [ERROR] AppliInfo:139 - Unknown STM32CubeMX version: 6.14.1
2025-12-27 11:41:58,226 [ERROR] AppliInfo:139 - Unknown STM32CubeMX version: 6.14.1
2025-12-27 11:41:58,226 [ERROR] AppliInfo:139 - Unknown STM32CubeMX version: 6.14.1
2025-12-27 11:41:58,226 [ERROR] AppliInfo:139 - Unknown STM32CubeMX version: 6.14.1
2025-12-27 11:41:58,226 [ERROR] AppliInfo:139 - Unknown STM32CubeMX version: 6.14.1
2025-12-27 11:41:58,226 [ERROR] AppliInfo:139 - Unknown STM32CubeMX version: 6.14.1
2025-12-27 11:41:58,227 [ERROR] AppliInfo:139 - Unknown STM32CubeMX version: 6.14.1
2025-12-27 11:41:58,227 [ERROR] AppliInfo:139 - Unknown STM32CubeMX version: 6.14.1
2025-12-27 11:41:58,227 [ERROR] AppliInfo:139 - Unknown STM32CubeMX version: 6.14.1
2025-12-27 11:41:58,227 [ERROR] AppliInfo:139 - Unknown STM32CubeMX version: 6.14.1
2025-12-27 11:41:58,227 [ERROR] AppliInfo:139 - Unknown STM32CubeMX version: 6.14.1
2025-12-27 11:41:58,227 [ERROR] AppliInfo:139 - Unknown STM32CubeMX version: 6.14.1
2025-12-27 11:41:58,227 [ERROR] AppliInfo:139 - Unknown STM32CubeMX version: 6.14.1
2025-12-27 11:41:58,227 [ERROR] AppliInfo:139 - Unknown STM32CubeMX version: 6.14.1
2025-12-27 11:41:58,227 [ERROR] AppliInfo:139 - Unknown STM32CubeMX version: 6.14.1
2025-12-27 11:41:58,227 [ERROR] AppliInfo:139 - Unknown STM32CubeMX version: 6.14.1
2025-12-27 11:41:58,227 [ERROR] AppliInfo:139 - Unknown STM32CubeMX version: 6.14.1
2025-12-27 11:41:58,228 [ERROR] AppliInfo:139 - Unknown STM32CubeMX version: 6.14.1
2025-12-27 11:41:58,228 [ERROR] AppliInfo:139 - Unknown STM32CubeMX version: 6.14.1
2025-12-27 11:41:58,228 [ERROR] AppliInfo:139 - Unknown STM32CubeMX version: 6.14.1
2025-12-27 11:41:58,228 [ERROR] AppliInfo:139 - Unknown STM32CubeMX version: 6.14.1
2025-12-27 11:41:58,228 [ERROR] AppliInfo:139 - Unknown STM32CubeMX version: 6.14.1
2025-12-27 11:41:58,228 [ERROR] AppliInfo:139 - Unknown STM32CubeMX version: 6.14.1
2025-12-27 11:41:58,228 [ERROR] AppliInfo:139 - Unknown STM32CubeMX version: 6.14.1
2025-12-27 11:41:58,228 [ERROR] AppliInfo:139 - Unknown STM32CubeMX version: 6.14.1
2025-12-27 11:41:58,228 [ERROR] AppliInfo:139 - Unknown STM32CubeMX version: 6.14.1
2025-12-27 11:41:58,228 [ERROR] AppliInfo:139 - Unknown STM32CubeMX version: 6.14.1
2025-12-27 11:41:58,228 [ERROR] AppliInfo:139 - Unknown STM32CubeMX version: 6.14.1
2025-12-27 11:41:58,228 [ERROR] AppliInfo:139 - Unknown STM32CubeMX version: 6.14.1
2025-12-27 11:41:58,228 [ERROR] AppliInfo:139 - Unknown STM32CubeMX version: 6.14.1
2025-12-27 11:41:58,229 [ERROR] AppliInfo:139 - Unknown STM32CubeMX version: 6.14.1
2025-12-27 11:41:58,229 [ERROR] AppliInfo:139 - Unknown STM32CubeMX version: 6.14.1
2025-12-27 11:41:58,229 [ERROR] AppliInfo:139 - Unknown STM32CubeMX version: 6.14.1
2025-12-27 11:41:58,229 [ERROR] AppliInfo:139 - Unknown STM32CubeMX version: 6.14.1
2025-12-27 11:41:58,229 [ERROR] AppliInfo:139 - Unknown STM32CubeMX version: 6.14.1
2025-12-27 11:41:58,229 [ERROR] AppliInfo:139 - Unknown STM32CubeMX version: 6.14.1
2025-12-27 11:41:58,229 [ERROR] AppliInfo:139 - Unknown STM32CubeMX version: 6.14.1
2025-12-27 11:41:58,229 [ERROR] AppliInfo:139 - Unknown STM32CubeMX version: 6.14.1
2025-12-27 11:41:58,229 [ERROR] AppliInfo:139 - Unknown STM32CubeMX version: 6.14.1
2025-12-27 11:41:58,229 [ERROR] AppliInfo:139 - Unknown STM32CubeMX version: 6.14.1
2025-12-27 11:41:58,229 [ERROR] AppliInfo:139 - Unknown STM32CubeMX version: 6.14.1
2025-12-27 11:41:58,230 [ERROR] AppliInfo:139 - Unknown STM32CubeMX version: 6.14.1
2025-12-27 11:41:58,230 [ERROR] AppliInfo:139 - Unknown STM32CubeMX version: 6.14.1
2025-12-27 11:41:58,230 [ERROR] AppliInfo:139 - Unknown STM32CubeMX version: 6.14.1
2025-12-27 11:41:58,230 [ERROR] AppliInfo:139 - Unknown STM32CubeMX version: 6.14.1
2025-12-27 11:41:58,230 [ERROR] AppliInfo:139 - Unknown STM32CubeMX version: 6.14.1
2025-12-27 11:41:58,230 [ERROR] AppliInfo:139 - Unknown STM32CubeMX version: 6.14.1
2025-12-27 11:41:58,230 [ERROR] AppliInfo:139 - Unknown STM32CubeMX version: 6.14.1
2025-12-27 11:41:58,230 [ERROR] AppliInfo:139 - Unknown STM32CubeMX version: 6.14.1
2025-12-27 11:41:58,230 [ERROR] AppliInfo:139 - Unknown STM32CubeMX version: 6.14.1
2025-12-27 11:41:58,230 [ERROR] AppliInfo:139 - Unknown STM32CubeMX version: 6.14.1
2025-12-27 11:41:58,230 [ERROR] AppliInfo:139 - Unknown STM32CubeMX version: 6.14.1
2025-12-27 11:41:58,230 [ERROR] AppliInfo:139 - Unknown STM32CubeMX version: 6.14.1
2025-12-27 11:41:58,231 [ERROR] AppliInfo:139 - Unknown STM32CubeMX version: 6.14.1
2025-12-27 11:41:58,231 [ERROR] AppliInfo:139 - Unknown STM32CubeMX version: 6.14.1
2025-12-27 11:41:58,231 [ERROR] AppliInfo:139 - Unknown STM32CubeMX version: 6.14.1
2025-12-27 11:41:58,231 [ERROR] AppliInfo:139 - Unknown STM32CubeMX version: 6.14.1
2025-12-27 11:41:58,231 [ERROR] AppliInfo:139 - Unknown STM32CubeMX version: 6.14.1
2025-12-27 11:41:58,231 [ERROR] AppliInfo:139 - Unknown STM32CubeMX version: 6.14.1
2025-12-27 11:41:58,231 [ERROR] AppliInfo:139 - Unknown STM32CubeMX version: 6.14.1
2025-12-27 11:41:58,231 [ERROR] AppliInfo:139 - Unknown STM32CubeMX version: 6.14.1
2025-12-27 11:41:58,231 [ERROR] AppliInfo:139 - Unknown STM32CubeMX version: 6.14.1
2025-12-27 11:41:58,231 [ERROR] AppliInfo:139 - Unknown STM32CubeMX version: 6.14.1
2025-12-27 11:41:58,231 [ERROR] AppliInfo:139 - Unknown STM32CubeMX version: 6.14.1
2025-12-27 11:41:58,232 [ERROR] AppliInfo:139 - Unknown STM32CubeMX version: 6.14.1
2025-12-27 11:41:58,232 [ERROR] AppliInfo:139 - Unknown STM32CubeMX version: 6.14.1
2025-12-27 11:41:58,232 [ERROR] AppliInfo:139 - Unknown STM32CubeMX version: 6.14.1
2025-12-27 11:41:58,242 [ERROR] AppliInfo:139 - Unknown STM32CubeMX version: 6.15.0
2025-12-27 11:41:58,243 [ERROR] AppliInfo:139 - Unknown STM32CubeMX version: 6.15.0
2025-12-27 11:41:58,243 [ERROR] AppliInfo:139 - Unknown STM32CubeMX version: 6.15.0
2025-12-27 11:41:58,243 [ERROR] AppliInfo:139 - Unknown STM32CubeMX version: 6.15.0
2025-12-27 11:41:58,243 [ERROR] AppliInfo:139 - Unknown STM32CubeMX version: 6.15.0
2025-12-27 11:41:58,243 [ERROR] AppliInfo:139 - Unknown STM32CubeMX version: 6.15.0
2025-12-27 11:41:58,243 [ERROR] AppliInfo:139 - Unknown STM32CubeMX version: 6.15.0
2025-12-27 11:41:58,243 [ERROR] AppliInfo:139 - Unknown STM32CubeMX version: 6.15.0
2025-12-27 11:41:58,243 [ERROR] AppliInfo:139 - Unknown STM32CubeMX version: 6.15.0
2025-12-27 11:41:58,243 [ERROR] AppliInfo:139 - Unknown STM32CubeMX version: 6.15.0
2025-12-27 11:41:58,244 [ERROR] AppliInfo:139 - Unknown STM32CubeMX version: 6.15.0
2025-12-27 11:41:58,244 [ERROR] AppliInfo:139 - Unknown STM32CubeMX version: 6.15.0
2025-12-27 11:41:58,244 [ERROR] AppliInfo:139 - Unknown STM32CubeMX version: 6.15.0
2025-12-27 11:41:58,244 [ERROR] AppliInfo:139 - Unknown STM32CubeMX version: 6.15.0
2025-12-27 11:41:58,244 [ERROR] AppliInfo:139 - Unknown STM32CubeMX version: 6.15.0
2025-12-27 11:41:58,244 [ERROR] AppliInfo:139 - Unknown STM32CubeMX version: 6.15.0
2025-12-27 11:41:58,244 [ERROR] AppliInfo:139 - Unknown STM32CubeMX version: 6.15.0
2025-12-27 11:41:58,245 [ERROR] AppliInfo:139 - Unknown STM32CubeMX version: 6.15.0
2025-12-27 11:41:58,245 [ERROR] AppliInfo:139 - Unknown STM32CubeMX version: 6.15.0
2025-12-27 11:41:58,245 [ERROR] AppliInfo:139 - Unknown STM32CubeMX version: 6.15.0
2025-12-27 11:42:03,539 [ERROR] AppliInfo:139 - Unknown STM32CubeMX version: 6.14.1
2025-12-27 11:42:03,539 [ERROR] AppliInfo:139 - Unknown STM32CubeMX version: 6.14.1
2025-12-27 11:42:03,539 [ERROR] AppliInfo:139 - Unknown STM32CubeMX version: 6.14.1
2025-12-27 11:42:03,539 [ERROR] AppliInfo:139 - Unknown STM32CubeMX version: 6.14.1
2025-12-27 11:42:03,539 [ERROR] AppliInfo:139 - Unknown STM32CubeMX version: 6.14.1
2025-12-27 11:42:03,539 [ERROR] AppliInfo:139 - Unknown STM32CubeMX version: 6.14.1
2025-12-27 11:42:03,539 [ERROR] AppliInfo:139 - Unknown STM32CubeMX version: 6.14.1
2025-12-27 11:42:03,659 [ERROR] AppliInfo:139 - Unknown STM32CubeMX version: 6.16.0
2025-12-27 11:42:03,659 [ERROR] AppliInfo:139 - Unknown STM32CubeMX version: 6.16.0
2025-12-27 11:42:03,660 [ERROR] AppliInfo:139 - Unknown STM32CubeMX version: 6.16.0
2025-12-27 11:42:03,660 [ERROR] AppliInfo:139 - Unknown STM32CubeMX version: 6.16.0
2025-12-27 11:42:03,660 [ERROR] AppliInfo:139 - Unknown STM32CubeMX version: 6.16.0
2025-12-27 11:42:03,661 [ERROR] AppliInfo:139 - Unknown STM32CubeMX version: 6.15.0
2025-12-27 11:42:03,661 [ERROR] AppliInfo:139 - Unknown STM32CubeMX version: 6.15.0
2025-12-27 11:42:03,661 [ERROR] AppliInfo:139 - Unknown STM32CubeMX version: 6.15.0
2025-12-27 11:42:03,661 [ERROR] AppliInfo:139 - Unknown STM32CubeMX version: 6.15.0
2025-12-27 11:42:03,661 [ERROR] AppliInfo:139 - Unknown STM32CubeMX version: 6.15.0
2025-12-27 11:42:03,669 [ERROR] AppliInfo:139 - Unknown STM32CubeMX version: 6.16.0
2025-12-27 11:42:03,669 [ERROR] AppliInfo:139 - Unknown STM32CubeMX version: 6.16.0
2025-12-27 11:42:03,669 [ERROR] AppliInfo:139 - Unknown STM32CubeMX version: 6.16.0
2025-12-27 11:42:03,670 [ERROR] AppliInfo:139 - Unknown STM32CubeMX version: 6.16.0
2025-12-27 11:42:03,748 [ERROR] AppliInfo:139 - Unknown STM32CubeMX version: 6.16.0
2025-12-27 11:42:03,749 [ERROR] AppliInfo:139 - Unknown STM32CubeMX version: 6.16.0
2025-12-27 11:42:03,757 [ERROR] AppliInfo:139 - Unknown STM32CubeMX version: 6.16.0
2025-12-27 11:42:03,758 [ERROR] AppliInfo:139 - Unknown STM32CubeMX version: 6.16.0
2025-12-27 11:42:03,758 [ERROR] AppliInfo:139 - Unknown STM32CubeMX version: 6.16.0
2025-12-27 11:42:03,758 [ERROR] AppliInfo:139 - Unknown STM32CubeMX version: 6.16.0
2025-12-27 11:42:03,759 [ERROR] AppliInfo:139 - Unknown STM32CubeMX version: 6.16.0
2025-12-27 11:42:03,759 [ERROR] AppliInfo:139 - Unknown STM32CubeMX version: 6.16.0
2025-12-27 11:42:03,759 [ERROR] AppliInfo:139 - Unknown STM32CubeMX version: 6.16.0
2025-12-27 11:42:03,759 [ERROR] AppliInfo:139 - Unknown STM32CubeMX version: 6.16.0
2025-12-27 11:42:03,759 [ERROR] AppliInfo:139 - Unknown STM32CubeMX version: 6.16.0
2025-12-27 11:42:03,759 [ERROR] AppliInfo:139 - Unknown STM32CubeMX version: 6.15.0
2025-12-27 11:42:03,759 [ERROR] AppliInfo:139 - Unknown STM32CubeMX version: 6.15.0
2025-12-27 11:42:03,759 [ERROR] AppliInfo:139 - Unknown STM32CubeMX version: 6.15.0
2025-12-27 11:42:03,760 [ERROR] AppliInfo:139 - Unknown STM32CubeMX version: 6.15.0
2025-12-27 11:42:03,760 [ERROR] AppliInfo:139 - Unknown STM32CubeMX version: 6.15.0
2025-12-27 11:42:03,760 [ERROR] AppliInfo:139 - Unknown STM32CubeMX version: 6.16.0
2025-12-27 11:42:03,760 [ERROR] AppliInfo:139 - Unknown STM32CubeMX version: 6.16.0
2025-12-27 11:42:03,761 [ERROR] AppliInfo:139 - Unknown STM32CubeMX version: 6.15.0
2025-12-27 11:42:03,761 [ERROR] AppliInfo:139 - Unknown STM32CubeMX version: 6.16.0
2025-12-27 11:42:03,761 [ERROR] AppliInfo:139 - Unknown STM32CubeMX version: 6.16.0
2025-12-27 11:42:03,761 [ERROR] AppliInfo:139 - Unknown STM32CubeMX version: 6.16.0
2025-12-27 11:42:03,762 [ERROR] AppliInfo:139 - Unknown STM32CubeMX version: 6.16.0
2025-12-27 11:42:03,762 [ERROR] AppliInfo:139 - Unknown STM32CubeMX version: 6.16.0
2025-12-27 11:42:03,762 [ERROR] AppliInfo:139 - Unknown STM32CubeMX version: 6.16.0
2025-12-27 11:42:03,762 [ERROR] AppliInfo:139 - Unknown STM32CubeMX version: 6.16.0
2025-12-27 11:42:03,781 [ERROR] AppliInfo:139 - Unknown STM32CubeMX version: 6.15.0
2025-12-27 11:42:03,782 [ERROR] AppliInfo:139 - Unknown STM32CubeMX version: 6.15.0
2025-12-27 11:42:03,789 [ERROR] AppliInfo:139 - Unknown STM32CubeMX version: 6.15.0
2025-12-27 11:42:03,795 [ERROR] AppliInfo:139 - Unknown STM32CubeMX version: 6.16.0
2025-12-27 11:42:03,795 [ERROR] AppliInfo:139 - Unknown STM32CubeMX version: 6.16.0
2025-12-27 11:42:03,804 [ERROR] AppliInfo:139 - Unknown STM32CubeMX version: 6.16.0
2025-12-27 11:42:03,804 [ERROR] AppliInfo:139 - Unknown STM32CubeMX version: 6.16.0
2025-12-27 11:42:03,804 [ERROR] AppliInfo:139 - Unknown STM32CubeMX version: 6.16.0
2025-12-27 11:42:03,804 [ERROR] AppliInfo:139 - Unknown STM32CubeMX version: 6.16.0
2025-12-27 11:42:03,804 [ERROR] AppliInfo:139 - Unknown STM32CubeMX version: 6.16.0
2025-12-27 11:42:03,804 [ERROR] AppliInfo:139 - Unknown STM32CubeMX version: 6.16.0
2025-12-27 11:42:03,804 [ERROR] AppliInfo:139 - Unknown STM32CubeMX version: 6.16.0
2025-12-27 11:42:03,805 [ERROR] AppliInfo:139 - Unknown STM32CubeMX version: 6.16.0
2025-12-27 11:42:03,805 [ERROR] AppliInfo:139 - Unknown STM32CubeMX version: 6.16.0
2025-12-27 11:42:03,805 [ERROR] AppliInfo:139 - Unknown STM32CubeMX version: 6.16.0
2025-12-27 11:42:03,805 [ERROR] AppliInfo:139 - Unknown STM32CubeMX version: 6.16.0
2025-12-27 11:42:03,805 [ERROR] AppliInfo:139 - Unknown STM32CubeMX version: 6.16.0
2025-12-27 11:42:03,805 [ERROR] AppliInfo:139 - Unknown STM32CubeMX version: 6.16.0
2025-12-27 11:42:03,807 [ERROR] AppliInfo:139 - Unknown STM32CubeMX version: 6.16.0
2025-12-27 11:42:03,807 [ERROR] AppliInfo:139 - Unknown STM32CubeMX version: 6.16.0
2025-12-27 11:42:03,807 [ERROR] AppliInfo:139 - Unknown STM32CubeMX version: 6.16.0
2025-12-27 11:42:03,807 [ERROR] AppliInfo:139 - Unknown STM32CubeMX version: 6.16.0
2025-12-27 11:42:03,807 [ERROR] AppliInfo:139 - Unknown STM32CubeMX version: 6.16.0
2025-12-27 11:42:03,807 [ERROR] AppliInfo:139 - Unknown STM32CubeMX version: 6.16.0
2025-12-27 11:42:03,807 [ERROR] AppliInfo:139 - Unknown STM32CubeMX version: 6.16.0
2025-12-27 11:42:03,807 [ERROR] AppliInfo:139 - Unknown STM32CubeMX version: 6.16.0
2025-12-27 11:42:03,807 [ERROR] AppliInfo:139 - Unknown STM32CubeMX version: 6.16.0
2025-12-27 11:42:03,807 [ERROR] AppliInfo:139 - Unknown STM32CubeMX version: 6.16.0
2025-12-27 11:42:03,807 [ERROR] AppliInfo:139 - Unknown STM32CubeMX version: 6.16.0
2025-12-27 11:42:03,807 [ERROR] AppliInfo:139 - Unknown STM32CubeMX version: 6.16.0
2025-12-27 11:42:03,808 [ERROR] AppliInfo:139 - Unknown STM32CubeMX version: 6.16.0
2025-12-27 11:42:03,808 [ERROR] AppliInfo:139 - Unknown STM32CubeMX version: 6.16.0
2025-12-27 11:42:03,808 [ERROR] AppliInfo:139 - Unknown STM32CubeMX version: 6.16.0
2025-12-27 11:42:03,809 [ERROR] AppliInfo:139 - Unknown STM32CubeMX version: 6.16.0
2025-12-27 11:42:03,809 [ERROR] AppliInfo:139 - Unknown STM32CubeMX version: 6.16.0
2025-12-27 11:42:03,809 [ERROR] AppliInfo:139 - Unknown STM32CubeMX version: 6.16.0
2025-12-27 11:42:03,809 [ERROR] AppliInfo:139 - Unknown STM32CubeMX version: 6.16.0
2025-12-27 11:42:03,809 [ERROR] AppliInfo:139 - Unknown STM32CubeMX version: 6.16.0
2025-12-27 11:42:03,809 [ERROR] AppliInfo:139 - Unknown STM32CubeMX version: 6.16.0
2025-12-27 11:42:03,809 [ERROR] AppliInfo:139 - Unknown STM32CubeMX version: 6.16.0
2025-12-27 11:42:03,809 [ERROR] AppliInfo:139 - Unknown STM32CubeMX version: 6.16.0
2025-12-27 11:42:03,809 [ERROR] AppliInfo:139 - Unknown STM32CubeMX version: 6.16.0
2025-12-27 11:42:03,810 [ERROR] AppliInfo:139 - Unknown STM32CubeMX version: 6.16.0
2025-12-27 11:42:03,810 [ERROR] AppliInfo:139 - Unknown STM32CubeMX version: 6.16.0
2025-12-27 11:42:03,810 [ERROR] AppliInfo:139 - Unknown STM32CubeMX version: 6.16.0
2025-12-27 11:42:03,810 [ERROR] AppliInfo:139 - Unknown STM32CubeMX version: 6.16.0
2025-12-27 11:42:03,827 [ERROR] AppliInfo:139 - Unknown STM32CubeMX version: 6.16.0
2025-12-27 11:42:03,828 [ERROR] AppliInfo:139 - Unknown STM32CubeMX version: 6.16.0
2025-12-27 11:42:03,830 [ERROR] AppliInfo:139 - Unknown STM32CubeMX version: 6.16.0
2025-12-27 11:42:03,830 [ERROR] AppliInfo:139 - Unknown STM32CubeMX version: 6.16.0
2025-12-27 11:42:03,830 [ERROR] AppliInfo:139 - Unknown STM32CubeMX version: 6.16.0
2025-12-27 11:42:03,830 [ERROR] AppliInfo:139 - Unknown STM32CubeMX version: 6.16.0
2025-12-27 11:42:03,830 [ERROR] AppliInfo:139 - Unknown STM32CubeMX version: 6.16.0
2025-12-27 11:42:03,830 [ERROR] AppliInfo:139 - Unknown STM32CubeMX version: 6.16.0
2025-12-27 11:42:03,830 [ERROR] AppliInfo:139 - Unknown STM32CubeMX version: 6.16.0
2025-12-27 11:42:03,831 [ERROR] AppliInfo:139 - Unknown STM32CubeMX version: 6.16.0
2025-12-27 11:42:03,831 [ERROR] AppliInfo:139 - Unknown STM32CubeMX version: 6.16.0
2025-12-27 11:42:03,831 [ERROR] AppliInfo:139 - Unknown STM32CubeMX version: 6.16.0
2025-12-27 11:42:03,832 [ERROR] AppliInfo:139 - Unknown STM32CubeMX version: 6.16.0
2025-12-27 11:42:03,832 [ERROR] AppliInfo:139 - Unknown STM32CubeMX version: 6.16.0
2025-12-27 11:42:03,832 [ERROR] AppliInfo:139 - Unknown STM32CubeMX version: 6.16.0
2025-12-27 11:42:03,832 [ERROR] AppliInfo:139 - Unknown STM32CubeMX version: 6.16.0
2025-12-27 11:42:03,832 [ERROR] AppliInfo:139 - Unknown STM32CubeMX version: 6.16.0
2025-12-27 11:42:03,832 [ERROR] AppliInfo:139 - Unknown STM32CubeMX version: 6.16.0
2025-12-27 11:42:03,832 [ERROR] AppliInfo:139 - Unknown STM32CubeMX version: 6.16.0
2025-12-27 11:42:03,832 [ERROR] AppliInfo:139 - Unknown STM32CubeMX version: 6.16.0
2025-12-27 11:42:03,833 [ERROR] AppliInfo:139 - Unknown STM32CubeMX version: 6.16.0
2025-12-27 11:42:03,833 [ERROR] AppliInfo:139 - Unknown STM32CubeMX version: 6.16.0
2025-12-27 11:42:03,833 [ERROR] AppliInfo:139 - Unknown STM32CubeMX version: 6.16.0
2025-12-27 11:42:03,833 [ERROR] AppliInfo:139 - Unknown STM32CubeMX version: 6.16.0
2025-12-27 11:42:03,833 [ERROR] AppliInfo:139 - Unknown STM32CubeMX version: 6.16.0
2025-12-27 11:42:03,833 [ERROR] AppliInfo:139 - Unknown STM32CubeMX version: 6.16.0
2025-12-27 11:42:03,833 [ERROR] AppliInfo:139 - Unknown STM32CubeMX version: 6.16.0
2025-12-27 11:42:03,833 [ERROR] AppliInfo:139 - Unknown STM32CubeMX version: 6.16.0
2025-12-27 11:42:03,833 [ERROR] AppliInfo:139 - Unknown STM32CubeMX version: 6.16.0
2025-12-27 11:42:03,834 [ERROR] AppliInfo:139 - Unknown STM32CubeMX version: 6.16.0
2025-12-27 11:42:03,834 [ERROR] AppliInfo:139 - Unknown STM32CubeMX version: 6.16.0
2025-12-27 11:42:03,834 [ERROR] AppliInfo:139 - Unknown STM32CubeMX version: 6.15.0
2025-12-27 11:42:03,834 [ERROR] AppliInfo:139 - Unknown STM32CubeMX version: 6.16.0
2025-12-27 11:42:03,834 [ERROR] AppliInfo:139 - Unknown STM32CubeMX version: 6.16.0
2025-12-27 11:42:03,834 [ERROR] AppliInfo:139 - Unknown STM32CubeMX version: 6.16.0
2025-12-27 11:42:03,834 [ERROR] AppliInfo:139 - Unknown STM32CubeMX version: 6.16.0
2025-12-27 11:42:03,835 [ERROR] AppliInfo:139 - Unknown STM32CubeMX version: 6.15.0
2025-12-27 11:42:03,835 [ERROR] AppliInfo:139 - Unknown STM32CubeMX version: 6.16.0
2025-12-27 11:42:03,835 [ERROR] AppliInfo:139 - Unknown STM32CubeMX version: 6.16.0
2025-12-27 11:42:03,835 [ERROR] AppliInfo:139 - Unknown STM32CubeMX version: 6.15.0
2025-12-27 11:42:03,835 [ERROR] AppliInfo:139 - Unknown STM32CubeMX version: 6.16.0
2025-12-27 11:42:03,835 [ERROR] AppliInfo:139 - Unknown STM32CubeMX version: 6.16.0
2025-12-27 11:42:03,835 [ERROR] AppliInfo:139 - Unknown STM32CubeMX version: 6.15.0
2025-12-27 11:42:03,835 [ERROR] AppliInfo:139 - Unknown STM32CubeMX version: 6.16.0
2025-12-27 11:42:03,835 [ERROR] AppliInfo:139 - Unknown STM32CubeMX version: 6.16.0
2025-12-27 11:42:03,835 [ERROR] AppliInfo:139 - Unknown STM32CubeMX version: 6.16.0
2025-12-27 11:42:03,837 [ERROR] AppliInfo:139 - Unknown STM32CubeMX version: 6.16.0
2025-12-27 11:42:03,837 [ERROR] AppliInfo:139 - Unknown STM32CubeMX version: 6.16.0
2025-12-27 11:42:03,841 [ERROR] AppliInfo:139 - Unknown STM32CubeMX version: 6.16.0
2025-12-27 11:42:03,841 [ERROR] AppliInfo:139 - Unknown STM32CubeMX version: 6.16.0
2025-12-27 11:42:03,842 [ERROR] AppliInfo:139 - Unknown STM32CubeMX version: 6.16.0
2025-12-27 11:42:03,842 [ERROR] AppliInfo:139 - Unknown STM32CubeMX version: 6.16.0
2025-12-27 11:42:03,842 [ERROR] AppliInfo:139 - Unknown STM32CubeMX version: 6.16.0
2025-12-27 11:42:03,842 [ERROR] AppliInfo:139 - Unknown STM32CubeMX version: 6.16.0
2025-12-27 11:42:03,842 [ERROR] AppliInfo:139 - Unknown STM32CubeMX version: 6.16.0
2025-12-27 11:42:03,842 [ERROR] AppliInfo:139 - Unknown STM32CubeMX version: 6.15.0
2025-12-27 11:42:03,842 [ERROR] AppliInfo:139 - Unknown STM32CubeMX version: 6.15.0
2025-12-27 11:42:03,843 [ERROR] AppliInfo:139 - Unknown STM32CubeMX version: 6.15.0
2025-12-27 11:42:03,843 [ERROR] AppliInfo:139 - Unknown STM32CubeMX version: 6.15.0
2025-12-27 11:42:03,843 [ERROR] AppliInfo:139 - Unknown STM32CubeMX version: 6.16.0
2025-12-27 11:42:03,843 [ERROR] AppliInfo:139 - Unknown STM32CubeMX version: 6.16.0
2025-12-27 11:42:03,843 [ERROR] AppliInfo:139 - Unknown STM32CubeMX version: 6.16.0
2025-12-27 11:42:03,843 [ERROR] AppliInfo:139 - Unknown STM32CubeMX version: 6.16.0
2025-12-27 11:42:03,843 [ERROR] AppliInfo:139 - Unknown STM32CubeMX version: 6.16.0
2025-12-27 11:42:03,843 [ERROR] AppliInfo:139 - Unknown STM32CubeMX version: 6.16.0
2025-12-27 11:42:03,843 [ERROR] AppliInfo:139 - Unknown STM32CubeMX version: 6.16.0
2025-12-27 11:42:03,843 [ERROR] AppliInfo:139 - Unknown STM32CubeMX version: 6.16.0
2025-12-27 11:42:03,843 [ERROR] AppliInfo:139 - Unknown STM32CubeMX version: 6.16.0
2025-12-27 11:42:03,844 [ERROR] AppliInfo:139 - Unknown STM32CubeMX version: 6.15.0
2025-12-27 11:42:03,844 [ERROR] AppliInfo:139 - Unknown STM32CubeMX version: 6.15.0
2025-12-27 11:42:03,844 [ERROR] AppliInfo:139 - Unknown STM32CubeMX version: 6.15.0
2025-12-27 11:42:03,844 [ERROR] AppliInfo:139 - Unknown STM32CubeMX version: 6.16.0
2025-12-27 11:42:03,844 [ERROR] AppliInfo:139 - Unknown STM32CubeMX version: 6.16.0
2025-12-27 11:42:03,844 [ERROR] AppliInfo:139 - Unknown STM32CubeMX version: 6.16.0
2025-12-27 11:42:03,844 [ERROR] AppliInfo:139 - Unknown STM32CubeMX version: 6.16.0
2025-12-27 11:42:03,844 [ERROR] AppliInfo:139 - Unknown STM32CubeMX version: 6.16.0
2025-12-27 11:42:03,844 [ERROR] AppliInfo:139 - Unknown STM32CubeMX version: 6.16.0
2025-12-27 11:42:03,844 [ERROR] AppliInfo:139 - Unknown STM32CubeMX version: 6.16.0
2025-12-27 11:42:03,844 [ERROR] AppliInfo:139 - Unknown STM32CubeMX version: 6.16.0
2025-12-27 11:42:03,845 [ERROR] AppliInfo:139 - Unknown STM32CubeMX version: 6.16.0
2025-12-27 11:42:03,845 [ERROR] AppliInfo:139 - Unknown STM32CubeMX version: 6.16.0
2025-12-27 11:42:03,845 [ERROR] AppliInfo:139 - Unknown STM32CubeMX version: 6.16.0
2025-12-27 11:42:03,845 [ERROR] AppliInfo:139 - Unknown STM32CubeMX version: 6.15.0
2025-12-27 11:42:03,845 [ERROR] AppliInfo:139 - Unknown STM32CubeMX version: 6.16.0
2025-12-27 11:42:03,845 [ERROR] AppliInfo:139 - Unknown STM32CubeMX version: 6.16.0
2025-12-27 11:42:03,845 [ERROR] AppliInfo:139 - Unknown STM32CubeMX version: 6.15.0
2025-12-27 11:42:03,845 [ERROR] AppliInfo:139 - Unknown STM32CubeMX version: 6.16.0
2025-12-27 11:42:03,845 [ERROR] AppliInfo:139 - Unknown STM32CubeMX version: 6.16.0
2025-12-27 11:42:03,845 [ERROR] AppliInfo:139 - Unknown STM32CubeMX version: 6.15.0
2025-12-27 11:42:03,845 [ERROR] AppliInfo:139 - Unknown STM32CubeMX version: 6.16.0
2025-12-27 11:42:03,845 [ERROR] AppliInfo:139 - Unknown STM32CubeMX version: 6.15.0
2025-12-27 11:42:03,845 [ERROR] AppliInfo:139 - Unknown STM32CubeMX version: 6.16.0
2025-12-27 11:42:03,846 [ERROR] AppliInfo:139 - Unknown STM32CubeMX version: 6.16.0
2025-12-27 11:42:03,846 [ERROR] AppliInfo:139 - Unknown STM32CubeMX version: 6.16.0
2025-12-27 11:42:03,846 [ERROR] AppliInfo:139 - Unknown STM32CubeMX version: 6.16.0
2025-12-27 11:42:03,846 [ERROR] AppliInfo:139 - Unknown STM32CubeMX version: 6.16.0
2025-12-27 11:42:03,846 [ERROR] AppliInfo:139 - Unknown STM32CubeMX version: 6.15.0
2025-12-27 11:42:03,846 [ERROR] AppliInfo:139 - Unknown STM32CubeMX version: 6.16.0
2025-12-27 11:42:03,846 [ERROR] AppliInfo:139 - Unknown STM32CubeMX version: 6.16.0
2025-12-27 11:42:03,846 [ERROR] AppliInfo:139 - Unknown STM32CubeMX version: 6.16.0
2025-12-27 11:42:03,846 [ERROR] AppliInfo:139 - Unknown STM32CubeMX version: 6.16.0
2025-12-27 11:42:03,846 [ERROR] AppliInfo:139 - Unknown STM32CubeMX version: 6.16.0
2025-12-27 11:42:03,846 [ERROR] AppliInfo:139 - Unknown STM32CubeMX version: 6.16.0
2025-12-27 11:42:03,846 [ERROR] AppliInfo:139 - Unknown STM32CubeMX version: 6.16.0
2025-12-27 11:42:03,846 [ERROR] AppliInfo:139 - Unknown STM32CubeMX version: 6.16.0
2025-12-27 11:42:03,846 [ERROR] AppliInfo:139 - Unknown STM32CubeMX version: 6.16.0
2025-12-27 11:42:03,848 [ERROR] AppliInfo:139 - Unknown STM32CubeMX version: 6.16.0
2025-12-27 11:42:03,848 [ERROR] AppliInfo:139 - Unknown STM32CubeMX version: 6.16.0
2025-12-27 11:42:03,848 [ERROR] AppliInfo:139 - Unknown STM32CubeMX version: 6.16.0
2025-12-27 11:42:03,848 [ERROR] AppliInfo:139 - Unknown STM32CubeMX version: 6.16.0
2025-12-27 11:42:03,848 [ERROR] AppliInfo:139 - Unknown STM32CubeMX version: 6.16.0
2025-12-27 11:42:03,848 [ERROR] AppliInfo:139 - Unknown STM32CubeMX version: 6.16.0
2025-12-27 11:42:03,848 [ERROR] AppliInfo:139 - Unknown STM32CubeMX version: 6.16.0
2025-12-27 11:42:03,848 [ERROR] AppliInfo:139 - Unknown STM32CubeMX version: 6.16.0
2025-12-27 11:42:03,849 [ERROR] AppliInfo:139 - Unknown STM32CubeMX version: 6.16.0
2025-12-27 11:42:03,849 [ERROR] AppliInfo:139 - Unknown STM32CubeMX version: 6.16.0
2025-12-27 11:42:03,850 [ERROR] AppliInfo:139 - Unknown STM32CubeMX version: 6.16.0
2025-12-27 11:42:03,850 [ERROR] AppliInfo:139 - Unknown STM32CubeMX version: 6.16.0
2025-12-27 11:42:03,850 [ERROR] AppliInfo:139 - Unknown STM32CubeMX version: 6.15.0
2025-12-27 11:42:03,850 [ERROR] AppliInfo:139 - Unknown STM32CubeMX version: 6.15.0
2025-12-27 11:42:03,850 [ERROR] AppliInfo:139 - Unknown STM32CubeMX version: 6.15.0
2025-12-27 11:42:03,850 [ERROR] AppliInfo:139 - Unknown STM32CubeMX version: 6.15.0
2025-12-27 11:42:03,850 [ERROR] AppliInfo:139 - Unknown STM32CubeMX version: 6.16.0
2025-12-27 11:42:03,851 [ERROR] AppliInfo:139 - Unknown STM32CubeMX version: 6.16.0
2025-12-27 11:42:03,851 [ERROR] AppliInfo:139 - Unknown STM32CubeMX version: 6.16.0
2025-12-27 11:42:03,851 [ERROR] AppliInfo:139 - Unknown STM32CubeMX version: 6.16.0
2025-12-27 11:42:03,851 [ERROR] AppliInfo:139 - Unknown STM32CubeMX version: 6.16.0
2025-12-27 11:42:03,851 [ERROR] AppliInfo:139 - Unknown STM32CubeMX version: 6.16.0
2025-12-27 11:42:03,851 [ERROR] AppliInfo:139 - Unknown STM32CubeMX version: 6.16.0
2025-12-27 11:42:03,851 [ERROR] AppliInfo:139 - Unknown STM32CubeMX version: 6.16.0
2025-12-27 11:42:03,859 [ERROR] AppliInfo:139 - Unknown STM32CubeMX version: 6.16.0
2025-12-27 11:42:03,859 [ERROR] AppliInfo:139 - Unknown STM32CubeMX version: 6.16.0
2025-12-27 11:42:03,859 [ERROR] AppliInfo:139 - Unknown STM32CubeMX version: 6.16.0
2025-12-27 11:42:03,859 [ERROR] AppliInfo:139 - Unknown STM32CubeMX version: 6.16.0
2025-12-27 11:42:03,859 [ERROR] AppliInfo:139 - Unknown STM32CubeMX version: 6.16.0
2025-12-27 11:42:03,859 [ERROR] AppliInfo:139 - Unknown STM32CubeMX version: 6.16.0
2025-12-27 11:42:03,859 [ERROR] AppliInfo:139 - Unknown STM32CubeMX version: 6.16.0
2025-12-27 11:42:03,866 [ERROR] AppliInfo:139 - Unknown STM32CubeMX version: 6.16.0
2025-12-27 11:42:03,866 [ERROR] AppliInfo:139 - Unknown STM32CubeMX version: 6.16.0
2025-12-27 11:42:03,866 [ERROR] AppliInfo:139 - Unknown STM32CubeMX version: 6.16.0
2025-12-27 11:42:03,866 [ERROR] AppliInfo:139 - Unknown STM32CubeMX version: 6.16.0
2025-12-27 11:42:03,866 [ERROR] AppliInfo:139 - Unknown STM32CubeMX version: 6.16.0
2025-12-27 11:42:03,866 [ERROR] AppliInfo:139 - Unknown STM32CubeMX version: 6.16.0
2025-12-27 11:42:03,866 [ERROR] AppliInfo:139 - Unknown STM32CubeMX version: 6.16.0
2025-12-27 11:42:03,866 [ERROR] AppliInfo:139 - Unknown STM32CubeMX version: 6.16.0
2025-12-27 11:42:03,866 [ERROR] AppliInfo:139 - Unknown STM32CubeMX version: 6.16.0
2025-12-27 11:42:03,867 [ERROR] AppliInfo:139 - Unknown STM32CubeMX version: 6.16.0
2025-12-27 11:42:03,867 [ERROR] AppliInfo:139 - Unknown STM32CubeMX version: 6.15.0
2025-12-27 11:42:03,867 [ERROR] AppliInfo:139 - Unknown STM32CubeMX version: 6.15.0
2025-12-27 11:42:03,867 [ERROR] AppliInfo:139 - Unknown STM32CubeMX version: 6.15.0
2025-12-27 11:42:03,867 [ERROR] AppliInfo:139 - Unknown STM32CubeMX version: 6.16.0
2025-12-27 11:42:03,867 [ERROR] AppliInfo:139 - Unknown STM32CubeMX version: 6.16.0
2025-12-27 11:42:03,868 [ERROR] AppliInfo:139 - Unknown STM32CubeMX version: 6.15.0
2025-12-27 11:42:03,869 [ERROR] AppliInfo:139 - Unknown STM32CubeMX version: 6.15.0
2025-12-27 11:42:03,869 [ERROR] AppliInfo:139 - Unknown STM32CubeMX version: 6.15.0
2025-12-27 11:42:03,869 [ERROR] AppliInfo:139 - Unknown STM32CubeMX version: 6.15.0
2025-12-27 11:42:03,869 [ERROR] AppliInfo:139 - Unknown STM32CubeMX version: 6.16.0
2025-12-27 11:42:03,869 [ERROR] AppliInfo:139 - Unknown STM32CubeMX version: 6.16.0
2025-12-27 11:42:03,870 [ERROR] AppliInfo:139 - Unknown STM32CubeMX version: 6.15.0
2025-12-27 11:42:03,871 [ERROR] AppliInfo:139 - Unknown STM32CubeMX version: 6.16.0
2025-12-27 11:42:03,871 [ERROR] AppliInfo:139 - Unknown STM32CubeMX version: 6.16.0
2025-12-27 11:42:03,871 [ERROR] AppliInfo:139 - Unknown STM32CubeMX version: 6.16.0
2025-12-27 11:42:03,871 [ERROR] AppliInfo:139 - Unknown STM32CubeMX version: 6.16.0
2025-12-27 11:42:03,871 [ERROR] AppliInfo:139 - Unknown STM32CubeMX version: 6.16.0
2025-12-27 11:42:03,871 [ERROR] AppliInfo:139 - Unknown STM32CubeMX version: 6.16.0
2025-12-27 11:42:03,871 [ERROR] AppliInfo:139 - Unknown STM32CubeMX version: 6.16.0
2025-12-27 11:42:03,872 [ERROR] AppliInfo:139 - Unknown STM32CubeMX version: 6.16.0
2025-12-27 11:42:03,872 [ERROR] AppliInfo:139 - Unknown STM32CubeMX version: 6.16.0
2025-12-27 11:42:03,872 [ERROR] AppliInfo:139 - Unknown STM32CubeMX version: 6.16.0
2025-12-27 11:42:03,872 [ERROR] AppliInfo:139 - Unknown STM32CubeMX version: 6.16.0
2025-12-27 11:42:03,872 [ERROR] AppliInfo:139 - Unknown STM32CubeMX version: 6.16.0
2025-12-27 11:42:03,872 [ERROR] AppliInfo:139 - Unknown STM32CubeMX version: 6.16.0
2025-12-27 11:42:03,872 [ERROR] AppliInfo:139 - Unknown STM32CubeMX version: 6.16.0
2025-12-27 11:42:03,872 [ERROR] AppliInfo:139 - Unknown STM32CubeMX version: 6.16.0
2025-12-27 11:42:03,872 [ERROR] AppliInfo:139 - Unknown STM32CubeMX version: 6.16.0
2025-12-27 11:42:03,872 [ERROR] AppliInfo:139 - Unknown STM32CubeMX version: 6.16.0
2025-12-27 11:42:03,872 [ERROR] AppliInfo:139 - Unknown STM32CubeMX version: 6.16.0
2025-12-27 11:42:03,872 [ERROR] AppliInfo:139 - Unknown STM32CubeMX version: 6.16.0
2025-12-27 11:42:03,872 [ERROR] AppliInfo:139 - Unknown STM32CubeMX version: 6.16.0
2025-12-27 11:42:03,873 [ERROR] AppliInfo:139 - Unknown STM32CubeMX version: 6.16.0
2025-12-27 11:42:03,873 [ERROR] AppliInfo:139 - Unknown STM32CubeMX version: 6.16.0
2025-12-27 11:42:03,873 [ERROR] AppliInfo:139 - Unknown STM32CubeMX version: 6.16.0
2025-12-27 11:42:03,873 [ERROR] AppliInfo:139 - Unknown STM32CubeMX version: 6.16.0
2025-12-27 11:42:03,873 [ERROR] AppliInfo:139 - Unknown STM32CubeMX version: 6.16.0
2025-12-27 11:42:03,874 [ERROR] AppliInfo:139 - Unknown STM32CubeMX version: 6.16.0
2025-12-27 11:42:03,874 [ERROR] AppliInfo:139 - Unknown STM32CubeMX version: 6.16.0
2025-12-27 11:42:03,875 [ERROR] AppliInfo:139 - Unknown STM32CubeMX version: 6.15.0
2025-12-27 11:42:03,875 [ERROR] AppliInfo:139 - Unknown STM32CubeMX version: 6.15.0
2025-12-27 11:42:03,875 [ERROR] AppliInfo:139 - Unknown STM32CubeMX version: 6.15.0
2025-12-27 11:42:03,876 [ERROR] AppliInfo:139 - Unknown STM32CubeMX version: 6.15.0
2025-12-27 11:42:03,876 [ERROR] AppliInfo:139 - Unknown STM32CubeMX version: 6.15.0
2025-12-27 11:42:03,876 [ERROR] AppliInfo:139 - Unknown STM32CubeMX version: 6.15.0
2025-12-27 11:42:03,876 [ERROR] AppliInfo:139 - Unknown STM32CubeMX version: 6.15.0
2025-12-27 11:42:03,876 [ERROR] AppliInfo:139 - Unknown STM32CubeMX version: 6.15.0
2025-12-27 11:42:03,876 [ERROR] AppliInfo:139 - Unknown STM32CubeMX version: 6.15.0
2025-12-27 11:42:03,876 [ERROR] AppliInfo:139 - Unknown STM32CubeMX version: 6.15.0
2025-12-27 11:42:03,876 [ERROR] AppliInfo:139 - Unknown STM32CubeMX version: 6.15.0
2025-12-27 11:42:03,876 [ERROR] AppliInfo:139 - Unknown STM32CubeMX version: 6.15.0
2025-12-27 11:42:03,879 [ERROR] AppliInfo:139 - Unknown STM32CubeMX version: 6.14.1
2025-12-27 11:42:03,879 [ERROR] AppliInfo:139 - Unknown STM32CubeMX version: 6.14.1
2025-12-27 11:42:03,879 [ERROR] AppliInfo:139 - Unknown STM32CubeMX version: 6.14.1
2025-12-27 11:42:03,879 [ERROR] AppliInfo:139 - Unknown STM32CubeMX version: 6.14.1
2025-12-27 11:42:03,879 [ERROR] AppliInfo:139 - Unknown STM32CubeMX version: 6.14.1
2025-12-27 11:42:03,879 [ERROR] AppliInfo:139 - Unknown STM32CubeMX version: 6.14.1
2025-12-27 11:42:03,879 [ERROR] AppliInfo:139 - Unknown STM32CubeMX version: 6.14.1
2025-12-27 11:42:03,879 [ERROR] AppliInfo:139 - Unknown STM32CubeMX version: 6.14.1
2025-12-27 11:42:03,879 [ERROR] AppliInfo:139 - Unknown STM32CubeMX version: 6.14.1
2025-12-27 11:42:03,879 [ERROR] AppliInfo:139 - Unknown STM32CubeMX version: 6.14.1
2025-12-27 11:42:03,879 [ERROR] AppliInfo:139 - Unknown STM32CubeMX version: 6.14.1
2025-12-27 11:42:03,880 [ERROR] AppliInfo:139 - Unknown STM32CubeMX version: 6.14.1
2025-12-27 11:42:03,880 [ERROR] AppliInfo:139 - Unknown STM32CubeMX version: 6.14.1
2025-12-27 11:42:03,880 [ERROR] AppliInfo:139 - Unknown STM32CubeMX version: 6.14.1
2025-12-27 11:42:03,880 [ERROR] AppliInfo:139 - Unknown STM32CubeMX version: 6.14.1
2025-12-27 11:42:03,880 [ERROR] AppliInfo:139 - Unknown STM32CubeMX version: 6.14.1
2025-12-27 11:42:03,880 [ERROR] AppliInfo:139 - Unknown STM32CubeMX version: 6.14.1
2025-12-27 11:42:03,881 [ERROR] AppliInfo:139 - Unknown STM32CubeMX version: 6.14.1
2025-12-27 11:42:03,881 [ERROR] AppliInfo:139 - Unknown STM32CubeMX version: 6.14.1
2025-12-27 11:42:03,881 [ERROR] AppliInfo:139 - Unknown STM32CubeMX version: 6.14.1
2025-12-27 11:42:03,882 [ERROR] AppliInfo:139 - Unknown STM32CubeMX version: 6.14.1
2025-12-27 11:42:03,882 [ERROR] AppliInfo:139 - Unknown STM32CubeMX version: 6.14.1
2025-12-27 11:42:03,882 [ERROR] AppliInfo:139 - Unknown STM32CubeMX version: 6.14.1
2025-12-27 11:42:03,882 [ERROR] AppliInfo:139 - Unknown STM32CubeMX version: 6.14.1
2025-12-27 11:42:03,882 [ERROR] AppliInfo:139 - Unknown STM32CubeMX version: 6.14.1
2025-12-27 11:42:03,882 [ERROR] AppliInfo:139 - Unknown STM32CubeMX version: 6.14.1
2025-12-27 11:42:03,882 [ERROR] AppliInfo:139 - Unknown STM32CubeMX version: 6.14.1
2025-12-27 11:42:03,882 [ERROR] AppliInfo:139 - Unknown STM32CubeMX version: 6.14.1
2025-12-27 11:42:03,882 [ERROR] AppliInfo:139 - Unknown STM32CubeMX version: 6.14.1
2025-12-27 11:42:03,882 [ERROR] AppliInfo:139 - Unknown STM32CubeMX version: 6.14.1
2025-12-27 11:42:03,882 [ERROR] AppliInfo:139 - Unknown STM32CubeMX version: 6.14.1
2025-12-27 11:42:03,883 [ERROR] AppliInfo:139 - Unknown STM32CubeMX version: 6.14.1
2025-12-27 11:42:03,883 [ERROR] AppliInfo:139 - Unknown STM32CubeMX version: 6.14.1
2025-12-27 11:42:03,883 [ERROR] AppliInfo:139 - Unknown STM32CubeMX version: 6.14.1
2025-12-27 11:42:03,883 [ERROR] AppliInfo:139 - Unknown STM32CubeMX version: 6.14.1
2025-12-27 11:42:03,883 [ERROR] AppliInfo:139 - Unknown STM32CubeMX version: 6.14.1
2025-12-27 11:42:03,883 [ERROR] AppliInfo:139 - Unknown STM32CubeMX version: 6.14.1
2025-12-27 11:42:03,883 [ERROR] AppliInfo:139 - Unknown STM32CubeMX version: 6.14.1
2025-12-27 11:42:03,883 [ERROR] AppliInfo:139 - Unknown STM32CubeMX version: 6.14.1
2025-12-27 11:42:03,883 [ERROR] AppliInfo:139 - Unknown STM32CubeMX version: 6.14.1
2025-12-27 11:42:03,883 [ERROR] AppliInfo:139 - Unknown STM32CubeMX version: 6.14.1
2025-12-27 11:42:03,883 [ERROR] AppliInfo:139 - Unknown STM32CubeMX version: 6.14.1
2025-12-27 11:42:03,884 [ERROR] AppliInfo:139 - Unknown STM32CubeMX version: 6.14.1
2025-12-27 11:42:03,884 [ERROR] AppliInfo:139 - Unknown STM32CubeMX version: 6.14.1
2025-12-27 11:42:03,884 [ERROR] AppliInfo:139 - Unknown STM32CubeMX version: 6.14.1
2025-12-27 11:42:03,884 [ERROR] AppliInfo:139 - Unknown STM32CubeMX version: 6.14.1
2025-12-27 11:42:03,884 [ERROR] AppliInfo:139 - Unknown STM32CubeMX version: 6.14.1
2025-12-27 11:42:03,884 [ERROR] AppliInfo:139 - Unknown STM32CubeMX version: 6.14.1
2025-12-27 11:42:03,884 [ERROR] AppliInfo:139 - Unknown STM32CubeMX version: 6.14.1
2025-12-27 11:42:03,884 [ERROR] AppliInfo:139 - Unknown STM32CubeMX version: 6.14.1
2025-12-27 11:42:03,884 [ERROR] AppliInfo:139 - Unknown STM32CubeMX version: 6.14.1
2025-12-27 11:42:03,884 [ERROR] AppliInfo:139 - Unknown STM32CubeMX version: 6.14.1
2025-12-27 11:42:03,885 [ERROR] AppliInfo:139 - Unknown STM32CubeMX version: 6.14.1
2025-12-27 11:42:03,885 [ERROR] AppliInfo:139 - Unknown STM32CubeMX version: 6.14.1
2025-12-27 11:42:03,885 [ERROR] AppliInfo:139 - Unknown STM32CubeMX version: 6.14.1
2025-12-27 11:42:03,885 [ERROR] AppliInfo:139 - Unknown STM32CubeMX version: 6.14.1
2025-12-27 11:42:03,885 [ERROR] AppliInfo:139 - Unknown STM32CubeMX version: 6.14.1
2025-12-27 11:42:03,885 [ERROR] AppliInfo:139 - Unknown STM32CubeMX version: 6.14.1
2025-12-27 11:42:03,885 [ERROR] AppliInfo:139 - Unknown STM32CubeMX version: 6.14.1
2025-12-27 11:42:03,885 [ERROR] AppliInfo:139 - Unknown STM32CubeMX version: 6.14.1
2025-12-27 11:42:03,885 [ERROR] AppliInfo:139 - Unknown STM32CubeMX version: 6.14.1
2025-12-27 11:42:03,885 [ERROR] AppliInfo:139 - Unknown STM32CubeMX version: 6.14.1
2025-12-27 11:42:03,886 [ERROR] AppliInfo:139 - Unknown STM32CubeMX version: 6.14.1
2025-12-27 11:42:03,886 [ERROR] AppliInfo:139 - Unknown STM32CubeMX version: 6.14.1
2025-12-27 11:42:03,886 [ERROR] AppliInfo:139 - Unknown STM32CubeMX version: 6.14.1
2025-12-27 11:42:03,886 [ERROR] AppliInfo:139 - Unknown STM32CubeMX version: 6.14.1
2025-12-27 11:42:03,886 [ERROR] AppliInfo:139 - Unknown STM32CubeMX version: 6.14.1
2025-12-27 11:42:03,886 [ERROR] AppliInfo:139 - Unknown STM32CubeMX version: 6.14.1
2025-12-27 11:42:03,886 [ERROR] AppliInfo:139 - Unknown STM32CubeMX version: 6.14.1
2025-12-27 11:42:03,886 [ERROR] AppliInfo:139 - Unknown STM32CubeMX version: 6.14.1
2025-12-27 11:42:03,886 [ERROR] AppliInfo:139 - Unknown STM32CubeMX version: 6.14.1
2025-12-27 11:42:03,886 [ERROR] AppliInfo:139 - Unknown STM32CubeMX version: 6.14.1
2025-12-27 11:42:03,886 [ERROR] AppliInfo:139 - Unknown STM32CubeMX version: 6.14.1
2025-12-27 11:42:03,887 [ERROR] AppliInfo:139 - Unknown STM32CubeMX version: 6.14.1
2025-12-27 11:42:03,887 [ERROR] AppliInfo:139 - Unknown STM32CubeMX version: 6.14.1
2025-12-27 11:42:03,887 [ERROR] AppliInfo:139 - Unknown STM32CubeMX version: 6.14.1
2025-12-27 11:42:03,887 [ERROR] AppliInfo:139 - Unknown STM32CubeMX version: 6.14.1
2025-12-27 11:42:03,887 [ERROR] AppliInfo:139 - Unknown STM32CubeMX version: 6.14.1
2025-12-27 11:42:03,887 [ERROR] AppliInfo:139 - Unknown STM32CubeMX version: 6.14.1
2025-12-27 11:42:03,887 [ERROR] AppliInfo:139 - Unknown STM32CubeMX version: 6.14.1
2025-12-27 11:42:03,887 [ERROR] AppliInfo:139 - Unknown STM32CubeMX version: 6.14.1
2025-12-27 11:42:03,887 [ERROR] AppliInfo:139 - Unknown STM32CubeMX version: 6.14.1
2025-12-27 11:42:03,887 [ERROR] AppliInfo:139 - Unknown STM32CubeMX version: 6.14.1
2025-12-27 11:42:03,887 [ERROR] AppliInfo:139 - Unknown STM32CubeMX version: 6.14.1
2025-12-27 11:42:03,888 [ERROR] AppliInfo:139 - Unknown STM32CubeMX version: 6.14.1
2025-12-27 11:42:03,888 [ERROR] AppliInfo:139 - Unknown STM32CubeMX version: 6.14.1
2025-12-27 11:42:03,888 [ERROR] AppliInfo:139 - Unknown STM32CubeMX version: 6.14.1
2025-12-27 11:42:03,888 [ERROR] AppliInfo:139 - Unknown STM32CubeMX version: 6.14.1
2025-12-27 11:42:03,888 [ERROR] AppliInfo:139 - Unknown STM32CubeMX version: 6.14.1
2025-12-27 11:42:03,888 [ERROR] AppliInfo:139 - Unknown STM32CubeMX version: 6.14.1
2025-12-27 11:42:03,888 [ERROR] AppliInfo:139 - Unknown STM32CubeMX version: 6.14.1
2025-12-27 11:42:03,888 [ERROR] AppliInfo:139 - Unknown STM32CubeMX version: 6.14.1
2025-12-27 11:42:03,888 [ERROR] AppliInfo:139 - Unknown STM32CubeMX version: 6.14.1
2025-12-27 11:42:03,888 [ERROR] AppliInfo:139 - Unknown STM32CubeMX version: 6.14.1
2025-12-27 11:42:03,889 [ERROR] AppliInfo:139 - Unknown STM32CubeMX version: 6.14.1
2025-12-27 11:42:03,889 [ERROR] AppliInfo:139 - Unknown STM32CubeMX version: 6.14.1
2025-12-27 11:42:03,891 [ERROR] AppliInfo:139 - Unknown STM32CubeMX version: 6.15.0
2025-12-27 11:42:03,891 [ERROR] AppliInfo:139 - Unknown STM32CubeMX version: 6.15.0
2025-12-27 11:42:03,891 [ERROR] AppliInfo:139 - Unknown STM32CubeMX version: 6.15.0
2025-12-27 11:42:03,891 [ERROR] AppliInfo:139 - Unknown STM32CubeMX version: 6.15.0
2025-12-27 11:42:03,891 [ERROR] AppliInfo:139 - Unknown STM32CubeMX version: 6.15.0
2025-12-27 11:42:03,891 [ERROR] AppliInfo:139 - Unknown STM32CubeMX version: 6.15.0
2025-12-27 11:42:03,891 [ERROR] AppliInfo:139 - Unknown STM32CubeMX version: 6.15.0
2025-12-27 11:42:03,891 [ERROR] AppliInfo:139 - Unknown STM32CubeMX version: 6.15.0
2025-12-27 11:42:04,005 [ERROR] AppliInfo:139 - Unknown STM32CubeMX version: 6.16.0
2025-12-27 11:42:04,006 [ERROR] AppliInfo:139 - Unknown STM32CubeMX version: 6.16.0
2025-12-27 11:42:04,006 [ERROR] AppliInfo:139 - Unknown STM32CubeMX version: 6.16.0
2025-12-27 11:42:04,006 [ERROR] AppliInfo:139 - Unknown STM32CubeMX version: 6.16.0
2025-12-27 11:42:04,006 [ERROR] AppliInfo:139 - Unknown STM32CubeMX version: 6.16.0
2025-12-27 11:42:04,006 [ERROR] AppliInfo:139 - Unknown STM32CubeMX version: 6.16.0
2025-12-27 11:42:04,006 [ERROR] AppliInfo:139 - Unknown STM32CubeMX version: 6.16.0
2025-12-27 11:42:04,006 [ERROR] AppliInfo:139 - Unknown STM32CubeMX version: 6.16.0
2025-12-27 11:42:04,006 [ERROR] AppliInfo:139 - Unknown STM32CubeMX version: 6.16.0
2025-12-27 11:42:04,006 [ERROR] AppliInfo:139 - Unknown STM32CubeMX version: 6.16.0
2025-12-27 11:42:04,007 [ERROR] AppliInfo:139 - Unknown STM32CubeMX version: 6.16.0
2025-12-27 11:42:04,007 [ERROR] AppliInfo:139 - Unknown STM32CubeMX version: 6.16.0
2025-12-27 11:42:04,007 [ERROR] AppliInfo:139 - Unknown STM32CubeMX version: 6.16.0
2025-12-27 11:42:04,007 [ERROR] AppliInfo:139 - Unknown STM32CubeMX version: 6.16.0
2025-12-27 11:42:04,007 [ERROR] AppliInfo:139 - Unknown STM32CubeMX version: 6.16.0
2025-12-27 11:42:04,007 [ERROR] AppliInfo:139 - Unknown STM32CubeMX version: 6.16.0
2025-12-27 11:42:04,007 [ERROR] AppliInfo:139 - Unknown STM32CubeMX version: 6.16.0
2025-12-27 11:42:04,007 [ERROR] AppliInfo:139 - Unknown STM32CubeMX version: 6.16.0
2025-12-27 11:42:04,007 [ERROR] AppliInfo:139 - Unknown STM32CubeMX version: 6.16.0
2025-12-27 11:42:04,007 [ERROR] AppliInfo:139 - Unknown STM32CubeMX version: 6.15.0
2025-12-27 11:42:04,007 [ERROR] AppliInfo:139 - Unknown STM32CubeMX version: 6.16.0
2025-12-27 11:42:04,007 [ERROR] AppliInfo:139 - Unknown STM32CubeMX version: 6.16.0
2025-12-27 11:42:04,007 [ERROR] AppliInfo:139 - Unknown STM32CubeMX version: 6.15.0
2025-12-27 11:42:04,007 [ERROR] AppliInfo:139 - Unknown STM32CubeMX version: 6.16.0
2025-12-27 11:42:04,008 [ERROR] AppliInfo:139 - Unknown STM32CubeMX version: 6.16.0
2025-12-27 11:42:04,008 [ERROR] AppliInfo:139 - Unknown STM32CubeMX version: 6.16.0
2025-12-27 11:42:04,008 [ERROR] AppliInfo:139 - Unknown STM32CubeMX version: 6.16.0
2025-12-27 11:42:04,008 [ERROR] AppliInfo:139 - Unknown STM32CubeMX version: 6.15.0
2025-12-27 11:42:04,008 [ERROR] AppliInfo:139 - Unknown STM32CubeMX version: 6.16.0
2025-12-27 11:42:04,008 [ERROR] AppliInfo:139 - Unknown STM32CubeMX version: 6.16.0
2025-12-27 11:42:04,008 [ERROR] AppliInfo:139 - Unknown STM32CubeMX version: 6.15.0
2025-12-27 11:42:04,008 [ERROR] AppliInfo:139 - Unknown STM32CubeMX version: 6.16.0
2025-12-27 11:42:04,008 [ERROR] AppliInfo:139 - Unknown STM32CubeMX version: 6.15.0
2025-12-27 11:42:04,008 [ERROR] AppliInfo:139 - Unknown STM32CubeMX version: 6.16.0
2025-12-27 11:42:04,008 [ERROR] AppliInfo:139 - Unknown STM32CubeMX version: 6.16.0
2025-12-27 11:42:04,008 [ERROR] AppliInfo:139 - Unknown STM32CubeMX version: 6.16.0
2025-12-27 11:42:04,008 [ERROR] AppliInfo:139 - Unknown STM32CubeMX version: 6.15.0
2025-12-27 11:42:04,008 [ERROR] AppliInfo:139 - Unknown STM32CubeMX version: 6.15.0
2025-12-27 11:42:04,229 [ERROR] AppliInfo:139 - Unknown STM32CubeMX version: 6.16.0
2025-12-27 11:42:04,229 [ERROR] AppliInfo:139 - Unknown STM32CubeMX version: 6.16.0
2025-12-27 11:42:04,230 [ERROR] AppliInfo:139 - Unknown STM32CubeMX version: 6.16.0
2025-12-27 11:42:04,230 [ERROR] AppliInfo:139 - Unknown STM32CubeMX version: 6.16.0
2025-12-27 11:42:04,230 [ERROR] AppliInfo:139 - Unknown STM32CubeMX version: 6.16.0
2025-12-27 11:42:04,230 [ERROR] AppliInfo:139 - Unknown STM32CubeMX version: 6.16.0
2025-12-27 11:42:04,230 [ERROR] AppliInfo:139 - Unknown STM32CubeMX version: 6.16.0
2025-12-27 11:42:04,230 [ERROR] AppliInfo:139 - Unknown STM32CubeMX version: 6.16.0
2025-12-27 11:42:04,230 [ERROR] AppliInfo:139 - Unknown STM32CubeMX version: 6.15.0
2025-12-27 11:42:04,230 [ERROR] AppliInfo:139 - Unknown STM32CubeMX version: 6.16.0
2025-12-27 11:42:04,230 [ERROR] AppliInfo:139 - Unknown STM32CubeMX version: 6.15.0
2025-12-27 11:42:28,033 [INFO] MainUpdater:2872 - connection check result : 10
2025-12-27 11:42:28,033 [INFO] MainUpdater:2872 - connection check result : 10
2025-12-27 11:42:28,492 [INFO] MicroXplorer:468 - Change Database Path : 
2025-12-27 11:42:28,492 [INFO] MicroXplorer:498 - Change Database Version : DB.6.0.140
2025-12-27 11:42:28,503 [ERROR] ProjectManagerView:394 - 
java.lang.NullPointerException: Cannot invoke "javax.swing.JTextField.getText()" because the return value of "java.util.List.get(int)" is null
	at com.st.microxplorer.plugins.projectmanager.gui.ProjectChoiceTab$9.caretUpdate(ProjectChoiceTab.java:2678) ~[filemanager.jar:?]
	at javax.swing.text.JTextComponent.fireCaretUpdate(JTextComponent.java:408) ~[?:?]
	at javax.swing.text.JTextComponent$MutableCaretEvent.fire(JTextComponent.java:4484) ~[?:?]
	at javax.swing.text.JTextComponent$MutableCaretEvent.stateChanged(JTextComponent.java:4506) ~[?:?]
	at javax.swing.text.DefaultCaret.fireStateChanged(DefaultCaret.java:857) ~[?:?]
	at javax.swing.text.DefaultCaret.changeCaretPosition(DefaultCaret.java:1343) ~[?:?]
	at javax.swing.text.DefaultCaret.handleSetDot(DefaultCaret.java:1242) ~[?:?]
	at javax.swing.text.DefaultCaret.setDot(DefaultCaret.java:1223) ~[?:?]
	at javax.swing.text.DefaultCaret$Handler.insertUpdate(DefaultCaret.java:1819) ~[?:?]
	at javax.swing.text.AbstractDocument.fireInsertUpdate(AbstractDocument.java:227) ~[?:?]
	at javax.swing.text.AbstractDocument.handleInsertString(AbstractDocument.java:781) ~[?:?]
	at javax.swing.text.AbstractDocument.insertString(AbstractDocument.java:740) ~[?:?]
	at javax.swing.text.PlainDocument.insertString(PlainDocument.java:131) ~[?:?]
	at javax.swing.text.AbstractDocument.replace(AbstractDocument.java:699) ~[?:?]
	at javax.swing.text.JTextComponent.setText(JTextComponent.java:1725) ~[?:?]
	at com.st.microxplorer.plugins.projectmanager.gui.ProjectChoiceTab.createHeapStackFields(ProjectChoiceTab.java:979) ~[filemanager.jar:?]
	at com.st.microxplorer.plugins.projectmanager.gui.ProjectChoiceTab.buildLinkSettingsPanel(ProjectChoiceTab.java:3766) ~[filemanager.jar:?]
	at com.st.microxplorer.plugins.projectmanager.gui.ProjectChoiceTab.defineWindowsFields(ProjectChoiceTab.java:1962) ~[filemanager.jar:?]
	at com.st.microxplorer.plugins.projectmanager.gui.ProjectChoiceTab.updateSettings(ProjectChoiceTab.java:555) ~[filemanager.jar:?]
	at com.st.microxplorer.plugins.projectmanager.gui.ProjectSettingsPanel.UpdateDialog(ProjectSettingsPanel.java:245) ~[filemanager.jar:?]
	at com.st.microxplorer.plugins.projectmanager.ProjectManagerView.propertyChange(ProjectManagerView.java:391) ~[filemanager.jar:?]
	at java.beans.PropertyChangeSupport.fire(PropertyChangeSupport.java:343) ~[?:?]
	at java.beans.PropertyChangeSupport.firePropertyChange(PropertyChangeSupport.java:335) ~[?:?]
	at java.beans.PropertyChangeSupport.firePropertyChange(PropertyChangeSupport.java:268) ~[?:?]
	at com.st.microxplorer.util.MXPropertyChangeSupport.firePropertyChange(MXPropertyChangeSupport.java:54) ~[STM32CubeMX.jar:?]
	at com.st.microxplorer.mxsystem.MxSystem.closeConfig(MxSystem.java:899) ~[STM32CubeMX.jar:?]
	at com.st.microxplorer.maingui.MainPanel.closeConfig(MainPanel.java:789) ~[STM32CubeMX.jar:?]
	at com.st.microxplorer.plugins.filemanager.engine.OpenFileManager.loadConfigurationFile(OpenFileManager.java:287) ~[filemanager.jar:?]
	at com.st.microxplorer.plugins.filemanager.engine.MainFileManager.userLoadConfig(MainFileManager.java:341) ~[filemanager.jar:?]
	at com.st.microxplorer.plugins.filemanager.FileManagerView.getSpecificTask(FileManagerView.java:250) ~[filemanager.jar:?]
	at com.st.stm32cube.common.mx.editor.CubeMxEditor.getMxTabbedPaneInstance(CubeMxEditor.java:1191) ~[com.st.stm32cube.common.mx_6.14.0.202502271554/:?]
	at com.st.stm32cube.common.mx.editor.CubeMxEditor$12$1.createSwingComponent(CubeMxEditor.java:1068) ~[com.st.stm32cube.common.mx_6.14.0.202502271554/:?]
	at com.st.stm32cube.common.mx.oss.core.awtswtbridge.EmbeddedSwingComposite.doComponentCreation(EmbeddedSwingComposite.java:492) ~[com.st.stm32cube.common.mx.oss_6.14.0.202502271554/:?]
	at com.st.stm32cube.common.mx.oss.core.awtswtbridge.EmbeddedSwingComposite$4.run(EmbeddedSwingComposite.java:291) ~[com.st.stm32cube.common.mx.oss_6.14.0.202502271554/:?]
	at com.st.stm32cube.common.mx.oss.core.awtswtbridge.AwtEnvironment$2.run(AwtEnvironment.java:166) ~[com.st.stm32cube.common.mx.oss_6.14.0.202502271554/:?]
	at java.awt.event.InvocationEvent.dispatch(InvocationEvent.java:318) ~[?:?]
	at java.awt.EventQueue.dispatchEventImpl(EventQueue.java:773) ~[?:?]
	at java.awt.EventQueue$4.run(EventQueue.java:720) ~[?:?]
	at java.awt.EventQueue$4.run(EventQueue.java:714) ~[?:?]
	at java.security.AccessController.doPrivileged(AccessController.java:400) ~[?:?]
	at java.security.ProtectionDomain$JavaSecurityAccessImpl.doIntersectionPrivilege(ProtectionDomain.java:87) ~[?:?]
	at java.awt.EventQueue.dispatchEvent(EventQueue.java:742) ~[?:?]
	at java.awt.EventDispatchThread.pumpOneEventForFilters(EventDispatchThread.java:203) ~[?:?]
	at java.awt.EventDispatchThread.pumpEventsForFilter(EventDispatchThread.java:124) ~[?:?]
	at java.awt.EventDispatchThread.pumpEventsForHierarchy(EventDispatchThread.java:113) ~[?:?]
	at java.awt.EventDispatchThread.pumpEvents(EventDispatchThread.java:109) ~[?:?]
	at java.awt.EventDispatchThread.pumpEvents(EventDispatchThread.java:101) ~[?:?]
	at java.awt.EventDispatchThread.run(EventDispatchThread.java:90) ~[?:?]
2025-12-27 11:42:28,505 [WARN] ThirdParty:871 - waiting for thirdparty lock release [close project]
2025-12-27 11:42:28,505 [INFO] ThirdParty:873 - entering critical section [close project]
2025-12-27 11:42:28,505 [INFO] ThirdParty:883 - exiting critical section [close project]
2025-12-27 11:42:28,506 [INFO] PinOutPanel:1589 - setPackage(No Configuration,No Configuration)
2025-12-27 11:42:28,511 [WARN] IpParametersView:155 - Warning: This peripheral hasn't parameters
2025-12-27 11:42:28,515 [WARN] MainPanel:289 - <html><b><center>Warning: This peripheral has no parameters to be configured<br></b></html>
2025-12-27 11:42:28,517 [INFO] UtilMem:75 - Begin LoadConfig() Used Memory: 948390488 Bytes (1073741824)
2025-12-27 11:42:28,518 [INFO] OpenFileManager:354 - Change cursor
2025-12-27 11:42:28,535 [INFO] RulesReader:64 - Compatibility file has been processed (301 Rules)
2025-12-27 11:42:28,542 [INFO] Mcu:2011 - Initializing MCU STM32WB55RGVx STM32WB55RGVx STM32WB55RGV6
2025-12-27 11:42:29,506 [INFO] Context:756 - Trying to add GPIOservice into a context  which must be forbidden
2025-12-27 11:42:30,445 [INFO] Rule:224 - rule Adapt Old IOC before rework replace old CORTEX_M33/CORTEX_M55 attributes by the new one. is applicable
2025-12-27 11:42:30,446 [INFO] Rule:224 - rule Rename parametre of RCC RCC_APBDBG_DIV2 to RCC_TIMPRES_DIV2 is applicable
2025-12-27 11:42:30,446 [INFO] Rule:224 - rule Rename DIE493 pin PA10 [PA12] -> PA10 is applicable
2025-12-27 11:42:30,446 [INFO] Rule:224 - rule Rename DIE493 pin PA9 [PA11] -> PA9 is applicable
2025-12-27 11:42:30,446 [INFO] DbConfProperties:307 - Apply Compatibility (0/4 Rules)
2025-12-27 11:42:30,480 [INFO] ApiDbMcu:508 - Load IP Config File for P-NUCLEO-WB55-NUCLEO
2025-12-27 11:42:30,562 [INFO] ImportTextPane:218 - (OptionalMessage_ERROR) Pin13 (VP_RIF_VS_RIF1) cannot be retrieved for this MCU
2025-12-27 11:42:30,599 [INFO] RtosManager:558 - Registered RTOS mode: class=CMSIS, group=RTOS, mode=CMSIS_V1, owner=FREERTOS
2025-12-27 11:42:30,599 [INFO] RtosManager:558 - Registered RTOS mode: class=CMSIS, group=RTOS2, mode=CMSIS_V2, owner=FREERTOS
2025-12-27 11:42:30,599 [INFO] RtosManager:558 - Registered RTOS mode: class=RTOS, group=Core, mode=CMSIS_V1, owner=FREERTOS
2025-12-27 11:42:30,599 [INFO] RtosManager:558 - Registered RTOS mode: class=RTOS, group=Core, mode=CMSIS_V2, owner=FREERTOS
2025-12-27 11:42:30,599 [WARN] ModelIntegratedComponent:184 - Missing modes for component STMicroelectronics:FreeRTOS:0.0.1:STMicroelectronics:RTOS:FreeRTOS:Core:::10.2.0:
2025-12-27 11:42:30,612 [WARN] ModelIntegratedComponent:63 - No mode defined for component null
2025-12-27 11:42:30,612 [WARN] ModelIntegratedComponent:63 - No mode defined for component null
2025-12-27 11:42:30,612 [WARN] ModelIntegratedComponent:63 - No mode defined for component null
2025-12-27 11:42:30,612 [WARN] ModelIntegratedComponent:63 - No mode defined for component null
2025-12-27 11:42:30,612 [WARN] ModelIntegratedComponent:63 - No mode defined for component null
2025-12-27 11:42:30,612 [WARN] ModelIntegratedComponent:63 - No mode defined for component null
2025-12-27 11:42:30,612 [WARN] ModelIntegratedComponent:63 - No mode defined for component null
2025-12-27 11:42:30,612 [WARN] ModelIntegratedComponent:63 - No mode defined for component null
2025-12-27 11:42:30,612 [WARN] ModelIntegratedComponent:63 - No mode defined for component null
2025-12-27 11:42:30,612 [WARN] ModelIntegratedComponent:63 - No mode defined for component null
2025-12-27 11:42:30,612 [WARN] ModelIntegratedComponent:63 - No mode defined for component null
2025-12-27 11:42:30,612 [WARN] ModelIntegratedComponent:63 - No mode defined for component null
2025-12-27 11:42:30,612 [WARN] ModelIntegratedComponent:63 - No mode defined for component null
2025-12-27 11:42:30,612 [WARN] ModelIntegratedComponent:63 - No mode defined for component null
2025-12-27 11:42:30,612 [WARN] ModelIntegratedComponent:63 - No mode defined for component null
2025-12-27 11:42:30,612 [WARN] ModelIntegratedComponent:63 - No mode defined for component null
2025-12-27 11:42:30,612 [WARN] ModelIntegratedComponent:63 - No mode defined for component null
2025-12-27 11:42:30,612 [WARN] ModelIntegratedComponent:63 - No mode defined for component null
2025-12-27 11:42:30,612 [WARN] ModelIntegratedComponent:63 - No mode defined for component null
2025-12-27 11:42:30,612 [WARN] ModelIntegratedComponent:63 - No mode defined for component null
2025-12-27 11:42:30,612 [WARN] ModelIntegratedComponent:63 - No mode defined for component null
2025-12-27 11:42:30,612 [WARN] ModelIntegratedComponent:63 - No mode defined for component null
2025-12-27 11:42:30,612 [WARN] ModelIntegratedComponent:63 - No mode defined for component null
2025-12-27 11:42:30,612 [WARN] ModelIntegratedComponent:63 - No mode defined for component null
2025-12-27 11:42:30,612 [WARN] ModelIntegratedComponent:63 - No mode defined for component null
2025-12-27 11:42:30,612 [WARN] ModelIntegratedComponent:63 - No mode defined for component null
2025-12-27 11:42:30,612 [WARN] ModelIntegratedComponent:63 - No mode defined for component null
2025-12-27 11:42:30,612 [WARN] ModelIntegratedComponent:63 - No mode defined for component null
2025-12-27 11:42:30,612 [WARN] ModelIntegratedComponent:63 - No mode defined for component null
2025-12-27 11:42:30,612 [WARN] ModelIntegratedComponent:63 - No mode defined for component null
2025-12-27 11:42:30,612 [WARN] ModelIntegratedComponent:63 - No mode defined for component null
2025-12-27 11:42:30,612 [WARN] ModelIntegratedComponent:63 - No mode defined for component null
2025-12-27 11:42:30,612 [WARN] ModelIntegratedComponent:63 - No mode defined for component null
2025-12-27 11:42:30,612 [WARN] ModelIntegratedComponent:63 - No mode defined for component null
2025-12-27 11:42:30,612 [WARN] ModelIntegratedComponent:63 - No mode defined for component null
2025-12-27 11:42:30,612 [WARN] ModelPack:524 - Component already loaded: STMicroelectronics:HAL Drivers:0.0.0:STMicroelectronics:Device:STMicro_Driver:XSPI:HAL::0.0.1:HAL_XSPI
2025-12-27 11:42:30,961 [INFO] ThirdPartyModel:298 - Start build external matchings
2025-12-27 11:42:32,573 [INFO] ThirdPartyModel:316 - End build external matchings
2025-12-27 11:42:32,800 [INFO] UtilMem:75 - End LoadConfig() Used Memory: 907903776 Bytes (1073741824)
2025-12-27 11:42:39,316 [INFO] BspBoardWizard:580 - Analytics plugin initialized with success
2025-12-27 11:42:39,616 [INFO] BspBoardWizard:580 - Analytics plugin initialized with success
2025-12-27 11:42:39,731 [INFO] BspBoardWizard:580 - Analytics plugin initialized with success
2025-12-27 11:42:39,852 [WARN] ThirdParty:833 - waiting for thirdparty lock release [change project]
2025-12-27 11:42:39,852 [INFO] ThirdParty:835 - entering critical section [change project]
2025-12-27 11:42:39,852 [INFO] ThirdParty:1030 - CMSIS Pack Vendor :STMicroelectronics X-CUBE-PM33A1 1.0.0
2025-12-27 11:42:39,852 [INFO] ThirdParty:1030 - CMSIS Pack Vendor :STMicroelectronics USBPD 4.1
2025-12-27 11:42:39,852 [INFO] ThirdParty:1030 - CMSIS Pack Vendor :STMicroelectronics USB_HOST 2.0.0
2025-12-27 11:42:39,852 [INFO] ThirdParty:1030 - CMSIS Pack Vendor :STMicroelectronics FP-SNS-MOTENVWB1 1.4.0
2025-12-27 11:42:39,852 [INFO] ThirdParty:1030 - CMSIS Pack Vendor :STMicroelectronics X-CUBE-AZRTOS-F4 1.1.0
2025-12-27 11:42:39,852 [INFO] ThirdParty:1030 - CMSIS Pack Vendor :STMicroelectronics LIBJPEG 8.0.0
2025-12-27 11:42:39,852 [INFO] ThirdParty:1030 - CMSIS Pack Vendor :STMicroelectronics FP-ATR-ASTRA1 2.0.2
2025-12-27 11:42:39,852 [INFO] ThirdParty:1030 - CMSIS Pack Vendor :Avnet-IotConnect X-CUBE-IoTC-DA16k-PMOD 1.0.0
2025-12-27 11:42:39,852 [INFO] ThirdParty:1030 - CMSIS Pack Vendor :STMicroelectronics X-CUBE-SMBUS 2.1.0
2025-12-27 11:42:39,852 [INFO] ThirdParty:1030 - CMSIS Pack Vendor :STMicroelectronics X-CUBE-WB05N 1.1.0
2025-12-27 11:42:39,852 [INFO] ThirdParty:1030 - CMSIS Pack Vendor :STMicroelectronics X-CUBE-ISPU 2.1.0
2025-12-27 11:42:39,852 [INFO] ThirdParty:1030 - CMSIS Pack Vendor :STMicroelectronics X-CUBE-ST60 1.0.0
2025-12-27 11:42:39,852 [INFO] ThirdParty:1030 - CMSIS Pack Vendor :STMicroelectronics X-CUBE-NFC12 1.0.0
2025-12-27 11:42:39,852 [INFO] ThirdParty:1030 - CMSIS Pack Vendor :STMicroelectronics X-CUBE-AZRTOS-F7 1.1.0
2025-12-27 11:42:39,852 [INFO] ThirdParty:1030 - CMSIS Pack Vendor :STMicroelectronics X-CUBE-AZRTOS-L5 2.0.0
2025-12-27 11:42:39,852 [INFO] ThirdParty:1030 - CMSIS Pack Vendor :STMicroelectronics USB_DEVICE 2.0.0
2025-12-27 11:42:39,852 [INFO] ThirdParty:1030 - CMSIS Pack Vendor :STMicroelectronics X-CUBE-NFC6 3.1.0
2025-12-27 11:42:39,852 [INFO] ThirdParty:1030 - CMSIS Pack Vendor :STMicroelectronics FreeRTOS 0.0.1
2025-12-27 11:42:39,852 [INFO] ThirdParty:1030 - CMSIS Pack Vendor :STMicroelectronics X-CUBE-DPower 1.2.0
2025-12-27 11:42:39,852 [INFO] ThirdParty:1030 - CMSIS Pack Vendor :STMicroelectronics FP-SNS-FLIGHT1 5.0.2
2025-12-27 11:42:39,852 [INFO] ThirdParty:1030 - CMSIS Pack Vendor :Infineon AIROC-Wi-Fi-Bluetooth-STM32 1.7.0
2025-12-27 11:42:39,852 [INFO] ThirdParty:1030 - CMSIS Pack Vendor :STMicroelectronics PDM2PCM 3.3.0
2025-12-27 11:42:39,853 [INFO] ThirdParty:1030 - CMSIS Pack Vendor :STMicroelectronics X-CUBE-AZRTOS-H7 3.4.0
2025-12-27 11:42:39,853 [INFO] ThirdParty:1030 - CMSIS Pack Vendor :STMicroelectronics X-CUBE-DISPLAY 3.0.0
2025-12-27 11:42:39,853 [INFO] ThirdParty:1030 - CMSIS Pack Vendor :STMicroelectronics X-CUBE-BLE1 7.0.0
2025-12-27 11:42:39,853 [INFO] ThirdParty:1030 - CMSIS Pack Vendor :STMicroelectronics X-CUBE-NFC10 1.0.0
2025-12-27 11:42:39,853 [INFO] ThirdParty:1030 - CMSIS Pack Vendor :STMicroelectronics X-CUBE-BLEMGR 4.0.0
2025-12-27 11:42:39,853 [INFO] ThirdParty:1030 - CMSIS Pack Vendor :STMicroelectronics X-CUBE-FREERTOS 1.3.1
2025-12-27 11:42:39,853 [INFO] ThirdParty:1030 - CMSIS Pack Vendor :STMicroelectronics HAL Drivers 0.0.0
2025-12-27 11:42:39,853 [INFO] ThirdParty:1030 - CMSIS Pack Vendor :STMicroelectronics X-CUBE-ST60 1.1.0
2025-12-27 11:42:39,853 [INFO] ThirdParty:1030 - CMSIS Pack Vendor :emotas I-CUBE-CANOPEN 1.3.0
2025-12-27 11:42:39,853 [INFO] ThirdParty:1030 - CMSIS Pack Vendor :STMicroelectronics X-CUBE-FREERTOS 1.3.0
2025-12-27 11:42:39,853 [INFO] ThirdParty:1030 - CMSIS Pack Vendor :STMicroelectronics X-CUBE-NFC7 1.0.1
2025-12-27 11:42:39,853 [INFO] ThirdParty:1030 - CMSIS Pack Vendor :STMicroelectronics MBEDTLS 2.14.1
2025-12-27 11:42:39,853 [INFO] ThirdParty:1030 - CMSIS Pack Vendor :STMicroelectronics X-CUBE-GNSS1 7.1.0
2025-12-27 11:42:39,853 [INFO] ThirdParty:1030 - CMSIS Pack Vendor :STMicroelectronics X-CUBE-TOUCHGFX 4.26.0
2025-12-27 11:42:39,853 [INFO] ThirdParty:1030 - CMSIS Pack Vendor :STMicroelectronics X-CUBE-AI 10.0.0
2025-12-27 11:42:39,853 [INFO] ThirdParty:1030 - CMSIS Pack Vendor :STMicroelectronics FP-SNS-STAIOTCFT 1.0.0
2025-12-27 11:42:39,853 [INFO] ThirdParty:1030 - CMSIS Pack Vendor :STMicroelectronics FP-SNS-SMARTAG2 1.2.0
2025-12-27 11:42:39,853 [INFO] ThirdParty:1030 - CMSIS Pack Vendor :STMicroelectronics FP-SNS-FLIGHT1 5.1.0
2025-12-27 11:42:39,853 [INFO] ThirdParty:1030 - CMSIS Pack Vendor :STMicroelectronics X-CUBE-MEMS1 11.1.0
2025-12-27 11:42:39,853 [INFO] ThirdParty:1030 - CMSIS Pack Vendor :STMicroelectronics X-CUBE-AZRTOS-WL 2.0.0
2025-12-27 11:42:39,853 [INFO] ThirdParty:1030 - CMSIS Pack Vendor :STMicroelectronics X-CUBE-DPower 1.3.0
2025-12-27 11:42:39,853 [INFO] ThirdParty:1030 - CMSIS Pack Vendor :STMicroelectronics FP-SNS-MOTENV1 5.0.0
2025-12-27 11:42:39,853 [INFO] ThirdParty:1030 - CMSIS Pack Vendor :STMicroelectronics USB_DEVICE 1.0.0
2025-12-27 11:42:39,853 [INFO] ThirdParty:1030 - CMSIS Pack Vendor :STMicroelectronics X-CUBE-AZRTOS-H7RS 1.2.0
2025-12-27 11:42:39,853 [INFO] ThirdParty:1030 - CMSIS Pack Vendor :STMicroelectronics X-CUBE-AZRTOS-L4 2.0.0
2025-12-27 11:42:39,853 [INFO] ThirdParty:1030 - CMSIS Pack Vendor :STMicroelectronics ThreadX 0.0.2
2025-12-27 11:42:39,853 [INFO] ThirdParty:1030 - CMSIS Pack Vendor :WES I-CUBE-Cesium 1.3.0
2025-12-27 11:42:39,853 [INFO] ThirdParty:1030 - CMSIS Pack Vendor :STMicroelectronics lwIP 2.1.2
2025-12-27 11:42:39,853 [INFO] ThirdParty:1030 - CMSIS Pack Vendor :STMicroelectronics X-CUBE-SFXS2LP1 4.0.0
2025-12-27 11:42:39,853 [INFO] ThirdParty:1030 - CMSIS Pack Vendor :STMicroelectronics X-CUBE-BLE2 3.3.0
2025-12-27 11:42:39,853 [INFO] ThirdParty:1030 - CMSIS Pack Vendor :STMicroelectronics PDM2PCM 3.2.0
2025-12-27 11:42:39,853 [INFO] ThirdParty:1030 - CMSIS Pack Vendor :STMicroelectronics X-CUBE-AZRTOS-H7 3.3.0
2025-12-27 11:42:39,853 [INFO] ThirdParty:1030 - CMSIS Pack Vendor :STMicroelectronics X-CUBE-NFC9 1.0.0
2025-12-27 11:42:39,853 [INFO] ThirdParty:1030 - CMSIS Pack Vendor :STMicroelectronics X-CUBE-BLE1 7.1.0
2025-12-27 11:42:39,853 [INFO] ThirdParty:1030 - CMSIS Pack Vendor :wolfSSL I-CUBE-wolfMQTT 1.19.2
2025-12-27 11:42:39,853 [INFO] ThirdParty:1030 - CMSIS Pack Vendor :STMicroelectronics USB_DEVICE 3.0.0
2025-12-27 11:42:39,853 [INFO] ThirdParty:1030 - CMSIS Pack Vendor :STMicroelectronics X-CUBE-EEPRMA1 5.2.0
2025-12-27 11:42:39,853 [INFO] ThirdParty:1030 - CMSIS Pack Vendor :STMicroelectronics X-CUBE-BLEMGR 4.1.0
2025-12-27 11:42:39,853 [INFO] ThirdParty:1030 - CMSIS Pack Vendor :STMicroelectronics X-CUBE-AZRTOS-WB 2.0.0
2025-12-27 11:42:39,853 [INFO] ThirdParty:1030 - CMSIS Pack Vendor :STMicroelectronics X-CUBE-GNSS1 7.0.1
2025-12-27 11:42:39,853 [INFO] ThirdParty:1030 - CMSIS Pack Vendor :STMicroelectronics X-CUBE-TOUCHGFX 4.25.0
2025-12-27 11:42:39,854 [INFO] ThirdParty:1030 - CMSIS Pack Vendor :STMicroelectronics X-CUBE-AI 10.1.0
2025-12-27 11:42:39,854 [INFO] ThirdParty:1030 - CMSIS Pack Vendor :STMicroelectronics FP-SNS-STBOX1 2.0.0
2025-12-27 11:42:39,854 [INFO] ThirdParty:1030 - CMSIS Pack Vendor :STMicroelectronics X-CUBE-MEMS1 12.0.0
2025-12-27 11:42:39,854 [INFO] ThirdParty:1030 - CMSIS Pack Vendor :STMicroelectronics X-CUBE-MEMS1 11.2.0
2025-12-27 11:42:39,854 [INFO] ThirdParty:1030 - CMSIS Pack Vendor :STMicroelectronics X-CUBE-AZRTOS-G0 1.1.0
2025-12-27 11:42:39,854 [INFO] ThirdParty:1030 - CMSIS Pack Vendor :STMicroelectronics X-CUBE-SAFEA1 1.2.2
2025-12-27 11:42:39,854 [INFO] ThirdParty:1030 - CMSIS Pack Vendor :STMicroelectronics X-CUBE-NFC4 3.0.0
2025-12-27 11:42:39,854 [INFO] ThirdParty:1030 - CMSIS Pack Vendor :STMicroelectronics X-CUBE-SUBG2 5.0.0
2025-12-27 11:42:39,854 [INFO] ThirdParty:1030 - CMSIS Pack Vendor :STMicroelectronics X-CUBE-AZRTOS-H7RS 1.1.0
2025-12-27 11:42:39,854 [INFO] ThirdParty:1030 - CMSIS Pack Vendor :STMicroelectronics STM32_WPAN 1.0.0
2025-12-27 11:42:39,854 [INFO] ThirdParty:1030 - CMSIS Pack Vendor :EmbeddedOffice I-CUBE-FS-RTOS 1.0.1
2025-12-27 11:42:39,854 [INFO] ThirdParty:1030 - CMSIS Pack Vendor :STMicroelectronics lwIP 2.0.3
2025-12-27 11:42:39,854 [INFO] ThirdParty:1030 - CMSIS Pack Vendor :Cesanta I-CUBE-Mongoose 7.13.0
2025-12-27 11:42:39,854 [INFO] ThirdParty:1030 - CMSIS Pack Vendor :STMicroelectronics USB_HOST 1.0.0
2025-12-27 11:42:39,854 [INFO] ThirdParty:1030 - CMSIS Pack Vendor :STMicroelectronics X-CUBE-AZRTOS-G4 2.0.0
2025-12-27 11:42:39,854 [INFO] ThirdParty:1030 - CMSIS Pack Vendor :STMicroelectronics X-CUBE-WB05N 2.0.0
2025-12-27 11:42:39,854 [INFO] ThirdParty:1030 - CMSIS Pack Vendor :STMicroelectronics PDM2PCM 3.1.0
2025-12-27 11:42:39,854 [INFO] ThirdParty:1030 - CMSIS Pack Vendor :wolfSSL I-CUBE-wolfTPM 3.8.0
2025-12-27 11:42:39,854 [INFO] ThirdParty:1030 - CMSIS Pack Vendor :wolfSSL I-CUBE-wolfSSH 1.4.20
2025-12-27 11:42:39,854 [INFO] ThirdParty:1030 - CMSIS Pack Vendor :STMicroelectronics X-CUBE-NFC7 2.0.0
2025-12-27 11:42:39,854 [INFO] ThirdParty:1030 - CMSIS Pack Vendor :STMicroelectronics X-CUBE-TCPP 4.2.0
2025-12-27 11:42:39,854 [INFO] ThirdParty:1030 - CMSIS Pack Vendor :RealThread X-CUBE-RT-Thread_Nano 4.1.1
2025-12-27 11:42:39,854 [INFO] ThirdParty:1030 - CMSIS Pack Vendor :STMicroelectronics FP-ATR-SIGFOX1 3.2.0
2025-12-27 11:42:39,854 [INFO] ThirdParty:1030 - CMSIS Pack Vendor :quantropi X-CUBE-qispace-sdk-base 1.9.3
2025-12-27 11:42:39,854 [INFO] ThirdParty:1030 - CMSIS Pack Vendor :STMicroelectronics X-CUBE-EEPRMA1 5.1.0
2025-12-27 11:42:39,854 [INFO] ThirdParty:1030 - CMSIS Pack Vendor :STMicroelectronics MBEDTLS 2.16.2
2025-12-27 11:42:39,854 [INFO] ThirdParty:1030 - CMSIS Pack Vendor :STMicroelectronics X-CUBE-IPS 3.1.0
2025-12-27 11:42:39,854 [INFO] ThirdParty:1030 - CMSIS Pack Vendor :STMicroelectronics X-CUBE-ALS 1.0.2
2025-12-27 11:42:39,854 [INFO] ThirdParty:1030 - CMSIS Pack Vendor :wolfSSL I-CUBE-wolfSSL 5.7.6
2025-12-27 11:42:39,854 [INFO] ThirdParty:1030 - CMSIS Pack Vendor :ITTIA_DB I-CUBE-ITTIADB 8.9.0
2025-12-27 11:42:39,854 [INFO] ThirdParty:1030 - CMSIS Pack Vendor :STMicroelectronics X-CUBE-TOUCHGFX 4.24.2
2025-12-27 11:42:39,854 [INFO] ThirdParty:1030 - CMSIS Pack Vendor :STMicroelectronics X-CUBE-STSE01 1.0.0
2025-12-27 11:42:39,855 [INFO] ThirdParty:1030 - CMSIS Pack Vendor :portGmbH I-Cube-SoM-uGOAL 1.1.0
2025-12-27 11:42:39,855 [INFO] ThirdParty:1030 - CMSIS Pack Vendor :STMicroelectronics X-CUBE-ST67W61 1.0.0
2025-12-27 11:42:39,855 [INFO] ThirdParty:1030 - CMSIS Pack Vendor :STMicroelectronics X-CUBE-AI 10.2.0
2025-12-27 11:42:39,855 [INFO] ThirdParty:1030 - CMSIS Pack Vendor :STMicroelectronics ThreadX 1.0.0
2025-12-27 11:42:39,855 [INFO] ThirdParty:1030 - CMSIS Pack Vendor :SEGGER I-CUBE-embOS 1.3.1
2025-12-27 11:42:39,855 [INFO] ThirdParty:1030 - CMSIS Pack Vendor :STMicroelectronics X-CUBE-ALGOBUILD 1.4.0
2025-12-27 11:42:39,855 [INFO] ThirdParty:1030 - CMSIS Pack Vendor :STMicroelectronics X-CUBE-MEMS1 11.3.0
2025-12-27 11:42:39,855 [INFO] ThirdParty:1030 - CMSIS Pack Vendor :STMicroelectronics X-CUBE-AZRTOS-H7RS 1.0.0
2025-12-27 11:42:39,855 [INFO] ThirdParty:1030 - CMSIS Pack Vendor :STMicroelectronics X-CUBE-TOF1 3.4.2
2025-12-27 11:42:39,855 [INFO] ThirdParty:1030 - CMSIS Pack Vendor :STMicroelectronics X-CUBE-TOF1 3.4.3
2025-12-27 11:42:39,855 [INFO] ThirdParty:841 - exiting critical section [change project]
2025-12-27 11:42:40,049 [INFO] PinOutPanel:1589 - setPackage(No Configuration,No Configuration)
2025-12-27 11:42:40,050 [INFO] PinOutPanel:1589 - setPackage(STM32WB55RGVx,VFQFPN68)
2025-12-27 11:42:40,297 [INFO] UtilMem:75 - Before build in PCC Used Memory: 902164856 Bytes (1073741824)
2025-12-27 11:42:40,436 [INFO] LogOutputStream:77 - [STDOUT_REDIRECT] Sleepy End Device Min <200 3.3
2025-12-27 11:42:40,438 [INFO] LogOutputStream:77 - [STDOUT_REDIRECT] Sleepy End Device Min <200 3.3
2025-12-27 11:42:40,438 [INFO] LogOutputStream:77 - [STDOUT_REDIRECT] Sleepy End Device Min <200 3.3
2025-12-27 11:42:40,439 [INFO] LogOutputStream:77 - [STDOUT_REDIRECT] Sleepy End Device Min <200 3.3
2025-12-27 11:42:40,439 [INFO] LogOutputStream:77 - [STDOUT_REDIRECT] Sleepy End Device Min <200 3.3
2025-12-27 11:42:40,453 [INFO] LogOutputStream:77 - [STDOUT_REDIRECT] Sleepy End Device Min <200 3.3
2025-12-27 11:42:40,454 [INFO] LogOutputStream:77 - [STDOUT_REDIRECT] Sleepy End Device Min <200 3.3
2025-12-27 11:42:40,455 [INFO] LogOutputStream:77 - [STDOUT_REDIRECT] Sleepy End Device Min <200 3.3
2025-12-27 11:42:40,455 [INFO] LogOutputStream:77 - [STDOUT_REDIRECT] Sleepy End Device Min <200 3.3
2025-12-27 11:42:40,456 [INFO] LogOutputStream:77 - [STDOUT_REDIRECT] Sleepy End Device Min <200 3.3
2025-12-27 11:42:40,458 [INFO] LogOutputStream:77 - [STDOUT_REDIRECT] Sleepy End Device Min <200 3.3
2025-12-27 11:42:40,458 [INFO] LogOutputStream:77 - [STDOUT_REDIRECT] Sleepy End Device Min <200 3.3
2025-12-27 11:42:40,459 [INFO] LogOutputStream:77 - [STDOUT_REDIRECT] Sleepy End Device Min <200 3.3
2025-12-27 11:42:40,459 [INFO] LogOutputStream:77 - [STDOUT_REDIRECT] Sleepy End Device Min <200 3.3
2025-12-27 11:42:40,459 [INFO] LogOutputStream:77 - [STDOUT_REDIRECT] Sleepy End Device Min <200 3.3
2025-12-27 11:42:40,461 [INFO] LogOutputStream:77 - [STDOUT_REDIRECT] Sleepy End Device Min <200 3.3
2025-12-27 11:42:40,461 [INFO] LogOutputStream:77 - [STDOUT_REDIRECT] Sleepy End Device Min <200 3.3
2025-12-27 11:42:40,462 [INFO] LogOutputStream:77 - [STDOUT_REDIRECT] Sleepy End Device Min <200 3.3
2025-12-27 11:42:40,462 [INFO] LogOutputStream:77 - [STDOUT_REDIRECT] Sleepy End Device Min <200 3.3
2025-12-27 11:42:40,462 [INFO] LogOutputStream:77 - [STDOUT_REDIRECT] Sleepy End Device Min <200 3.3
2025-12-27 11:42:40,464 [INFO] LogOutputStream:77 - [STDOUT_REDIRECT] Sleepy End Device Min <200 3.3
2025-12-27 11:42:40,464 [INFO] LogOutputStream:77 - [STDOUT_REDIRECT] Sleepy End Device Min <200 3.3
2025-12-27 11:42:40,465 [INFO] LogOutputStream:77 - [STDOUT_REDIRECT] Sleepy End Device Min <200 3.3
2025-12-27 11:42:40,465 [INFO] LogOutputStream:77 - [STDOUT_REDIRECT] Sleepy End Device Min <200 3.3
2025-12-27 11:42:40,465 [INFO] LogOutputStream:77 - [STDOUT_REDIRECT] Sleepy End Device Min <200 3.3
2025-12-27 11:42:40,467 [INFO] LogOutputStream:77 - [STDOUT_REDIRECT] Sleepy End Device Min <200 3.3
2025-12-27 11:42:40,467 [INFO] LogOutputStream:77 - [STDOUT_REDIRECT] Sleepy End Device Min <200 3.3
2025-12-27 11:42:40,468 [INFO] LogOutputStream:77 - [STDOUT_REDIRECT] Sleepy End Device Min <200 3.3
2025-12-27 11:42:40,468 [INFO] LogOutputStream:77 - [STDOUT_REDIRECT] Sleepy End Device Min <200 3.3
2025-12-27 11:42:40,469 [INFO] LogOutputStream:77 - [STDOUT_REDIRECT] Sleepy End Device Min <200 3.3
2025-12-27 11:42:40,594 [INFO] LogOutputStream:77 - [STDOUT_REDIRECT] Sleepy End Device Min <200 3.3
2025-12-27 11:42:40,594 [INFO] LogOutputStream:77 - [STDOUT_REDIRECT] Sleepy End Device Min <200 3.3
2025-12-27 11:42:40,594 [INFO] LogOutputStream:77 - [STDOUT_REDIRECT] Sleepy End Device Min <200 3.3
2025-12-27 11:42:40,595 [INFO] LogOutputStream:77 - [STDOUT_REDIRECT] Sleepy End Device Min <200 3.3
2025-12-27 11:42:40,596 [INFO] LogOutputStream:77 - [STDOUT_REDIRECT] Sleepy End Device Min <200 3.3
2025-12-27 11:42:40,685 [INFO] UtilMem:75 - After build in PCC Used Memory: 981856632 Bytes (1073741824)
2025-12-27 11:42:40,705 [INFO] IPUIPlugin:80 - create IPUIPlugin
2025-12-27 11:42:40,705 [INFO] IPUIPlugin:80 - create IPUIPlugin
2025-12-27 11:42:40,705 [INFO] IPUIPlugin:80 - create IPUIPlugin
2025-12-27 11:42:40,705 [INFO] IPUIPlugin:80 - create IPUIPlugin
2025-12-27 11:42:40,705 [INFO] IPUIPlugin:80 - create IPUIPlugin
2025-12-27 11:42:40,705 [INFO] IPUIPlugin:80 - create IPUIPlugin
2025-12-27 11:42:40,705 [INFO] IPUIPlugin:80 - create IPUIPlugin
2025-12-27 11:42:40,705 [INFO] IPUIPlugin:80 - create IPUIPlugin
2025-12-27 11:42:40,705 [INFO] IPUIPlugin:80 - create IPUIPlugin
2025-12-27 11:42:40,706 [INFO] IPUIPlugin:80 - create IPUIPlugin
2025-12-27 11:42:40,707 [INFO] IPUIPlugin:80 - create IPUIPlugin
2025-12-27 11:42:40,707 [INFO] IPUIPlugin:80 - create IPUIPlugin
2025-12-27 11:42:40,707 [INFO] IPUIPlugin:80 - create IPUIPlugin
2025-12-27 11:42:40,707 [INFO] IPUIPlugin:80 - create IPUIPlugin
2025-12-27 11:42:40,707 [INFO] IPUIPlugin:80 - create IPUIPlugin
2025-12-27 11:42:40,707 [INFO] IPUIPlugin:80 - create IPUIPlugin
2025-12-27 11:42:40,707 [INFO] IPUIPlugin:80 - create IPUIPlugin
2025-12-27 11:42:40,707 [INFO] IPUIPlugin:80 - create IPUIPlugin
2025-12-27 11:42:40,707 [INFO] IPUIPlugin:80 - create IPUIPlugin
2025-12-27 11:42:40,707 [INFO] IPUIPlugin:80 - create IPUIPlugin
2025-12-27 11:42:40,708 [INFO] IPUIPlugin:80 - create IPUIPlugin
2025-12-27 11:42:40,708 [INFO] IPUIPlugin:80 - create IPUIPlugin
2025-12-27 11:42:40,708 [INFO] IPUIPlugin:80 - create IPUIPlugin
2025-12-27 11:42:40,708 [INFO] IPUIPlugin:80 - create IPUIPlugin
2025-12-27 11:42:40,708 [INFO] IPUIPlugin:80 - create IPUIPlugin
2025-12-27 11:42:40,708 [INFO] IPUIPlugin:80 - create IPUIPlugin
2025-12-27 11:42:40,709 [INFO] IPUIPlugin:80 - create IPUIPlugin
2025-12-27 11:42:40,709 [INFO] IPUIPlugin:80 - create IPUIPlugin
2025-12-27 11:42:40,709 [INFO] IPUIPlugin:80 - create IPUIPlugin
2025-12-27 11:42:40,709 [INFO] IPUIPlugin:80 - create IPUIPlugin
2025-12-27 11:42:40,709 [INFO] IPUIPlugin:80 - create IPUIPlugin
2025-12-27 11:42:40,709 [INFO] IPUIPlugin:80 - create IPUIPlugin
2025-12-27 11:42:40,709 [INFO] IPUIPlugin:80 - create IPUIPlugin
2025-12-27 11:42:40,710 [INFO] IPUIPlugin:80 - create IPUIPlugin
2025-12-27 11:42:40,710 [INFO] IPUIPlugin:80 - create IPUIPlugin
2025-12-27 11:42:40,710 [INFO] IPUIPlugin:80 - create IPUIPlugin
2025-12-27 11:42:40,710 [INFO] IPUIPlugin:80 - create IPUIPlugin
2025-12-27 11:42:40,710 [INFO] IPUIPlugin:80 - create IPUIPlugin
2025-12-27 11:42:40,711 [INFO] IPUIPlugin:80 - create IPUIPlugin
2025-12-27 11:42:40,711 [INFO] IPUIPlugin:80 - create IPUIPlugin
2025-12-27 11:42:40,711 [INFO] IPUIPlugin:80 - create IPUIPlugin
2025-12-27 11:42:40,711 [INFO] IPUIPlugin:80 - create IPUIPlugin
2025-12-27 11:42:40,711 [INFO] IPUIPlugin:80 - create IPUIPlugin
2025-12-27 11:42:40,712 [INFO] IPUIPlugin:80 - create IPUIPlugin
2025-12-27 11:42:40,712 [INFO] IPUIPlugin:80 - create IPUIPlugin
2025-12-27 11:42:40,712 [INFO] IPUIPlugin:80 - create IPUIPlugin
2025-12-27 11:42:40,743 [INFO] CADModel:165 - CPN selected for project levelSTM32WB55RGV6
2025-12-27 11:42:40,743 [INFO] CADModel:114 - Register for checkConnection events
2025-12-27 11:42:40,808 [INFO] OpenFileManager:385 - Restore cursor
2025-12-27 11:42:41,274 [INFO] UtilMem:75 - End SaveConfig() Used Memory: 920163952 Bytes (1073741824)
2025-12-27 11:42:41,316 [WARN] Context:829 - Trying to set MEMORYMAP twice on same context Cortex-M4NS
2025-12-27 11:42:41,333 [INFO] UtilMem:75 - End SaveConfig() Used Memory: 939422568 Bytes (1073741824)
2025-12-27 11:42:41,742 [INFO] BlockDiagram:2775 - set Specific Code input for plugin: NVIC
2025-12-27 11:42:41,743 [INFO] BlockDiagram:2775 - set Specific Code input for plugin: P-NUCLEO-WB55-NUCLEO
2025-12-27 11:42:41,743 [INFO] BlockDiagram:2775 - set Specific Code input for plugin: MEMORYMAP
2025-12-27 11:42:41,743 [INFO] BlockDiagram:2775 - set Specific Code input for plugin: SYS
2025-12-27 11:42:41,743 [INFO] BlockDiagram:2775 - set Specific Code input for plugin: GPIO
2025-12-27 11:42:41,743 [INFO] BlockDiagram:2775 - set Specific Code input for plugin: RCC
2025-12-27 11:42:41,744 [INFO] CodeGenerator:882 - code generatio: config db path: C:\ST\STM32CubeIDE_1.18.0\STM32CubeIDE\plugins\com.st.stm32cube.common.mx_6.14.0.202502271554\\db\
2025-12-27 11:42:42,126 [INFO] CodeEngine:263 - oldGeneratedFile, C:\Users\jaowe\Documents\Projects\DeltaTPlus_STM32WB55RG_Workspace\p2p-client-nucleo\MXTmpFiles\license.tmp_save
2025-12-27 11:42:42,239 [INFO] CodeEngine:287 - Generated code: C:\Users\jaowe\Documents\Projects\DeltaTPlus_STM32WB55RG_Workspace\p2p-client-nucleo\MXTmpFiles\license.tmp
2025-12-27 11:42:42,275 [INFO] CodeEngine:263 - oldGeneratedFile, C:\Users\jaowe\Documents\Projects\DeltaTPlus_STM32WB55RG_Workspace\p2p-client-nucleo\MXTmpFiles\gpio.tmp_save
2025-12-27 11:42:42,343 [ERROR] IocParser:95 - Exception caught: Cannot invoke "java.lang.CharSequence.length()" because "this.text" is null
2025-12-27 11:42:42,352 [INFO] CodeEngine:287 - Generated code: C:\Users\jaowe\Documents\Projects\DeltaTPlus_STM32WB55RG_Workspace\p2p-client-nucleo\MXTmpFiles\gpio.tmp
2025-12-27 11:42:42,355 [WARN] IPConfigManager:103 - WARNING: Missing Config File for MEMORYMAP ip!!
2025-12-27 11:42:42,355 [WARN] IP:2250 - DefaultDataRegion not found: check if there is a RefParameter without a condition.
2025-12-27 11:42:42,432 [INFO] CodeEngine:263 - oldGeneratedFile, C:\Users\jaowe\Documents\Projects\DeltaTPlus_STM32WB55RG_Workspace\p2p-client-nucleo\Core\Inc\stm32wbxx_nucleo_conf.h_save
2025-12-27 11:42:42,505 [INFO] CodeEngine:287 - Generated code: C:\Users\jaowe\Documents\Projects\DeltaTPlus_STM32WB55RG_Workspace\p2p-client-nucleo\Core\Inc\stm32wbxx_nucleo_conf.h
2025-12-27 11:42:42,509 [INFO] CodeEngine:263 - oldGeneratedFile, C:\Users\jaowe\Documents\Projects\DeltaTPlus_STM32WB55RG_Workspace\p2p-client-nucleo\MXTmpFiles\bsp_inc.tmp_save
2025-12-27 11:42:42,563 [INFO] CodeEngine:287 - Generated code: C:\Users\jaowe\Documents\Projects\DeltaTPlus_STM32WB55RG_Workspace\p2p-client-nucleo\MXTmpFiles\bsp_inc.tmp
2025-12-27 11:42:42,567 [INFO] CodeEngine:263 - oldGeneratedFile, C:\Users\jaowe\Documents\Projects\DeltaTPlus_STM32WB55RG_Workspace\p2p-client-nucleo\MXTmpFiles\bsp_common_vars.tmp_save
2025-12-27 11:42:42,623 [INFO] CodeEngine:287 - Generated code: C:\Users\jaowe\Documents\Projects\DeltaTPlus_STM32WB55RG_Workspace\p2p-client-nucleo\MXTmpFiles\bsp_common_vars.tmp
2025-12-27 11:42:42,626 [INFO] CodeEngine:263 - oldGeneratedFile, C:\Users\jaowe\Documents\Projects\DeltaTPlus_STM32WB55RG_Workspace\p2p-client-nucleo\MXTmpFiles\bsp_common_init.tmp_save
2025-12-27 11:42:42,678 [INFO] CodeEngine:287 - Generated code: C:\Users\jaowe\Documents\Projects\DeltaTPlus_STM32WB55RG_Workspace\p2p-client-nucleo\MXTmpFiles\bsp_common_init.tmp
2025-12-27 11:42:42,681 [INFO] CodeEngine:263 - oldGeneratedFile, C:\Users\jaowe\Documents\Projects\DeltaTPlus_STM32WB55RG_Workspace\p2p-client-nucleo\MXTmpFiles\bsp_common_demo_before_while.tmp_save
2025-12-27 11:42:42,730 [INFO] CodeEngine:287 - Generated code: C:\Users\jaowe\Documents\Projects\DeltaTPlus_STM32WB55RG_Workspace\p2p-client-nucleo\MXTmpFiles\bsp_common_demo_before_while.tmp
2025-12-27 11:42:42,733 [INFO] CodeEngine:263 - oldGeneratedFile, C:\Users\jaowe\Documents\Projects\DeltaTPlus_STM32WB55RG_Workspace\p2p-client-nucleo\MXTmpFiles\bsp_common_demo_inside_while.tmp_save
2025-12-27 11:42:42,784 [INFO] CodeEngine:287 - Generated code: C:\Users\jaowe\Documents\Projects\DeltaTPlus_STM32WB55RG_Workspace\p2p-client-nucleo\MXTmpFiles\bsp_common_demo_inside_while.tmp
2025-12-27 11:42:42,789 [INFO] CodeEngine:263 - oldGeneratedFile, C:\Users\jaowe\Documents\Projects\DeltaTPlus_STM32WB55RG_Workspace\p2p-client-nucleo\MXTmpFiles\bsp_common_demo_fct.tmp_save
2025-12-27 11:42:42,836 [INFO] CodeEngine:287 - Generated code: C:\Users\jaowe\Documents\Projects\DeltaTPlus_STM32WB55RG_Workspace\p2p-client-nucleo\MXTmpFiles\bsp_common_demo_fct.tmp
2025-12-27 11:42:42,843 [INFO] CodeEngine:263 - oldGeneratedFile, C:\Users\jaowe\Documents\Projects\DeltaTPlus_STM32WB55RG_Workspace\p2p-client-nucleo\Core\Src\stm32wbxx_it.c_save
2025-12-27 11:42:42,900 [INFO] CodeEngine:287 - Generated code: C:\Users\jaowe\Documents\Projects\DeltaTPlus_STM32WB55RG_Workspace\p2p-client-nucleo\Core\Src\stm32wbxx_it.c
2025-12-27 11:42:42,902 [INFO] CodeEngine:263 - oldGeneratedFile, C:\Users\jaowe\Documents\Projects\DeltaTPlus_STM32WB55RG_Workspace\p2p-client-nucleo\Core\Inc\stm32wbxx_it.h_save
2025-12-27 11:42:42,954 [INFO] CodeEngine:287 - Generated code: C:\Users\jaowe\Documents\Projects\DeltaTPlus_STM32WB55RG_Workspace\p2p-client-nucleo\Core\Inc\stm32wbxx_it.h
2025-12-27 11:42:42,961 [INFO] CodeEngine:263 - oldGeneratedFile, C:\Users\jaowe\Documents\Projects\DeltaTPlus_STM32WB55RG_Workspace\p2p-client-nucleo\Core\Src\stm32wbxx_hal_msp.c_save
2025-12-27 11:42:43,042 [INFO] CodeEngine:287 - Generated code: C:\Users\jaowe\Documents\Projects\DeltaTPlus_STM32WB55RG_Workspace\p2p-client-nucleo\Core\Src\stm32wbxx_hal_msp.c
2025-12-27 11:42:43,044 [INFO] CodeEngine:263 - oldGeneratedFile, C:\Users\jaowe\Documents\Projects\DeltaTPlus_STM32WB55RG_Workspace\p2p-client-nucleo\MXTmpFiles\system.tmp_save
2025-12-27 11:42:43,098 [INFO] CodeEngine:287 - Generated code: C:\Users\jaowe\Documents\Projects\DeltaTPlus_STM32WB55RG_Workspace\p2p-client-nucleo\MXTmpFiles\system.tmp
2025-12-27 11:42:43,105 [INFO] CodeEngine:319 - oldGeneratedFile, C:\Users\jaowe\Documents\Projects\DeltaTPlus_STM32WB55RG_Workspace\p2p-client-nucleo\Core\Inc\stm32wbxx_hal_conf.h_save
2025-12-27 11:42:43,163 [INFO] CodeEngine:343 - Generated code: C:\Users\jaowe\Documents\Projects\DeltaTPlus_STM32WB55RG_Workspace\p2p-client-nucleo\Core\Inc\stm32wbxx_hal_conf.h
2025-12-27 11:42:43,178 [WARN] IPConfigManager:3174 - Warning: the RefConfig RCC_PClockConfig is not available in your config.xml file
2025-12-27 11:42:43,189 [ERROR] ApiDbMcu:464 - Can't load MEMORYMAP-STM32xx root dir null
2025-12-27 11:42:43,189 [ERROR] ApiDbMcu:536 - Cannot parse MEMORYMAP_Config file : file do not exist
2025-12-27 11:42:43,197 [INFO] ApiDbMcu:508 - Load IP Config File for RCC
2025-12-27 11:42:43,205 [INFO] CodeEngine:263 - oldGeneratedFile, C:\Users\jaowe\Documents\Projects\DeltaTPlus_STM32WB55RG_Workspace\p2p-client-nucleo\Core\Inc\main.h_save
2025-12-27 11:42:43,267 [INFO] CodeEngine:287 - Generated code: C:\Users\jaowe\Documents\Projects\DeltaTPlus_STM32WB55RG_Workspace\p2p-client-nucleo\Core\Inc\main.h
2025-12-27 11:42:43,270 [INFO] CodeEngine:263 - oldGeneratedFile, C:\Users\jaowe\Documents\Projects\DeltaTPlus_STM32WB55RG_Workspace\p2p-client-nucleo\Core\Src\main.c_save
2025-12-27 11:42:43,377 [INFO] CodeEngine:287 - Generated code: C:\Users\jaowe\Documents\Projects\DeltaTPlus_STM32WB55RG_Workspace\p2p-client-nucleo\Core\Src\main.c
2025-12-27 11:42:44,245 [INFO] ProjectBuilder:3324 - Time for Copy HAL[1] : 101mS.
2025-12-27 11:42:44,248 [INFO] ProjectBuilder:4912 - Project Generator version: 4.6.0-B36
2025-12-27 11:42:44,318 [INFO] ConfigFileManager:1590 - The Die is : DIE495
2025-12-27 11:42:44,325 [INFO] ApiDbMcu:508 - Load IP Config File for FATFS
2025-12-27 11:42:44,343 [INFO] ApiDbMcu:508 - Load IP Config File for FREERTOS
2025-12-27 11:42:44,497 [INFO] ApiDbMcu:508 - Load IP Config File for STM32_WPAN
2025-12-27 11:42:44,592 [INFO] ApiDbMcu:508 - Load IP Config File for TOUCHSENSING
2025-12-27 11:42:44,608 [INFO] ApiDbMcu:508 - Load IP Config File for USB_DEVICE
2025-12-27 11:42:46,172 [INFO] ProjectBuilder:5191 - Time for Generating toolchain IDE Files: 1924mS.
2025-12-27 11:42:46,172 [INFO] ProjectBuilder:3181 - Time for Copy CMSIS : 0mS.
2025-12-27 11:42:46,174 [INFO] ProjectBuilder:3181 - Time for Copy CMSIS : 0mS.
2025-12-27 11:42:46,731 [INFO] McuFinderGlobals:76 - Set McuFinderConnectedMode to true
2025-12-27 11:42:46,736 [INFO] ApiDb:448 - Save user favorites file C:\Users\jaowe/.stm32cubeide/favorites.mcus.txt: 0 item(s)
2025-12-27 11:42:46,736 [INFO] ApiDb:452 - User favorites MCUs=[]
2025-12-27 11:42:46,739 [INFO] ApiDb:448 - Save user favorites file C:\Users\jaowe/.stm32cubeide/favorites.boards.txt: 0 item(s)
2025-12-27 11:42:46,739 [INFO] ApiDb:452 - User favorites Boards=[]
2025-12-27 11:42:46,743 [INFO] ApiDb:448 - Save user favorites file C:\Users\jaowe/.stm32cubeide/favorites.examples.txt: 1 item(s)
2025-12-27 11:42:46,743 [INFO] ApiDb:452 - User favorites Examples=[STM32CUBEWB-SWX-18594]
2025-12-27 11:44:51,846 [INFO] NvicIntPanel:101 - NVIC parent = com.st.microxplorer.plugins.ip.nvic.MultiNvicIntPanel[,0,0,629x332,layout=javax.swing.BoxLayout,alignmentX=0.0,alignmentY=0.0,border=,flags=9,maximumSize=,minimumSize=,preferredSize=]
2025-12-27 12:22:10,407 [INFO] MainUpdater:2872 - connection check result : 10
2025-12-27 12:22:10,407 [INFO] MainUpdater:2872 - connection check result : 10
2025-12-27 12:22:10,415 [ERROR] IocParser:57 - IOException caught: C:\Users\jaowe\Documents\Projects\DeltaTPlus_STM32WB55RG_Workspace\p2p-client-nucleo\p2p-client-nucleo.ioc (The system cannot find the file specified)
2025-12-27 12:22:10,415 [ERROR] IocParser:95 - Exception caught: null
2025-12-27 12:22:10,852 [INFO] MicroXplorer:468 - Change Database Path : 
2025-12-27 12:22:10,852 [INFO] MicroXplorer:498 - Change Database Version : DB.6.0.140
2025-12-27 12:22:10,859 [ERROR] ProjectManagerView:394 - 
java.lang.NullPointerException: Cannot invoke "javax.swing.JTextField.getText()" because the return value of "java.util.List.get(int)" is null
	at com.st.microxplorer.plugins.projectmanager.gui.ProjectChoiceTab$9.caretUpdate(ProjectChoiceTab.java:2678) ~[filemanager.jar:?]
	at javax.swing.text.JTextComponent.fireCaretUpdate(JTextComponent.java:408) ~[?:?]
	at javax.swing.text.JTextComponent$MutableCaretEvent.fire(JTextComponent.java:4484) ~[?:?]
	at javax.swing.text.JTextComponent$MutableCaretEvent.stateChanged(JTextComponent.java:4506) ~[?:?]
	at javax.swing.text.DefaultCaret.fireStateChanged(DefaultCaret.java:857) ~[?:?]
	at javax.swing.text.DefaultCaret.changeCaretPosition(DefaultCaret.java:1343) ~[?:?]
	at javax.swing.text.DefaultCaret.handleSetDot(DefaultCaret.java:1242) ~[?:?]
	at javax.swing.text.DefaultCaret.setDot(DefaultCaret.java:1223) ~[?:?]
	at javax.swing.text.DefaultCaret$Handler.insertUpdate(DefaultCaret.java:1819) ~[?:?]
	at javax.swing.text.AbstractDocument.fireInsertUpdate(AbstractDocument.java:227) ~[?:?]
	at javax.swing.text.AbstractDocument.handleInsertString(AbstractDocument.java:781) ~[?:?]
	at javax.swing.text.AbstractDocument.insertString(AbstractDocument.java:740) ~[?:?]
	at javax.swing.text.PlainDocument.insertString(PlainDocument.java:131) ~[?:?]
	at javax.swing.text.AbstractDocument.replace(AbstractDocument.java:699) ~[?:?]
	at javax.swing.text.JTextComponent.setText(JTextComponent.java:1725) ~[?:?]
	at com.st.microxplorer.plugins.projectmanager.gui.ProjectChoiceTab.createHeapStackFields(ProjectChoiceTab.java:979) ~[filemanager.jar:?]
	at com.st.microxplorer.plugins.projectmanager.gui.ProjectChoiceTab.buildLinkSettingsPanel(ProjectChoiceTab.java:3766) ~[filemanager.jar:?]
	at com.st.microxplorer.plugins.projectmanager.gui.ProjectChoiceTab.defineWindowsFields(ProjectChoiceTab.java:1962) ~[filemanager.jar:?]
	at com.st.microxplorer.plugins.projectmanager.gui.ProjectChoiceTab.updateSettings(ProjectChoiceTab.java:555) ~[filemanager.jar:?]
	at com.st.microxplorer.plugins.projectmanager.gui.ProjectSettingsPanel.UpdateDialog(ProjectSettingsPanel.java:245) ~[filemanager.jar:?]
	at com.st.microxplorer.plugins.projectmanager.ProjectManagerView.propertyChange(ProjectManagerView.java:391) ~[filemanager.jar:?]
	at java.beans.PropertyChangeSupport.fire(PropertyChangeSupport.java:343) ~[?:?]
	at java.beans.PropertyChangeSupport.firePropertyChange(PropertyChangeSupport.java:335) ~[?:?]
	at java.beans.PropertyChangeSupport.firePropertyChange(PropertyChangeSupport.java:268) ~[?:?]
	at com.st.microxplorer.util.MXPropertyChangeSupport.firePropertyChange(MXPropertyChangeSupport.java:54) ~[STM32CubeMX.jar:?]
	at com.st.microxplorer.mxsystem.MxSystem.closeConfig(MxSystem.java:899) ~[STM32CubeMX.jar:?]
	at com.st.microxplorer.maingui.MainPanel.closeConfig(MainPanel.java:789) ~[STM32CubeMX.jar:?]
	at com.st.microxplorer.plugins.filemanager.engine.OpenFileManager.loadConfigurationFile(OpenFileManager.java:287) ~[filemanager.jar:?]
	at com.st.microxplorer.plugins.filemanager.engine.MainFileManager.userLoadConfig(MainFileManager.java:341) ~[filemanager.jar:?]
	at com.st.microxplorer.plugins.filemanager.engine.MainFileManager.userLoadConfig(MainFileManager.java:319) ~[filemanager.jar:?]
	at com.st.microxplorer.plugins.filemanager.FileManagerView.getSpecificTask(FileManagerView.java:246) ~[filemanager.jar:?]
	at com.st.stm32cube.common.mx.editor.CubeMxEditor.getMxTabbedPaneInstance(CubeMxEditor.java:1198) ~[com.st.stm32cube.common.mx_6.14.0.202502271554/:?]
	at com.st.stm32cube.common.mx.editor.CubeMxEditor$12$1.createSwingComponent(CubeMxEditor.java:1068) ~[com.st.stm32cube.common.mx_6.14.0.202502271554/:?]
	at com.st.stm32cube.common.mx.oss.core.awtswtbridge.EmbeddedSwingComposite.doComponentCreation(EmbeddedSwingComposite.java:492) ~[com.st.stm32cube.common.mx.oss_6.14.0.202502271554/:?]
	at com.st.stm32cube.common.mx.oss.core.awtswtbridge.EmbeddedSwingComposite$4.run(EmbeddedSwingComposite.java:291) ~[com.st.stm32cube.common.mx.oss_6.14.0.202502271554/:?]
	at com.st.stm32cube.common.mx.oss.core.awtswtbridge.AwtEnvironment$2.run(AwtEnvironment.java:166) ~[com.st.stm32cube.common.mx.oss_6.14.0.202502271554/:?]
	at java.awt.event.InvocationEvent.dispatch(InvocationEvent.java:318) ~[?:?]
	at java.awt.EventQueue.dispatchEventImpl(EventQueue.java:773) ~[?:?]
	at java.awt.EventQueue$4.run(EventQueue.java:720) ~[?:?]
	at java.awt.EventQueue$4.run(EventQueue.java:714) ~[?:?]
	at java.security.AccessController.doPrivileged(AccessController.java:400) ~[?:?]
	at java.security.ProtectionDomain$JavaSecurityAccessImpl.doIntersectionPrivilege(ProtectionDomain.java:87) ~[?:?]
	at java.awt.EventQueue.dispatchEvent(EventQueue.java:742) ~[?:?]
	at java.awt.EventDispatchThread.pumpOneEventForFilters(EventDispatchThread.java:203) ~[?:?]
	at java.awt.EventDispatchThread.pumpEventsForFilter(EventDispatchThread.java:124) ~[?:?]
	at java.awt.EventDispatchThread.pumpEventsForHierarchy(EventDispatchThread.java:113) ~[?:?]
	at java.awt.EventDispatchThread.pumpEvents(EventDispatchThread.java:109) ~[?:?]
	at java.awt.EventDispatchThread.pumpEvents(EventDispatchThread.java:101) ~[?:?]
	at java.awt.EventDispatchThread.run(EventDispatchThread.java:90) ~[?:?]
2025-12-27 12:22:10,860 [WARN] ThirdParty:871 - waiting for thirdparty lock release [close project]
2025-12-27 12:22:10,860 [INFO] ThirdParty:873 - entering critical section [close project]
2025-12-27 12:22:10,860 [INFO] ThirdParty:883 - exiting critical section [close project]
2025-12-27 12:22:10,861 [INFO] PinOutPanel:1589 - setPackage(No Configuration,No Configuration)
2025-12-27 12:22:10,866 [WARN] IpParametersView:155 - Warning: This peripheral hasn't parameters
2025-12-27 12:22:10,869 [WARN] MainPanel:289 - <html><b><center>Warning: This peripheral has no parameters to be configured<br></b></html>
2025-12-27 12:22:10,872 [INFO] UtilMem:75 - Begin LoadConfig() Used Memory: 863118368 Bytes (1073741824)
2025-12-27 12:22:10,872 [INFO] MicroXplorer:468 - Change Database Path : 
2025-12-27 12:22:10,872 [INFO] MicroXplorer:498 - Change Database Version : DB.6.0.140
2025-12-27 12:22:10,872 [INFO] OpenFileManager:354 - Change cursor
2025-12-27 12:22:10,879 [INFO] RulesReader:64 - Compatibility file has been processed (301 Rules)
2025-12-27 12:22:10,884 [INFO] Mcu:2011 - Initializing MCU STM32WB55RGVx STM32WB55RGVx STM32WB55RGV6
2025-12-27 12:22:11,701 [INFO] Context:756 - Trying to add GPIOservice into a context  which must be forbidden
2025-12-27 12:22:12,483 [INFO] ImportTextPane:218 - (OptionalMessage_ERROR) Pin45 (VP_RIF_VS_RIF1) cannot be retrieved for this MCU
2025-12-27 12:22:12,518 [INFO] RtosManager:558 - Registered RTOS mode: class=CMSIS, group=RTOS, mode=CMSIS_V1, owner=FREERTOS
2025-12-27 12:22:12,518 [INFO] RtosManager:558 - Registered RTOS mode: class=CMSIS, group=RTOS2, mode=CMSIS_V2, owner=FREERTOS
2025-12-27 12:22:12,518 [INFO] RtosManager:558 - Registered RTOS mode: class=RTOS, group=Core, mode=CMSIS_V1, owner=FREERTOS
2025-12-27 12:22:12,518 [INFO] RtosManager:558 - Registered RTOS mode: class=RTOS, group=Core, mode=CMSIS_V2, owner=FREERTOS
2025-12-27 12:22:12,518 [WARN] ModelIntegratedComponent:184 - Missing modes for component STMicroelectronics:FreeRTOS:0.0.1:STMicroelectronics:RTOS:FreeRTOS:Core:::10.2.0:
2025-12-27 12:22:12,534 [WARN] ModelIntegratedComponent:63 - No mode defined for component null
2025-12-27 12:22:12,534 [WARN] ModelIntegratedComponent:63 - No mode defined for component null
2025-12-27 12:22:12,534 [WARN] ModelIntegratedComponent:63 - No mode defined for component null
2025-12-27 12:22:12,534 [WARN] ModelIntegratedComponent:63 - No mode defined for component null
2025-12-27 12:22:12,534 [WARN] ModelIntegratedComponent:63 - No mode defined for component null
2025-12-27 12:22:12,534 [WARN] ModelIntegratedComponent:63 - No mode defined for component null
2025-12-27 12:22:12,534 [WARN] ModelIntegratedComponent:63 - No mode defined for component null
2025-12-27 12:22:12,535 [WARN] ModelIntegratedComponent:63 - No mode defined for component null
2025-12-27 12:22:12,535 [WARN] ModelIntegratedComponent:63 - No mode defined for component null
2025-12-27 12:22:12,535 [WARN] ModelIntegratedComponent:63 - No mode defined for component null
2025-12-27 12:22:12,535 [WARN] ModelIntegratedComponent:63 - No mode defined for component null
2025-12-27 12:22:12,535 [WARN] ModelIntegratedComponent:63 - No mode defined for component null
2025-12-27 12:22:12,535 [WARN] ModelIntegratedComponent:63 - No mode defined for component null
2025-12-27 12:22:12,535 [WARN] ModelIntegratedComponent:63 - No mode defined for component null
2025-12-27 12:22:12,535 [WARN] ModelIntegratedComponent:63 - No mode defined for component null
2025-12-27 12:22:12,535 [WARN] ModelIntegratedComponent:63 - No mode defined for component null
2025-12-27 12:22:12,535 [WARN] ModelIntegratedComponent:63 - No mode defined for component null
2025-12-27 12:22:12,535 [WARN] ModelIntegratedComponent:63 - No mode defined for component null
2025-12-27 12:22:12,535 [WARN] ModelIntegratedComponent:63 - No mode defined for component null
2025-12-27 12:22:12,535 [WARN] ModelIntegratedComponent:63 - No mode defined for component null
2025-12-27 12:22:12,535 [WARN] ModelIntegratedComponent:63 - No mode defined for component null
2025-12-27 12:22:12,535 [WARN] ModelIntegratedComponent:63 - No mode defined for component null
2025-12-27 12:22:12,535 [WARN] ModelIntegratedComponent:63 - No mode defined for component null
2025-12-27 12:22:12,535 [WARN] ModelIntegratedComponent:63 - No mode defined for component null
2025-12-27 12:22:12,535 [WARN] ModelIntegratedComponent:63 - No mode defined for component null
2025-12-27 12:22:12,535 [WARN] ModelIntegratedComponent:63 - No mode defined for component null
2025-12-27 12:22:12,535 [WARN] ModelIntegratedComponent:63 - No mode defined for component null
2025-12-27 12:22:12,535 [WARN] ModelIntegratedComponent:63 - No mode defined for component null
2025-12-27 12:22:12,535 [WARN] ModelIntegratedComponent:63 - No mode defined for component null
2025-12-27 12:22:12,535 [WARN] ModelIntegratedComponent:63 - No mode defined for component null
2025-12-27 12:22:12,535 [WARN] ModelIntegratedComponent:63 - No mode defined for component null
2025-12-27 12:22:12,535 [WARN] ModelIntegratedComponent:63 - No mode defined for component null
2025-12-27 12:22:12,535 [WARN] ModelIntegratedComponent:63 - No mode defined for component null
2025-12-27 12:22:12,535 [WARN] ModelIntegratedComponent:63 - No mode defined for component null
2025-12-27 12:22:12,535 [WARN] ModelIntegratedComponent:63 - No mode defined for component null
2025-12-27 12:22:12,535 [WARN] ModelPack:524 - Component already loaded: STMicroelectronics:HAL Drivers:0.0.0:STMicroelectronics:Device:STMicro_Driver:XSPI:HAL::0.0.1:HAL_XSPI
2025-12-27 12:22:12,858 [INFO] ThirdPartyModel:298 - Start build external matchings
2025-12-27 12:22:14,238 [INFO] ThirdPartyModel:316 - End build external matchings
2025-12-27 12:22:14,274 [INFO] HwResourcesManager:1943 - RZone for current mcu STM32WB55RGVx : STM32_DIE495_256_1024
2025-12-27 12:22:14,284 [INFO] HwResourcesManager:473 - Memory Region Flash added without MPC
2025-12-27 12:22:14,285 [INFO] HwResourcesManager:473 - Memory Region SRAM2_C added without MPC
2025-12-27 12:22:14,286 [INFO] HwResourcesManager:473 - Memory Region SRAM1 added without MPC
2025-12-27 12:22:14,287 [INFO] HwResourcesManager:473 - Memory Region SRAM2 added without MPC
2025-12-27 12:22:14,297 [INFO] MemInfoExtractor$OctoQuadSPIInfoExtractor:1661 - Cannot find QUADSPI start address in the info provided by HWResourceManager => Set it to the default value
2025-12-27 12:22:14,423 [INFO] ImportTextPane:218 - (OptionalMessage_ERROR) IP (DMA) : Parameter (Instance) has Id (SPI1_TX) currently not set
2025-12-27 12:22:14,423 [INFO] ImportTextPane:218 - (OptionalMessage_ERROR) IP (DMA) : Parameter (Request) has Id (SPI1_TX) currently not set
2025-12-27 12:22:14,423 [INFO] ImportTextPane:218 - (OptionalMessage_ERROR) IP (DMA) : Parameter (Direction) has Id (SPI1_TX) currently not set
2025-12-27 12:22:14,423 [INFO] ImportTextPane:218 - (OptionalMessage_ERROR) IP (DMA) : Parameter (PeriphInc) has Id (SPI1_TX) currently not set
2025-12-27 12:22:14,423 [INFO] ImportTextPane:218 - (OptionalMessage_ERROR) IP (DMA) : Parameter (MemInc) has Id (SPI1_TX) currently not set
2025-12-27 12:22:14,424 [INFO] ImportTextPane:218 - (OptionalMessage_ERROR) IP (DMA) : Parameter (PeriphDataAlignment) has Id (SPI1_TX) currently not set
2025-12-27 12:22:14,424 [INFO] ImportTextPane:218 - (OptionalMessage_ERROR) IP (DMA) : Parameter (MemDataAlignment) has Id (SPI1_TX) currently not set
2025-12-27 12:22:14,424 [INFO] ImportTextPane:218 - (OptionalMessage_ERROR) IP (DMA) : Parameter (Mode) has Id (SPI1_TX) currently not set
2025-12-27 12:22:14,424 [INFO] ImportTextPane:218 - (OptionalMessage_ERROR) IP (DMA) : Parameter (Priority) has Id (SPI1_TX) currently not set
2025-12-27 12:22:14,424 [INFO] ImportTextPane:218 - (OptionalMessage_ERROR) IP (DMA) : Parameter (SignalID) has Id (SPI1_TX) currently not set
2025-12-27 12:22:14,424 [INFO] ImportTextPane:218 - (OptionalMessage_ERROR) IP (DMA) : Parameter (Polarity) has Id (SPI1_TX) currently not set
2025-12-27 12:22:14,424 [INFO] ImportTextPane:218 - (OptionalMessage_ERROR) IP (DMA) : Parameter (RequestNumber) has Id (SPI1_TX) currently not set
2025-12-27 12:22:14,424 [INFO] ImportTextPane:218 - (OptionalMessage_ERROR) IP (DMA) : Parameter (SyncSignalID) has Id (SPI1_TX) currently not set
2025-12-27 12:22:14,424 [INFO] ImportTextPane:218 - (OptionalMessage_ERROR) IP (DMA) : Parameter (SyncPolarity) has Id (SPI1_TX) currently not set
2025-12-27 12:22:14,424 [INFO] ImportTextPane:218 - (OptionalMessage_ERROR) IP (DMA) : Parameter (SyncEnable) has Id (SPI1_TX) currently not set
2025-12-27 12:22:14,424 [INFO] ImportTextPane:218 - (OptionalMessage_ERROR) IP (DMA) : Parameter (EventEnable) has Id (SPI1_TX) currently not set
2025-12-27 12:22:14,424 [INFO] ImportTextPane:218 - (OptionalMessage_ERROR) IP (DMA) : Parameter (SyncRequestNumber) has Id (SPI1_TX) currently not set
2025-12-27 12:22:14,426 [WARN] IP:2250 - DefaultDataRegion not found: check if there is a RefParameter without a condition.
2025-12-27 12:22:14,427 [INFO] ImportTextPane:218 - (OptionalMessage_ERROR) IP (MEMORYMAP) : Invalid parameter (DefaultDataRegion)
2025-12-27 12:22:14,427 [INFO] ImportTextPane:218 - (OptionalMessage_ERROR) IP (RCC) : Invalid parameter (FamilyName)
2025-12-27 12:22:14,476 [WARN] IP:2250 - SERVICE2_UUID not found: check if there is a RefParameter without a condition.
2025-12-27 12:22:14,480 [WARN] IP:2250 - SERVICE3_UUID not found: check if there is a RefParameter without a condition.
2025-12-27 12:22:14,487 [WARN] IP:2250 - SERVICE4_UUID not found: check if there is a RefParameter without a condition.
2025-12-27 12:22:14,505 [WARN] IP:2250 - SERVICE5_UUID not found: check if there is a RefParameter without a condition.
2025-12-27 12:22:14,521 [INFO] ImportTextPane:218 - (OptionalMessage_ERROR) IP (STM32_WPAN) : Invalid parameter (CFG_LSCLK_LSE)
2025-12-27 12:22:14,700 [INFO] UtilMem:75 - End LoadConfig() Used Memory: 720253008 Bytes (1073741824)
2025-12-27 12:22:14,734 [WARN] ThirdParty:833 - waiting for thirdparty lock release [change project]
2025-12-27 12:22:14,734 [INFO] ThirdParty:835 - entering critical section [change project]
2025-12-27 12:22:14,735 [INFO] ThirdParty:1030 - CMSIS Pack Vendor :STMicroelectronics X-CUBE-PM33A1 1.0.0
2025-12-27 12:22:14,735 [INFO] ThirdParty:1030 - CMSIS Pack Vendor :STMicroelectronics USBPD 4.1
2025-12-27 12:22:14,735 [INFO] ThirdParty:1030 - CMSIS Pack Vendor :STMicroelectronics USB_HOST 2.0.0
2025-12-27 12:22:14,735 [INFO] ThirdParty:1030 - CMSIS Pack Vendor :STMicroelectronics FP-SNS-MOTENVWB1 1.4.0
2025-12-27 12:22:14,735 [INFO] ThirdParty:1030 - CMSIS Pack Vendor :STMicroelectronics X-CUBE-AZRTOS-F4 1.1.0
2025-12-27 12:22:14,735 [INFO] ThirdParty:1030 - CMSIS Pack Vendor :STMicroelectronics LIBJPEG 8.0.0
2025-12-27 12:22:14,735 [INFO] ThirdParty:1030 - CMSIS Pack Vendor :STMicroelectronics FP-ATR-ASTRA1 2.0.2
2025-12-27 12:22:14,735 [INFO] ThirdParty:1030 - CMSIS Pack Vendor :Avnet-IotConnect X-CUBE-IoTC-DA16k-PMOD 1.0.0
2025-12-27 12:22:14,735 [INFO] ThirdParty:1030 - CMSIS Pack Vendor :STMicroelectronics X-CUBE-SMBUS 2.1.0
2025-12-27 12:22:14,735 [INFO] ThirdParty:1030 - CMSIS Pack Vendor :STMicroelectronics X-CUBE-WB05N 1.1.0
2025-12-27 12:22:14,735 [INFO] ThirdParty:1030 - CMSIS Pack Vendor :STMicroelectronics X-CUBE-ISPU 2.1.0
2025-12-27 12:22:14,735 [INFO] ThirdParty:1030 - CMSIS Pack Vendor :STMicroelectronics X-CUBE-ST60 1.0.0
2025-12-27 12:22:14,735 [INFO] ThirdParty:1030 - CMSIS Pack Vendor :STMicroelectronics X-CUBE-NFC12 1.0.0
2025-12-27 12:22:14,735 [INFO] ThirdParty:1030 - CMSIS Pack Vendor :STMicroelectronics X-CUBE-AZRTOS-F7 1.1.0
2025-12-27 12:22:14,735 [INFO] ThirdParty:1030 - CMSIS Pack Vendor :STMicroelectronics X-CUBE-AZRTOS-L5 2.0.0
2025-12-27 12:22:14,735 [INFO] ThirdParty:1030 - CMSIS Pack Vendor :STMicroelectronics USB_DEVICE 2.0.0
2025-12-27 12:22:14,735 [INFO] ThirdParty:1030 - CMSIS Pack Vendor :STMicroelectronics X-CUBE-NFC6 3.1.0
2025-12-27 12:22:14,735 [INFO] ThirdParty:1030 - CMSIS Pack Vendor :STMicroelectronics FreeRTOS 0.0.1
2025-12-27 12:22:14,735 [INFO] ThirdParty:1030 - CMSIS Pack Vendor :STMicroelectronics X-CUBE-DPower 1.2.0
2025-12-27 12:22:14,735 [INFO] ThirdParty:1030 - CMSIS Pack Vendor :STMicroelectronics FP-SNS-FLIGHT1 5.0.2
2025-12-27 12:22:14,735 [INFO] ThirdParty:1030 - CMSIS Pack Vendor :Infineon AIROC-Wi-Fi-Bluetooth-STM32 1.7.0
2025-12-27 12:22:14,735 [INFO] ThirdParty:1030 - CMSIS Pack Vendor :STMicroelectronics PDM2PCM 3.3.0
2025-12-27 12:22:14,735 [INFO] ThirdParty:1030 - CMSIS Pack Vendor :STMicroelectronics X-CUBE-AZRTOS-H7 3.4.0
2025-12-27 12:22:14,735 [INFO] ThirdParty:1030 - CMSIS Pack Vendor :STMicroelectronics X-CUBE-DISPLAY 3.0.0
2025-12-27 12:22:14,735 [INFO] ThirdParty:1030 - CMSIS Pack Vendor :STMicroelectronics X-CUBE-BLE1 7.0.0
2025-12-27 12:22:14,735 [INFO] ThirdParty:1030 - CMSIS Pack Vendor :STMicroelectronics X-CUBE-NFC10 1.0.0
2025-12-27 12:22:14,735 [INFO] ThirdParty:1030 - CMSIS Pack Vendor :STMicroelectronics X-CUBE-BLEMGR 4.0.0
2025-12-27 12:22:14,735 [INFO] ThirdParty:1030 - CMSIS Pack Vendor :STMicroelectronics X-CUBE-FREERTOS 1.3.1
2025-12-27 12:22:14,735 [INFO] ThirdParty:1030 - CMSIS Pack Vendor :STMicroelectronics HAL Drivers 0.0.0
2025-12-27 12:22:14,735 [INFO] ThirdParty:1030 - CMSIS Pack Vendor :STMicroelectronics X-CUBE-ST60 1.1.0
2025-12-27 12:22:14,735 [INFO] ThirdParty:1030 - CMSIS Pack Vendor :emotas I-CUBE-CANOPEN 1.3.0
2025-12-27 12:22:14,735 [INFO] ThirdParty:1030 - CMSIS Pack Vendor :STMicroelectronics X-CUBE-FREERTOS 1.3.0
2025-12-27 12:22:14,735 [INFO] ThirdParty:1030 - CMSIS Pack Vendor :STMicroelectronics X-CUBE-NFC7 1.0.1
2025-12-27 12:22:14,735 [INFO] ThirdParty:1030 - CMSIS Pack Vendor :STMicroelectronics MBEDTLS 2.14.1
2025-12-27 12:22:14,735 [INFO] ThirdParty:1030 - CMSIS Pack Vendor :STMicroelectronics X-CUBE-GNSS1 7.1.0
2025-12-27 12:22:14,735 [INFO] ThirdParty:1030 - CMSIS Pack Vendor :STMicroelectronics X-CUBE-TOUCHGFX 4.26.0
2025-12-27 12:22:14,735 [INFO] ThirdParty:1030 - CMSIS Pack Vendor :STMicroelectronics X-CUBE-AI 10.0.0
2025-12-27 12:22:14,735 [INFO] ThirdParty:1030 - CMSIS Pack Vendor :STMicroelectronics FP-SNS-STAIOTCFT 1.0.0
2025-12-27 12:22:14,735 [INFO] ThirdParty:1030 - CMSIS Pack Vendor :STMicroelectronics FP-SNS-SMARTAG2 1.2.0
2025-12-27 12:22:14,735 [INFO] ThirdParty:1030 - CMSIS Pack Vendor :STMicroelectronics FP-SNS-FLIGHT1 5.1.0
2025-12-27 12:22:14,735 [INFO] ThirdParty:1030 - CMSIS Pack Vendor :STMicroelectronics X-CUBE-MEMS1 11.1.0
2025-12-27 12:22:14,735 [INFO] ThirdParty:1030 - CMSIS Pack Vendor :STMicroelectronics X-CUBE-AZRTOS-WL 2.0.0
2025-12-27 12:22:14,735 [INFO] ThirdParty:1030 - CMSIS Pack Vendor :STMicroelectronics X-CUBE-DPower 1.3.0
2025-12-27 12:22:14,735 [INFO] ThirdParty:1030 - CMSIS Pack Vendor :STMicroelectronics FP-SNS-MOTENV1 5.0.0
2025-12-27 12:22:14,735 [INFO] ThirdParty:1030 - CMSIS Pack Vendor :STMicroelectronics USB_DEVICE 1.0.0
2025-12-27 12:22:14,735 [INFO] ThirdParty:1030 - CMSIS Pack Vendor :STMicroelectronics X-CUBE-AZRTOS-H7RS 1.2.0
2025-12-27 12:22:14,735 [INFO] ThirdParty:1030 - CMSIS Pack Vendor :STMicroelectronics X-CUBE-AZRTOS-L4 2.0.0
2025-12-27 12:22:14,735 [INFO] ThirdParty:1030 - CMSIS Pack Vendor :STMicroelectronics ThreadX 0.0.2
2025-12-27 12:22:14,735 [INFO] ThirdParty:1030 - CMSIS Pack Vendor :WES I-CUBE-Cesium 1.3.0
2025-12-27 12:22:14,735 [INFO] ThirdParty:1030 - CMSIS Pack Vendor :STMicroelectronics lwIP 2.1.2
2025-12-27 12:22:14,735 [INFO] ThirdParty:1030 - CMSIS Pack Vendor :STMicroelectronics X-CUBE-SFXS2LP1 4.0.0
2025-12-27 12:22:14,735 [INFO] ThirdParty:1030 - CMSIS Pack Vendor :STMicroelectronics X-CUBE-BLE2 3.3.0
2025-12-27 12:22:14,735 [INFO] ThirdParty:1030 - CMSIS Pack Vendor :STMicroelectronics PDM2PCM 3.2.0
2025-12-27 12:22:14,735 [INFO] ThirdParty:1030 - CMSIS Pack Vendor :STMicroelectronics X-CUBE-AZRTOS-H7 3.3.0
2025-12-27 12:22:14,735 [INFO] ThirdParty:1030 - CMSIS Pack Vendor :STMicroelectronics X-CUBE-NFC9 1.0.0
2025-12-27 12:22:14,735 [INFO] ThirdParty:1030 - CMSIS Pack Vendor :STMicroelectronics X-CUBE-BLE1 7.1.0
2025-12-27 12:22:14,735 [INFO] ThirdParty:1030 - CMSIS Pack Vendor :wolfSSL I-CUBE-wolfMQTT 1.19.2
2025-12-27 12:22:14,735 [INFO] ThirdParty:1030 - CMSIS Pack Vendor :STMicroelectronics USB_DEVICE 3.0.0
2025-12-27 12:22:14,735 [INFO] ThirdParty:1030 - CMSIS Pack Vendor :STMicroelectronics X-CUBE-EEPRMA1 5.2.0
2025-12-27 12:22:14,735 [INFO] ThirdParty:1030 - CMSIS Pack Vendor :STMicroelectronics X-CUBE-BLEMGR 4.1.0
2025-12-27 12:22:14,735 [INFO] ThirdParty:1030 - CMSIS Pack Vendor :STMicroelectronics X-CUBE-AZRTOS-WB 2.0.0
2025-12-27 12:22:14,735 [INFO] ThirdParty:1030 - CMSIS Pack Vendor :STMicroelectronics X-CUBE-GNSS1 7.0.1
2025-12-27 12:22:14,735 [INFO] ThirdParty:1030 - CMSIS Pack Vendor :STMicroelectronics X-CUBE-TOUCHGFX 4.25.0
2025-12-27 12:22:14,735 [INFO] ThirdParty:1030 - CMSIS Pack Vendor :STMicroelectronics X-CUBE-AI 10.1.0
2025-12-27 12:22:14,735 [INFO] ThirdParty:1030 - CMSIS Pack Vendor :STMicroelectronics FP-SNS-STBOX1 2.0.0
2025-12-27 12:22:14,735 [INFO] ThirdParty:1030 - CMSIS Pack Vendor :STMicroelectronics X-CUBE-MEMS1 12.0.0
2025-12-27 12:22:14,735 [INFO] ThirdParty:1030 - CMSIS Pack Vendor :STMicroelectronics X-CUBE-MEMS1 11.2.0
2025-12-27 12:22:14,735 [INFO] ThirdParty:1030 - CMSIS Pack Vendor :STMicroelectronics X-CUBE-AZRTOS-G0 1.1.0
2025-12-27 12:22:14,735 [INFO] ThirdParty:1030 - CMSIS Pack Vendor :STMicroelectronics X-CUBE-SAFEA1 1.2.2
2025-12-27 12:22:14,735 [INFO] ThirdParty:1030 - CMSIS Pack Vendor :STMicroelectronics X-CUBE-NFC4 3.0.0
2025-12-27 12:22:14,735 [INFO] ThirdParty:1030 - CMSIS Pack Vendor :STMicroelectronics X-CUBE-SUBG2 5.0.0
2025-12-27 12:22:14,736 [INFO] ThirdParty:1030 - CMSIS Pack Vendor :STMicroelectronics X-CUBE-AZRTOS-H7RS 1.1.0
2025-12-27 12:22:14,736 [INFO] ThirdParty:1030 - CMSIS Pack Vendor :STMicroelectronics STM32_WPAN 1.0.0
2025-12-27 12:22:14,736 [INFO] ThirdParty:1030 - CMSIS Pack Vendor :EmbeddedOffice I-CUBE-FS-RTOS 1.0.1
2025-12-27 12:22:14,736 [INFO] ThirdParty:1030 - CMSIS Pack Vendor :STMicroelectronics lwIP 2.0.3
2025-12-27 12:22:14,736 [INFO] ThirdParty:1030 - CMSIS Pack Vendor :Cesanta I-CUBE-Mongoose 7.13.0
2025-12-27 12:22:14,736 [INFO] ThirdParty:1030 - CMSIS Pack Vendor :STMicroelectronics USB_HOST 1.0.0
2025-12-27 12:22:14,736 [INFO] ThirdParty:1030 - CMSIS Pack Vendor :STMicroelectronics X-CUBE-AZRTOS-G4 2.0.0
2025-12-27 12:22:14,736 [INFO] ThirdParty:1030 - CMSIS Pack Vendor :STMicroelectronics X-CUBE-WB05N 2.0.0
2025-12-27 12:22:14,736 [INFO] ThirdParty:1030 - CMSIS Pack Vendor :STMicroelectronics PDM2PCM 3.1.0
2025-12-27 12:22:14,736 [INFO] ThirdParty:1030 - CMSIS Pack Vendor :wolfSSL I-CUBE-wolfTPM 3.8.0
2025-12-27 12:22:14,736 [INFO] ThirdParty:1030 - CMSIS Pack Vendor :wolfSSL I-CUBE-wolfSSH 1.4.20
2025-12-27 12:22:14,736 [INFO] ThirdParty:1030 - CMSIS Pack Vendor :STMicroelectronics X-CUBE-NFC7 2.0.0
2025-12-27 12:22:14,736 [INFO] ThirdParty:1030 - CMSIS Pack Vendor :STMicroelectronics X-CUBE-TCPP 4.2.0
2025-12-27 12:22:14,736 [INFO] ThirdParty:1030 - CMSIS Pack Vendor :RealThread X-CUBE-RT-Thread_Nano 4.1.1
2025-12-27 12:22:14,736 [INFO] ThirdParty:1030 - CMSIS Pack Vendor :STMicroelectronics FP-ATR-SIGFOX1 3.2.0
2025-12-27 12:22:14,736 [INFO] ThirdParty:1030 - CMSIS Pack Vendor :quantropi X-CUBE-qispace-sdk-base 1.9.3
2025-12-27 12:22:14,736 [INFO] ThirdParty:1030 - CMSIS Pack Vendor :STMicroelectronics X-CUBE-EEPRMA1 5.1.0
2025-12-27 12:22:14,736 [INFO] ThirdParty:1030 - CMSIS Pack Vendor :STMicroelectronics MBEDTLS 2.16.2
2025-12-27 12:22:14,736 [INFO] ThirdParty:1030 - CMSIS Pack Vendor :STMicroelectronics X-CUBE-IPS 3.1.0
2025-12-27 12:22:14,736 [INFO] ThirdParty:1030 - CMSIS Pack Vendor :STMicroelectronics X-CUBE-ALS 1.0.2
2025-12-27 12:22:14,736 [INFO] ThirdParty:1030 - CMSIS Pack Vendor :wolfSSL I-CUBE-wolfSSL 5.7.6
2025-12-27 12:22:14,736 [INFO] ThirdParty:1030 - CMSIS Pack Vendor :ITTIA_DB I-CUBE-ITTIADB 8.9.0
2025-12-27 12:22:14,736 [INFO] ThirdParty:1030 - CMSIS Pack Vendor :STMicroelectronics X-CUBE-TOUCHGFX 4.24.2
2025-12-27 12:22:14,736 [INFO] ThirdParty:1030 - CMSIS Pack Vendor :STMicroelectronics X-CUBE-STSE01 1.0.0
2025-12-27 12:22:14,736 [INFO] ThirdParty:1030 - CMSIS Pack Vendor :portGmbH I-Cube-SoM-uGOAL 1.1.0
2025-12-27 12:22:14,736 [INFO] ThirdParty:1030 - CMSIS Pack Vendor :STMicroelectronics X-CUBE-ST67W61 1.0.0
2025-12-27 12:22:14,736 [INFO] ThirdParty:1030 - CMSIS Pack Vendor :STMicroelectronics X-CUBE-AI 10.2.0
2025-12-27 12:22:14,736 [INFO] ThirdParty:1030 - CMSIS Pack Vendor :STMicroelectronics ThreadX 1.0.0
2025-12-27 12:22:14,736 [INFO] ThirdParty:1030 - CMSIS Pack Vendor :SEGGER I-CUBE-embOS 1.3.1
2025-12-27 12:22:14,736 [INFO] ThirdParty:1030 - CMSIS Pack Vendor :STMicroelectronics X-CUBE-ALGOBUILD 1.4.0
2025-12-27 12:22:14,736 [INFO] ThirdParty:1030 - CMSIS Pack Vendor :STMicroelectronics X-CUBE-MEMS1 11.3.0
2025-12-27 12:22:14,736 [INFO] ThirdParty:1030 - CMSIS Pack Vendor :STMicroelectronics X-CUBE-AZRTOS-H7RS 1.0.0
2025-12-27 12:22:14,736 [INFO] ThirdParty:1030 - CMSIS Pack Vendor :STMicroelectronics X-CUBE-TOF1 3.4.2
2025-12-27 12:22:14,736 [INFO] ThirdParty:1030 - CMSIS Pack Vendor :STMicroelectronics X-CUBE-TOF1 3.4.3
2025-12-27 12:22:14,736 [INFO] ThirdParty:841 - exiting critical section [change project]
2025-12-27 12:22:14,826 [INFO] PinOutPanel:1589 - setPackage(No Configuration,No Configuration)
2025-12-27 12:22:14,827 [INFO] PinOutPanel:1589 - setPackage(STM32WB55RGVx,VFQFPN68)
2025-12-27 12:22:15,092 [INFO] UtilMem:75 - Before build in PCC Used Memory: 892461296 Bytes (1073741824)
2025-12-27 12:22:15,192 [INFO] LogOutputStream:77 - [STDOUT_REDIRECT] Sleepy End Device Min <200 3.3
2025-12-27 12:22:15,193 [INFO] LogOutputStream:77 - [STDOUT_REDIRECT] Sleepy End Device Min <200 3.3
2025-12-27 12:22:15,193 [INFO] LogOutputStream:77 - [STDOUT_REDIRECT] Sleepy End Device Min <200 3.3
2025-12-27 12:22:15,194 [INFO] LogOutputStream:77 - [STDOUT_REDIRECT] Sleepy End Device Min <200 3.3
2025-12-27 12:22:15,194 [INFO] LogOutputStream:77 - [STDOUT_REDIRECT] Sleepy End Device Min <200 3.3
2025-12-27 12:22:15,206 [INFO] LogOutputStream:77 - [STDOUT_REDIRECT] Sleepy End Device Min <200 3.3
2025-12-27 12:22:15,207 [INFO] LogOutputStream:77 - [STDOUT_REDIRECT] Sleepy End Device Min <200 3.3
2025-12-27 12:22:15,207 [INFO] LogOutputStream:77 - [STDOUT_REDIRECT] Sleepy End Device Min <200 3.3
2025-12-27 12:22:15,207 [INFO] LogOutputStream:77 - [STDOUT_REDIRECT] Sleepy End Device Min <200 3.3
2025-12-27 12:22:15,208 [INFO] LogOutputStream:77 - [STDOUT_REDIRECT] Sleepy End Device Min <200 3.3
2025-12-27 12:22:15,209 [INFO] LogOutputStream:77 - [STDOUT_REDIRECT] Sleepy End Device Min <200 3.3
2025-12-27 12:22:15,210 [INFO] LogOutputStream:77 - [STDOUT_REDIRECT] Sleepy End Device Min <200 3.3
2025-12-27 12:22:15,210 [INFO] LogOutputStream:77 - [STDOUT_REDIRECT] Sleepy End Device Min <200 3.3
2025-12-27 12:22:15,210 [INFO] LogOutputStream:77 - [STDOUT_REDIRECT] Sleepy End Device Min <200 3.3
2025-12-27 12:22:15,211 [INFO] LogOutputStream:77 - [STDOUT_REDIRECT] Sleepy End Device Min <200 3.3
2025-12-27 12:22:15,212 [INFO] LogOutputStream:77 - [STDOUT_REDIRECT] Sleepy End Device Min <200 3.3
2025-12-27 12:22:15,212 [INFO] LogOutputStream:77 - [STDOUT_REDIRECT] Sleepy End Device Min <200 3.3
2025-12-27 12:22:15,213 [INFO] LogOutputStream:77 - [STDOUT_REDIRECT] Sleepy End Device Min <200 3.3
2025-12-27 12:22:15,213 [INFO] LogOutputStream:77 - [STDOUT_REDIRECT] Sleepy End Device Min <200 3.3
2025-12-27 12:22:15,213 [INFO] LogOutputStream:77 - [STDOUT_REDIRECT] Sleepy End Device Min <200 3.3
2025-12-27 12:22:15,215 [INFO] LogOutputStream:77 - [STDOUT_REDIRECT] Sleepy End Device Min <200 3.3
2025-12-27 12:22:15,216 [INFO] LogOutputStream:77 - [STDOUT_REDIRECT] Sleepy End Device Min <200 3.3
2025-12-27 12:22:15,217 [INFO] LogOutputStream:77 - [STDOUT_REDIRECT] Sleepy End Device Min <200 3.3
2025-12-27 12:22:15,217 [INFO] LogOutputStream:77 - [STDOUT_REDIRECT] Sleepy End Device Min <200 3.3
2025-12-27 12:22:15,218 [INFO] LogOutputStream:77 - [STDOUT_REDIRECT] Sleepy End Device Min <200 3.3
2025-12-27 12:22:15,219 [INFO] LogOutputStream:77 - [STDOUT_REDIRECT] Sleepy End Device Min <200 3.3
2025-12-27 12:22:15,219 [INFO] LogOutputStream:77 - [STDOUT_REDIRECT] Sleepy End Device Min <200 3.3
2025-12-27 12:22:15,219 [INFO] LogOutputStream:77 - [STDOUT_REDIRECT] Sleepy End Device Min <200 3.3
2025-12-27 12:22:15,220 [INFO] LogOutputStream:77 - [STDOUT_REDIRECT] Sleepy End Device Min <200 3.3
2025-12-27 12:22:15,220 [INFO] LogOutputStream:77 - [STDOUT_REDIRECT] Sleepy End Device Min <200 3.3
2025-12-27 12:22:15,292 [INFO] LogOutputStream:77 - [STDOUT_REDIRECT] Sleepy End Device Min <200 3.3
2025-12-27 12:22:15,292 [INFO] LogOutputStream:77 - [STDOUT_REDIRECT] Sleepy End Device Min <200 3.3
2025-12-27 12:22:15,293 [INFO] LogOutputStream:77 - [STDOUT_REDIRECT] Sleepy End Device Min <200 3.3
2025-12-27 12:22:15,293 [INFO] LogOutputStream:77 - [STDOUT_REDIRECT] Sleepy End Device Min <200 3.3
2025-12-27 12:22:15,293 [INFO] LogOutputStream:77 - [STDOUT_REDIRECT] Sleepy End Device Min <200 3.3
2025-12-27 12:22:15,333 [INFO] UtilMem:75 - After build in PCC Used Memory: 966916352 Bytes (1073741824)
2025-12-27 12:22:15,496 [INFO] ApiDbMcu:508 - Load IP Config File for STM32_WPAN
2025-12-27 12:22:15,517 [INFO] ApiDbMcu:508 - Load IP Config File for USB_DEVICE
2025-12-27 12:22:15,530 [INFO] IPUIPlugin:80 - create IPUIPlugin
2025-12-27 12:22:15,530 [INFO] IPUIPlugin:80 - create IPUIPlugin
2025-12-27 12:22:15,530 [INFO] IPUIPlugin:80 - create IPUIPlugin
2025-12-27 12:22:15,530 [INFO] IPUIPlugin:80 - create IPUIPlugin
2025-12-27 12:22:15,530 [INFO] IPUIPlugin:80 - create IPUIPlugin
2025-12-27 12:22:15,530 [INFO] IPUIPlugin:80 - create IPUIPlugin
2025-12-27 12:22:15,530 [INFO] IPUIPlugin:80 - create IPUIPlugin
2025-12-27 12:22:15,530 [INFO] IPUIPlugin:80 - create IPUIPlugin
2025-12-27 12:22:15,530 [INFO] IPUIPlugin:80 - create IPUIPlugin
2025-12-27 12:22:15,530 [INFO] IPUIPlugin:80 - create IPUIPlugin
2025-12-27 12:22:15,530 [INFO] IPUIPlugin:80 - create IPUIPlugin
2025-12-27 12:22:15,530 [INFO] IPUIPlugin:80 - create IPUIPlugin
2025-12-27 12:22:15,530 [INFO] IPUIPlugin:80 - create IPUIPlugin
2025-12-27 12:22:15,531 [INFO] IPUIPlugin:80 - create IPUIPlugin
2025-12-27 12:22:15,531 [INFO] IPUIPlugin:80 - create IPUIPlugin
2025-12-27 12:22:15,531 [INFO] IPUIPlugin:80 - create IPUIPlugin
2025-12-27 12:22:15,531 [INFO] IPUIPlugin:80 - create IPUIPlugin
2025-12-27 12:22:15,531 [INFO] IPUIPlugin:80 - create IPUIPlugin
2025-12-27 12:22:15,532 [INFO] IPUIPlugin:80 - create IPUIPlugin
2025-12-27 12:22:15,532 [INFO] IPUIPlugin:80 - create IPUIPlugin
2025-12-27 12:22:15,532 [INFO] IPUIPlugin:80 - create IPUIPlugin
2025-12-27 12:22:15,532 [INFO] IPUIPlugin:80 - create IPUIPlugin
2025-12-27 12:22:15,532 [INFO] IPUIPlugin:80 - create IPUIPlugin
2025-12-27 12:22:15,532 [INFO] IPUIPlugin:80 - create IPUIPlugin
2025-12-27 12:22:15,532 [INFO] IPUIPlugin:80 - create IPUIPlugin
2025-12-27 12:22:15,532 [INFO] IPUIPlugin:80 - create IPUIPlugin
2025-12-27 12:22:15,532 [INFO] IPUIPlugin:80 - create IPUIPlugin
2025-12-27 12:22:15,533 [INFO] IPUIPlugin:80 - create IPUIPlugin
2025-12-27 12:22:15,533 [INFO] IPUIPlugin:80 - create IPUIPlugin
2025-12-27 12:22:15,533 [INFO] IPUIPlugin:80 - create IPUIPlugin
2025-12-27 12:22:15,533 [INFO] IPUIPlugin:80 - create IPUIPlugin
2025-12-27 12:22:15,533 [INFO] IPUIPlugin:80 - create IPUIPlugin
2025-12-27 12:22:15,533 [INFO] IPUIPlugin:80 - create IPUIPlugin
2025-12-27 12:22:15,533 [INFO] IPUIPlugin:80 - create IPUIPlugin
2025-12-27 12:22:15,534 [INFO] IPUIPlugin:80 - create IPUIPlugin
2025-12-27 12:22:15,534 [INFO] IPUIPlugin:80 - create IPUIPlugin
2025-12-27 12:22:15,534 [INFO] IPUIPlugin:80 - create IPUIPlugin
2025-12-27 12:22:15,534 [INFO] IPUIPlugin:80 - create IPUIPlugin
2025-12-27 12:22:15,534 [INFO] IPUIPlugin:80 - create IPUIPlugin
2025-12-27 12:22:15,534 [INFO] IPUIPlugin:80 - create IPUIPlugin
2025-12-27 12:22:15,534 [INFO] IPUIPlugin:80 - create IPUIPlugin
2025-12-27 12:22:15,535 [INFO] IPUIPlugin:80 - create IPUIPlugin
2025-12-27 12:22:15,535 [INFO] IPUIPlugin:80 - create IPUIPlugin
2025-12-27 12:22:15,535 [INFO] IPUIPlugin:80 - create IPUIPlugin
2025-12-27 12:22:15,535 [INFO] IPUIPlugin:80 - create IPUIPlugin
2025-12-27 12:22:15,570 [WARN] IP:2250 - SERVICE2_UUID not found: check if there is a RefParameter without a condition.
2025-12-27 12:22:15,573 [WARN] IP:2250 - SERVICE3_UUID not found: check if there is a RefParameter without a condition.
2025-12-27 12:22:15,575 [WARN] IP:2250 - SERVICE4_UUID not found: check if there is a RefParameter without a condition.
2025-12-27 12:22:15,578 [WARN] IP:2250 - SERVICE5_UUID not found: check if there is a RefParameter without a condition.
2025-12-27 12:22:15,672 [INFO] CADModel:165 - CPN selected for project levelSTM32WB55RGV6
2025-12-27 12:22:15,672 [INFO] CADModel:114 - Register for checkConnection events
2025-12-27 12:22:15,730 [INFO] OpenFileManager:385 - Restore cursor
2025-12-27 12:22:15,808 [WARN] IP:2250 - SERVICE2_UUID not found: check if there is a RefParameter without a condition.
2025-12-27 12:22:15,810 [WARN] IP:2250 - SERVICE3_UUID not found: check if there is a RefParameter without a condition.
2025-12-27 12:22:15,813 [WARN] IP:2250 - SERVICE4_UUID not found: check if there is a RefParameter without a condition.
2025-12-27 12:22:15,815 [WARN] IP:2250 - SERVICE5_UUID not found: check if there is a RefParameter without a condition.
2025-12-27 12:22:15,859 [WARN] IpParametersView:155 - Warning: This peripheral hasn't parameters
2025-12-27 12:22:20,033 [WARN] IpParametersView:155 - Warning: This peripheral hasn't parameters
2025-12-27 12:22:20,058 [WARN] IpParametersView:155 - Warning: This peripheral hasn't parameters
2025-12-27 12:22:20,068 [WARN] IpParametersView:155 - Warning: This peripheral hasn't parameters
2025-12-27 12:22:20,075 [WARN] IpParametersView:155 - Warning: This peripheral hasn't parameters
2025-12-27 12:22:20,081 [WARN] IpParametersView:155 - Warning: This peripheral hasn't parameters
2025-12-27 12:23:18,749 [WARN] IP:2250 - SERVICE2_UUID not found: check if there is a RefParameter without a condition.
2025-12-27 12:23:18,751 [WARN] IP:2250 - SERVICE3_UUID not found: check if there is a RefParameter without a condition.
2025-12-27 12:23:18,752 [WARN] IP:2250 - SERVICE4_UUID not found: check if there is a RefParameter without a condition.
2025-12-27 12:23:18,754 [WARN] IP:2250 - SERVICE5_UUID not found: check if there is a RefParameter without a condition.
2025-12-27 12:23:18,820 [WARN] IP:2250 - SERVICE2_UUID not found: check if there is a RefParameter without a condition.
2025-12-27 12:23:18,822 [WARN] IP:2250 - SERVICE3_UUID not found: check if there is a RefParameter without a condition.
2025-12-27 12:23:18,823 [WARN] IP:2250 - SERVICE4_UUID not found: check if there is a RefParameter without a condition.
2025-12-27 12:23:18,826 [WARN] IP:2250 - SERVICE5_UUID not found: check if there is a RefParameter without a condition.
2025-12-27 12:23:18,928 [WARN] IP:2250 - SERVICE2_UUID not found: check if there is a RefParameter without a condition.
2025-12-27 12:23:18,930 [WARN] IP:2250 - SERVICE3_UUID not found: check if there is a RefParameter without a condition.
2025-12-27 12:23:18,933 [WARN] IP:2250 - SERVICE4_UUID not found: check if there is a RefParameter without a condition.
2025-12-27 12:23:18,935 [WARN] IP:2250 - SERVICE5_UUID not found: check if there is a RefParameter without a condition.
2025-12-27 12:23:29,453 [INFO] UtilMem:75 - End SaveConfig() Used Memory: 629601176 Bytes (1073741824)
2025-12-27 12:23:32,412 [INFO] UtilMem:75 - End SaveConfig() Used Memory: 650046360 Bytes (1073741824)
2025-12-27 12:23:37,968 [INFO] UtilMem:75 - End SaveConfig() Used Memory: 917381416 Bytes (1073741824)
2025-12-27 12:23:38,197 [INFO] BlockDiagram:2775 - set Specific Code input for plugin: RTC
2025-12-27 12:23:38,197 [INFO] BlockDiagram:2775 - set Specific Code input for plugin: SPI
2025-12-27 12:23:38,197 [INFO] BlockDiagram:2775 - set Specific Code input for plugin: SPI
2025-12-27 12:23:38,197 [INFO] BlockDiagram:2775 - set Specific Code input for plugin: NVIC
2025-12-27 12:23:38,197 [INFO] BlockDiagram:2775 - set Specific Code input for plugin: SEQUENCER
2025-12-27 12:23:38,197 [INFO] BlockDiagram:2775 - set Specific Code input for plugin: STM32_WPAN
2025-12-27 12:23:38,197 [INFO] BlockDiagram:2775 - set Specific Code input for plugin: RNG
2025-12-27 12:23:38,197 [INFO] BlockDiagram:2775 - set Specific Code input for plugin: USART
2025-12-27 12:23:38,197 [INFO] BlockDiagram:2775 - set Specific Code input for plugin: HSEM
2025-12-27 12:23:38,197 [INFO] BlockDiagram:2775 - set Specific Code input for plugin: DMA
2025-12-27 12:23:38,197 [INFO] BlockDiagram:2775 - set Specific Code input for plugin: MEMORYMAP
2025-12-27 12:23:38,197 [INFO] BlockDiagram:2775 - set Specific Code input for plugin: TIM1_8WB5
2025-12-27 12:23:38,197 [INFO] BlockDiagram:2775 - set Specific Code input for plugin: TIM1_8WB5
2025-12-27 12:23:38,197 [INFO] BlockDiagram:2775 - set Specific Code input for plugin: USB_Device
2025-12-27 12:23:38,197 [INFO] BlockDiagram:2775 - set Specific Code input for plugin: IPCC
2025-12-27 12:23:38,197 [INFO] BlockDiagram:2775 - set Specific Code input for plugin: USB
2025-12-27 12:23:38,197 [INFO] BlockDiagram:2775 - set Specific Code input for plugin: SYS
2025-12-27 12:23:38,198 [INFO] BlockDiagram:2775 - set Specific Code input for plugin: GPIO
2025-12-27 12:23:38,198 [INFO] BlockDiagram:2775 - set Specific Code input for plugin: RCC
2025-12-27 12:23:38,198 [INFO] BlockDiagram:2775 - set Specific Code input for plugin: RF
2025-12-27 12:23:38,198 [INFO] BlockDiagram:2775 - set Specific Code input for plugin: I2C
2025-12-27 12:23:38,198 [INFO] BlockDiagram:2775 - set Specific Code input for plugin: TINY_LPM
2025-12-27 12:23:38,200 [INFO] CodeGenerator:882 - code generatio: config db path: C:\ST\STM32CubeIDE_1.18.0\STM32CubeIDE\plugins\com.st.stm32cube.common.mx_6.14.0.202502271554\\db\
2025-12-27 12:23:38,285 [WARN] IP:2250 - SERVICE2_UUID not found: check if there is a RefParameter without a condition.
2025-12-27 12:23:38,288 [WARN] IP:2250 - SERVICE3_UUID not found: check if there is a RefParameter without a condition.
2025-12-27 12:23:38,290 [WARN] IP:2250 - SERVICE4_UUID not found: check if there is a RefParameter without a condition.
2025-12-27 12:23:38,294 [WARN] IP:2250 - SERVICE5_UUID not found: check if there is a RefParameter without a condition.
2025-12-27 12:23:38,449 [INFO] CodeEngine:263 - oldGeneratedFile, C:\Users\jaowe\Documents\Projects\DeltaTPlus_STM32WB55RG_Workspace\DeltaTPlus_STM32WB55RG_090525\MXTmpFiles\license.tmp_save
2025-12-27 12:23:38,598 [INFO] CodeEngine:287 - Generated code: C:\Users\jaowe\Documents\Projects\DeltaTPlus_STM32WB55RG_Workspace\DeltaTPlus_STM32WB55RG_090525\MXTmpFiles\license.tmp
2025-12-27 12:23:38,679 [INFO] CodeEngine:263 - oldGeneratedFile, C:\Users\jaowe\Documents\Projects\DeltaTPlus_STM32WB55RG_Workspace\DeltaTPlus_STM32WB55RG_090525\Core\Src\gpio.c_save
2025-12-27 12:23:38,768 [INFO] CodeEngine:287 - Generated code: C:\Users\jaowe\Documents\Projects\DeltaTPlus_STM32WB55RG_Workspace\DeltaTPlus_STM32WB55RG_090525\Core\Src\gpio.c
2025-12-27 12:23:38,773 [INFO] CodeEngine:263 - oldGeneratedFile, C:\Users\jaowe\Documents\Projects\DeltaTPlus_STM32WB55RG_Workspace\DeltaTPlus_STM32WB55RG_090525\Core\Inc\gpio.h_save
2025-12-27 12:23:38,836 [INFO] CodeEngine:287 - Generated code: C:\Users\jaowe\Documents\Projects\DeltaTPlus_STM32WB55RG_Workspace\DeltaTPlus_STM32WB55RG_090525\Core\Inc\gpio.h
2025-12-27 12:23:38,972 [INFO] CodeEngine:263 - oldGeneratedFile, C:\Users\jaowe\Documents\Projects\DeltaTPlus_STM32WB55RG_Workspace\DeltaTPlus_STM32WB55RG_090525\MXTmpFiles\usb_vars.tmp_save
2025-12-27 12:23:39,038 [INFO] CodeEngine:287 - Generated code: C:\Users\jaowe\Documents\Projects\DeltaTPlus_STM32WB55RG_Workspace\DeltaTPlus_STM32WB55RG_090525\MXTmpFiles\usb_vars.tmp
2025-12-27 12:23:39,041 [INFO] CodeEngine:263 - oldGeneratedFile, C:\Users\jaowe\Documents\Projects\DeltaTPlus_STM32WB55RG_Workspace\DeltaTPlus_STM32WB55RG_090525\MXTmpFiles\usb_inc.tmp_save
2025-12-27 12:23:39,101 [INFO] CodeEngine:287 - Generated code: C:\Users\jaowe\Documents\Projects\DeltaTPlus_STM32WB55RG_Workspace\DeltaTPlus_STM32WB55RG_090525\MXTmpFiles\usb_inc.tmp
2025-12-27 12:23:39,105 [INFO] CodeEngine:263 - oldGeneratedFile, C:\Users\jaowe\Documents\Projects\DeltaTPlus_STM32WB55RG_Workspace\DeltaTPlus_STM32WB55RG_090525\MXTmpFiles\usb_HalInit.tmp_save
2025-12-27 12:23:39,176 [INFO] CodeEngine:287 - Generated code: C:\Users\jaowe\Documents\Projects\DeltaTPlus_STM32WB55RG_Workspace\DeltaTPlus_STM32WB55RG_090525\MXTmpFiles\usb_HalInit.tmp
2025-12-27 12:23:39,182 [INFO] CodeEngine:263 - oldGeneratedFile, C:\Users\jaowe\Documents\Projects\DeltaTPlus_STM32WB55RG_Workspace\DeltaTPlus_STM32WB55RG_090525\MXTmpFiles\usb_Msp.tmp_save
2025-12-27 12:23:39,256 [INFO] CodeEngine:287 - Generated code: C:\Users\jaowe\Documents\Projects\DeltaTPlus_STM32WB55RG_Workspace\DeltaTPlus_STM32WB55RG_090525\MXTmpFiles\usb_Msp.tmp
2025-12-27 12:23:39,535 [WARN] IPConfigManager:103 - WARNING: Missing Config File for MEMORYMAP ip!!
2025-12-27 12:23:39,535 [WARN] IP:2250 - DefaultDataRegion not found: check if there is a RefParameter without a condition.
2025-12-27 12:23:39,592 [WARN] IPConfigManager:103 - WARNING: Missing Config File for RF ip!!
2025-12-27 12:23:40,731 [INFO] Middleware:1452 - No code input for Bsp Dependency
2025-12-27 12:23:40,763 [INFO] Middleware:1452 - No code input for Bsp Dependency
2025-12-27 12:23:40,793 [INFO] CodeEngine:263 - oldGeneratedFile, C:\Users\jaowe\Documents\Projects\DeltaTPlus_STM32WB55RG_Workspace\DeltaTPlus_STM32WB55RG_090525\Core\Src\dma.c_save
2025-12-27 12:23:40,848 [INFO] CodeEngine:287 - Generated code: C:\Users\jaowe\Documents\Projects\DeltaTPlus_STM32WB55RG_Workspace\DeltaTPlus_STM32WB55RG_090525\Core\Src\dma.c
2025-12-27 12:23:40,852 [INFO] CodeEngine:263 - oldGeneratedFile, C:\Users\jaowe\Documents\Projects\DeltaTPlus_STM32WB55RG_Workspace\DeltaTPlus_STM32WB55RG_090525\Core\Inc\dma.h_save
2025-12-27 12:23:40,899 [INFO] CodeEngine:287 - Generated code: C:\Users\jaowe\Documents\Projects\DeltaTPlus_STM32WB55RG_Workspace\DeltaTPlus_STM32WB55RG_090525\Core\Inc\dma.h
2025-12-27 12:23:40,909 [INFO] CodeEngine:263 - oldGeneratedFile, C:\Users\jaowe\Documents\Projects\DeltaTPlus_STM32WB55RG_Workspace\DeltaTPlus_STM32WB55RG_090525\Core\Src\i2c.c_save
2025-12-27 12:23:40,982 [INFO] CodeEngine:287 - Generated code: C:\Users\jaowe\Documents\Projects\DeltaTPlus_STM32WB55RG_Workspace\DeltaTPlus_STM32WB55RG_090525\Core\Src\i2c.c
2025-12-27 12:23:40,986 [INFO] CodeEngine:263 - oldGeneratedFile, C:\Users\jaowe\Documents\Projects\DeltaTPlus_STM32WB55RG_Workspace\DeltaTPlus_STM32WB55RG_090525\Core\Inc\i2c.h_save
2025-12-27 12:23:41,032 [INFO] CodeEngine:287 - Generated code: C:\Users\jaowe\Documents\Projects\DeltaTPlus_STM32WB55RG_Workspace\DeltaTPlus_STM32WB55RG_090525\Core\Inc\i2c.h
2025-12-27 12:23:41,041 [INFO] CodeEngine:263 - oldGeneratedFile, C:\Users\jaowe\Documents\Projects\DeltaTPlus_STM32WB55RG_Workspace\DeltaTPlus_STM32WB55RG_090525\Core\Src\ipcc.c_save
2025-12-27 12:23:41,109 [INFO] CodeEngine:287 - Generated code: C:\Users\jaowe\Documents\Projects\DeltaTPlus_STM32WB55RG_Workspace\DeltaTPlus_STM32WB55RG_090525\Core\Src\ipcc.c
2025-12-27 12:23:41,113 [INFO] CodeEngine:263 - oldGeneratedFile, C:\Users\jaowe\Documents\Projects\DeltaTPlus_STM32WB55RG_Workspace\DeltaTPlus_STM32WB55RG_090525\Core\Inc\ipcc.h_save
2025-12-27 12:23:41,161 [INFO] CodeEngine:287 - Generated code: C:\Users\jaowe\Documents\Projects\DeltaTPlus_STM32WB55RG_Workspace\DeltaTPlus_STM32WB55RG_090525\Core\Inc\ipcc.h
2025-12-27 12:23:41,169 [INFO] CodeEngine:263 - oldGeneratedFile, C:\Users\jaowe\Documents\Projects\DeltaTPlus_STM32WB55RG_Workspace\DeltaTPlus_STM32WB55RG_090525\Core\Src\memorymap.c_save
2025-12-27 12:23:41,231 [INFO] CodeEngine:287 - Generated code: C:\Users\jaowe\Documents\Projects\DeltaTPlus_STM32WB55RG_Workspace\DeltaTPlus_STM32WB55RG_090525\Core\Src\memorymap.c
2025-12-27 12:23:41,235 [INFO] CodeEngine:263 - oldGeneratedFile, C:\Users\jaowe\Documents\Projects\DeltaTPlus_STM32WB55RG_Workspace\DeltaTPlus_STM32WB55RG_090525\Core\Inc\memorymap.h_save
2025-12-27 12:23:41,282 [INFO] CodeEngine:287 - Generated code: C:\Users\jaowe\Documents\Projects\DeltaTPlus_STM32WB55RG_Workspace\DeltaTPlus_STM32WB55RG_090525\Core\Inc\memorymap.h
2025-12-27 12:23:41,291 [INFO] CodeEngine:263 - oldGeneratedFile, C:\Users\jaowe\Documents\Projects\DeltaTPlus_STM32WB55RG_Workspace\DeltaTPlus_STM32WB55RG_090525\Core\Src\rf.c_save
2025-12-27 12:23:41,347 [INFO] CodeEngine:287 - Generated code: C:\Users\jaowe\Documents\Projects\DeltaTPlus_STM32WB55RG_Workspace\DeltaTPlus_STM32WB55RG_090525\Core\Src\rf.c
2025-12-27 12:23:41,351 [INFO] CodeEngine:263 - oldGeneratedFile, C:\Users\jaowe\Documents\Projects\DeltaTPlus_STM32WB55RG_Workspace\DeltaTPlus_STM32WB55RG_090525\Core\Inc\rf.h_save
2025-12-27 12:23:41,394 [INFO] CodeEngine:287 - Generated code: C:\Users\jaowe\Documents\Projects\DeltaTPlus_STM32WB55RG_Workspace\DeltaTPlus_STM32WB55RG_090525\Core\Inc\rf.h
2025-12-27 12:23:41,402 [INFO] CodeEngine:263 - oldGeneratedFile, C:\Users\jaowe\Documents\Projects\DeltaTPlus_STM32WB55RG_Workspace\DeltaTPlus_STM32WB55RG_090525\Core\Src\rng.c_save
2025-12-27 12:23:41,462 [INFO] CodeEngine:287 - Generated code: C:\Users\jaowe\Documents\Projects\DeltaTPlus_STM32WB55RG_Workspace\DeltaTPlus_STM32WB55RG_090525\Core\Src\rng.c
2025-12-27 12:23:41,466 [INFO] CodeEngine:263 - oldGeneratedFile, C:\Users\jaowe\Documents\Projects\DeltaTPlus_STM32WB55RG_Workspace\DeltaTPlus_STM32WB55RG_090525\Core\Inc\rng.h_save
2025-12-27 12:23:41,511 [INFO] CodeEngine:287 - Generated code: C:\Users\jaowe\Documents\Projects\DeltaTPlus_STM32WB55RG_Workspace\DeltaTPlus_STM32WB55RG_090525\Core\Inc\rng.h
2025-12-27 12:23:41,519 [INFO] CodeEngine:263 - oldGeneratedFile, C:\Users\jaowe\Documents\Projects\DeltaTPlus_STM32WB55RG_Workspace\DeltaTPlus_STM32WB55RG_090525\Core\Src\rtc.c_save
2025-12-27 12:23:41,583 [INFO] CodeEngine:287 - Generated code: C:\Users\jaowe\Documents\Projects\DeltaTPlus_STM32WB55RG_Workspace\DeltaTPlus_STM32WB55RG_090525\Core\Src\rtc.c
2025-12-27 12:23:41,587 [INFO] CodeEngine:263 - oldGeneratedFile, C:\Users\jaowe\Documents\Projects\DeltaTPlus_STM32WB55RG_Workspace\DeltaTPlus_STM32WB55RG_090525\Core\Inc\rtc.h_save
2025-12-27 12:23:41,630 [INFO] CodeEngine:287 - Generated code: C:\Users\jaowe\Documents\Projects\DeltaTPlus_STM32WB55RG_Workspace\DeltaTPlus_STM32WB55RG_090525\Core\Inc\rtc.h
2025-12-27 12:23:41,638 [INFO] CodeEngine:263 - oldGeneratedFile, C:\Users\jaowe\Documents\Projects\DeltaTPlus_STM32WB55RG_Workspace\DeltaTPlus_STM32WB55RG_090525\Core\Src\spi.c_save
2025-12-27 12:23:41,707 [INFO] CodeEngine:287 - Generated code: C:\Users\jaowe\Documents\Projects\DeltaTPlus_STM32WB55RG_Workspace\DeltaTPlus_STM32WB55RG_090525\Core\Src\spi.c
2025-12-27 12:23:41,712 [INFO] CodeEngine:263 - oldGeneratedFile, C:\Users\jaowe\Documents\Projects\DeltaTPlus_STM32WB55RG_Workspace\DeltaTPlus_STM32WB55RG_090525\Core\Inc\spi.h_save
2025-12-27 12:23:41,753 [INFO] CodeEngine:287 - Generated code: C:\Users\jaowe\Documents\Projects\DeltaTPlus_STM32WB55RG_Workspace\DeltaTPlus_STM32WB55RG_090525\Core\Inc\spi.h
2025-12-27 12:23:41,798 [INFO] Middleware:1452 - No code input for Bsp Dependency
2025-12-27 12:23:41,836 [INFO] CodeEngine:263 - oldGeneratedFile, C:\Users\jaowe\Documents\Projects\DeltaTPlus_STM32WB55RG_Workspace\DeltaTPlus_STM32WB55RG_090525\Core\Inc\app_common.h_save
2025-12-27 12:23:41,891 [INFO] CodeEngine:287 - Generated code: C:\Users\jaowe\Documents\Projects\DeltaTPlus_STM32WB55RG_Workspace\DeltaTPlus_STM32WB55RG_090525\Core\Inc\app_common.h
2025-12-27 12:23:41,896 [INFO] CodeEngine:263 - oldGeneratedFile, C:\Users\jaowe\Documents\Projects\DeltaTPlus_STM32WB55RG_Workspace\DeltaTPlus_STM32WB55RG_090525\Core\Inc\app_debug.h_save
2025-12-27 12:23:41,938 [INFO] CodeEngine:287 - Generated code: C:\Users\jaowe\Documents\Projects\DeltaTPlus_STM32WB55RG_Workspace\DeltaTPlus_STM32WB55RG_090525\Core\Inc\app_debug.h
2025-12-27 12:23:41,943 [INFO] CodeEngine:263 - oldGeneratedFile, C:\Users\jaowe\Documents\Projects\DeltaTPlus_STM32WB55RG_Workspace\DeltaTPlus_STM32WB55RG_090525\Core\Inc\app_conf.h_save
2025-12-27 12:23:42,041 [INFO] CodeEngine:287 - Generated code: C:\Users\jaowe\Documents\Projects\DeltaTPlus_STM32WB55RG_Workspace\DeltaTPlus_STM32WB55RG_090525\Core\Inc\app_conf.h
2025-12-27 12:23:42,046 [INFO] CodeEngine:263 - oldGeneratedFile, C:\Users\jaowe\Documents\Projects\DeltaTPlus_STM32WB55RG_Workspace\DeltaTPlus_STM32WB55RG_090525\Core\Inc\app_entry.h_save
2025-12-27 12:23:42,087 [INFO] CodeEngine:287 - Generated code: C:\Users\jaowe\Documents\Projects\DeltaTPlus_STM32WB55RG_Workspace\DeltaTPlus_STM32WB55RG_090525\Core\Inc\app_entry.h
2025-12-27 12:23:42,093 [INFO] CodeEngine:263 - oldGeneratedFile, C:\Users\jaowe\Documents\Projects\DeltaTPlus_STM32WB55RG_Workspace\DeltaTPlus_STM32WB55RG_090525\Core\Inc\hw_conf.h_save
2025-12-27 12:23:42,142 [INFO] CodeEngine:287 - Generated code: C:\Users\jaowe\Documents\Projects\DeltaTPlus_STM32WB55RG_Workspace\DeltaTPlus_STM32WB55RG_090525\Core\Inc\hw_conf.h
2025-12-27 12:23:42,149 [INFO] CodeEngine:263 - oldGeneratedFile, C:\Users\jaowe\Documents\Projects\DeltaTPlus_STM32WB55RG_Workspace\DeltaTPlus_STM32WB55RG_090525\Core\Inc\hw_if.h_save
2025-12-27 12:23:42,191 [INFO] CodeEngine:287 - Generated code: C:\Users\jaowe\Documents\Projects\DeltaTPlus_STM32WB55RG_Workspace\DeltaTPlus_STM32WB55RG_090525\Core\Inc\hw_if.h
2025-12-27 12:23:42,198 [INFO] CodeEngine:263 - oldGeneratedFile, C:\Users\jaowe\Documents\Projects\DeltaTPlus_STM32WB55RG_Workspace\DeltaTPlus_STM32WB55RG_090525\Core\Inc\utilities_conf.h_save
2025-12-27 12:23:42,241 [INFO] CodeEngine:287 - Generated code: C:\Users\jaowe\Documents\Projects\DeltaTPlus_STM32WB55RG_Workspace\DeltaTPlus_STM32WB55RG_090525\Core\Inc\utilities_conf.h
2025-12-27 12:23:42,246 [INFO] CodeEngine:263 - oldGeneratedFile, C:\Users\jaowe\Documents\Projects\DeltaTPlus_STM32WB55RG_Workspace\DeltaTPlus_STM32WB55RG_090525\Core\Inc\stm32_lpm_if.h_save
2025-12-27 12:23:42,288 [INFO] CodeEngine:287 - Generated code: C:\Users\jaowe\Documents\Projects\DeltaTPlus_STM32WB55RG_Workspace\DeltaTPlus_STM32WB55RG_090525\Core\Inc\stm32_lpm_if.h
2025-12-27 12:23:42,295 [INFO] CodeEngine:263 - oldGeneratedFile, C:\Users\jaowe\Documents\Projects\DeltaTPlus_STM32WB55RG_Workspace\DeltaTPlus_STM32WB55RG_090525\Core\Src\app_entry.c_save
2025-12-27 12:23:42,350 [INFO] CodeEngine:287 - Generated code: C:\Users\jaowe\Documents\Projects\DeltaTPlus_STM32WB55RG_Workspace\DeltaTPlus_STM32WB55RG_090525\Core\Src\app_entry.c
2025-12-27 12:23:42,356 [INFO] CodeEngine:263 - oldGeneratedFile, C:\Users\jaowe\Documents\Projects\DeltaTPlus_STM32WB55RG_Workspace\DeltaTPlus_STM32WB55RG_090525\Core\Src\app_debug.c_save
2025-12-27 12:23:42,402 [INFO] CodeEngine:287 - Generated code: C:\Users\jaowe\Documents\Projects\DeltaTPlus_STM32WB55RG_Workspace\DeltaTPlus_STM32WB55RG_090525\Core\Src\app_debug.c
2025-12-27 12:23:42,406 [INFO] CodeEngine:263 - oldGeneratedFile, C:\Users\jaowe\Documents\Projects\DeltaTPlus_STM32WB55RG_Workspace\DeltaTPlus_STM32WB55RG_090525\Core\Src\hw_timerserver.c_save
2025-12-27 12:23:42,454 [INFO] CodeEngine:287 - Generated code: C:\Users\jaowe\Documents\Projects\DeltaTPlus_STM32WB55RG_Workspace\DeltaTPlus_STM32WB55RG_090525\Core\Src\hw_timerserver.c
2025-12-27 12:23:42,458 [INFO] CodeEngine:263 - oldGeneratedFile, C:\Users\jaowe\Documents\Projects\DeltaTPlus_STM32WB55RG_Workspace\DeltaTPlus_STM32WB55RG_090525\Core\Src\stm32_lpm_if.c_save
2025-12-27 12:23:42,500 [INFO] CodeEngine:287 - Generated code: C:\Users\jaowe\Documents\Projects\DeltaTPlus_STM32WB55RG_Workspace\DeltaTPlus_STM32WB55RG_090525\Core\Src\stm32_lpm_if.c
2025-12-27 12:23:42,505 [INFO] CodeEngine:263 - oldGeneratedFile, C:\Users\jaowe\Documents\Projects\DeltaTPlus_STM32WB55RG_Workspace\DeltaTPlus_STM32WB55RG_090525\STM32_WPAN\App\app_ble.c_save
2025-12-27 12:23:42,619 [INFO] CodeEngine:287 - Generated code: C:\Users\jaowe\Documents\Projects\DeltaTPlus_STM32WB55RG_Workspace\DeltaTPlus_STM32WB55RG_090525\STM32_WPAN\App\app_ble.c
2025-12-27 12:23:42,626 [INFO] CodeEngine:263 - oldGeneratedFile, C:\Users\jaowe\Documents\Projects\DeltaTPlus_STM32WB55RG_Workspace\DeltaTPlus_STM32WB55RG_090525\STM32_WPAN\App\app_ble.h_save
2025-12-27 12:23:42,669 [INFO] CodeEngine:287 - Generated code: C:\Users\jaowe\Documents\Projects\DeltaTPlus_STM32WB55RG_Workspace\DeltaTPlus_STM32WB55RG_090525\STM32_WPAN\App\app_ble.h
2025-12-27 12:23:42,674 [INFO] CodeEngine:263 - oldGeneratedFile, C:\Users\jaowe\Documents\Projects\DeltaTPlus_STM32WB55RG_Workspace\DeltaTPlus_STM32WB55RG_090525\STM32_WPAN\App\ble_conf.h_save
2025-12-27 12:23:42,720 [INFO] CodeEngine:287 - Generated code: C:\Users\jaowe\Documents\Projects\DeltaTPlus_STM32WB55RG_Workspace\DeltaTPlus_STM32WB55RG_090525\STM32_WPAN\App\ble_conf.h
2025-12-27 12:23:42,726 [INFO] CodeEngine:263 - oldGeneratedFile, C:\Users\jaowe\Documents\Projects\DeltaTPlus_STM32WB55RG_Workspace\DeltaTPlus_STM32WB55RG_090525\STM32_WPAN\App\ble_dbg_conf.h_save
2025-12-27 12:23:42,769 [INFO] CodeEngine:287 - Generated code: C:\Users\jaowe\Documents\Projects\DeltaTPlus_STM32WB55RG_Workspace\DeltaTPlus_STM32WB55RG_090525\STM32_WPAN\App\ble_dbg_conf.h
2025-12-27 12:23:42,773 [INFO] CodeEngine:263 - oldGeneratedFile, C:\Users\jaowe\Documents\Projects\DeltaTPlus_STM32WB55RG_Workspace\DeltaTPlus_STM32WB55RG_090525\STM32_WPAN\App\tl_dbg_conf.h_save
2025-12-27 12:23:42,815 [INFO] CodeEngine:287 - Generated code: C:\Users\jaowe\Documents\Projects\DeltaTPlus_STM32WB55RG_Workspace\DeltaTPlus_STM32WB55RG_090525\STM32_WPAN\App\tl_dbg_conf.h
2025-12-27 12:23:42,819 [INFO] CodeEngine:263 - oldGeneratedFile, C:\Users\jaowe\Documents\Projects\DeltaTPlus_STM32WB55RG_Workspace\DeltaTPlus_STM32WB55RG_090525\STM32_WPAN\App\template_server_app.h_save
2025-12-27 12:23:42,861 [INFO] CodeEngine:287 - Generated code: C:\Users\jaowe\Documents\Projects\DeltaTPlus_STM32WB55RG_Workspace\DeltaTPlus_STM32WB55RG_090525\STM32_WPAN\App\template_server_app.h
2025-12-27 12:23:42,868 [INFO] CodeEngine:263 - oldGeneratedFile, C:\Users\jaowe\Documents\Projects\DeltaTPlus_STM32WB55RG_Workspace\DeltaTPlus_STM32WB55RG_090525\STM32_WPAN\App\custom_stm.c_save
2025-12-27 12:23:43,869 [INFO] CodeEngine:287 - Generated code: C:\Users\jaowe\Documents\Projects\DeltaTPlus_STM32WB55RG_Workspace\DeltaTPlus_STM32WB55RG_090525\STM32_WPAN\App\custom_stm.c
2025-12-27 12:23:43,875 [INFO] CodeEngine:263 - oldGeneratedFile, C:\Users\jaowe\Documents\Projects\DeltaTPlus_STM32WB55RG_Workspace\DeltaTPlus_STM32WB55RG_090525\STM32_WPAN\App\custom_stm.h_save
2025-12-27 12:23:44,025 [INFO] CodeEngine:287 - Generated code: C:\Users\jaowe\Documents\Projects\DeltaTPlus_STM32WB55RG_Workspace\DeltaTPlus_STM32WB55RG_090525\STM32_WPAN\App\custom_stm.h
2025-12-27 12:23:44,033 [INFO] CodeEngine:263 - oldGeneratedFile, C:\Users\jaowe\Documents\Projects\DeltaTPlus_STM32WB55RG_Workspace\DeltaTPlus_STM32WB55RG_090525\STM32_WPAN\App\custom_app.c_save
2025-12-27 12:23:44,201 [INFO] CodeEngine:287 - Generated code: C:\Users\jaowe\Documents\Projects\DeltaTPlus_STM32WB55RG_Workspace\DeltaTPlus_STM32WB55RG_090525\STM32_WPAN\App\custom_app.c
2025-12-27 12:23:44,206 [INFO] CodeEngine:263 - oldGeneratedFile, C:\Users\jaowe\Documents\Projects\DeltaTPlus_STM32WB55RG_Workspace\DeltaTPlus_STM32WB55RG_090525\STM32_WPAN\App\custom_app.h_save
2025-12-27 12:23:44,249 [INFO] CodeEngine:287 - Generated code: C:\Users\jaowe\Documents\Projects\DeltaTPlus_STM32WB55RG_Workspace\DeltaTPlus_STM32WB55RG_090525\STM32_WPAN\App\custom_app.h
2025-12-27 12:23:44,254 [INFO] CodeEngine:263 - oldGeneratedFile, C:\Users\jaowe\Documents\Projects\DeltaTPlus_STM32WB55RG_Workspace\DeltaTPlus_STM32WB55RG_090525\STM32_WPAN\Target\hw_ipcc.c_save
2025-12-27 12:23:44,303 [INFO] CodeEngine:287 - Generated code: C:\Users\jaowe\Documents\Projects\DeltaTPlus_STM32WB55RG_Workspace\DeltaTPlus_STM32WB55RG_090525\STM32_WPAN\Target\hw_ipcc.c
2025-12-27 12:23:44,312 [INFO] CodeEngine:263 - oldGeneratedFile, C:\Users\jaowe\Documents\Projects\DeltaTPlus_STM32WB55RG_Workspace\DeltaTPlus_STM32WB55RG_090525\Core\Src\tim.c_save
2025-12-27 12:23:44,372 [INFO] CodeEngine:287 - Generated code: C:\Users\jaowe\Documents\Projects\DeltaTPlus_STM32WB55RG_Workspace\DeltaTPlus_STM32WB55RG_090525\Core\Src\tim.c
2025-12-27 12:23:44,377 [INFO] CodeEngine:263 - oldGeneratedFile, C:\Users\jaowe\Documents\Projects\DeltaTPlus_STM32WB55RG_Workspace\DeltaTPlus_STM32WB55RG_090525\Core\Inc\tim.h_save
2025-12-27 12:23:44,418 [INFO] CodeEngine:287 - Generated code: C:\Users\jaowe\Documents\Projects\DeltaTPlus_STM32WB55RG_Workspace\DeltaTPlus_STM32WB55RG_090525\Core\Inc\tim.h
2025-12-27 12:23:44,427 [INFO] CodeEngine:263 - oldGeneratedFile, C:\Users\jaowe\Documents\Projects\DeltaTPlus_STM32WB55RG_Workspace\DeltaTPlus_STM32WB55RG_090525\Core\Src\usart.c_save
2025-12-27 12:23:44,485 [INFO] CodeEngine:287 - Generated code: C:\Users\jaowe\Documents\Projects\DeltaTPlus_STM32WB55RG_Workspace\DeltaTPlus_STM32WB55RG_090525\Core\Src\usart.c
2025-12-27 12:23:44,489 [INFO] CodeEngine:263 - oldGeneratedFile, C:\Users\jaowe\Documents\Projects\DeltaTPlus_STM32WB55RG_Workspace\DeltaTPlus_STM32WB55RG_090525\Core\Inc\usart.h_save
2025-12-27 12:23:44,531 [INFO] CodeEngine:287 - Generated code: C:\Users\jaowe\Documents\Projects\DeltaTPlus_STM32WB55RG_Workspace\DeltaTPlus_STM32WB55RG_090525\Core\Inc\usart.h
2025-12-27 12:23:44,540 [INFO] Middleware:1452 - No code input for Bsp Dependency
2025-12-27 12:23:44,559 [INFO] CodeEngine:263 - oldGeneratedFile, C:\Users\jaowe\Documents\Projects\DeltaTPlus_STM32WB55RG_Workspace\DeltaTPlus_STM32WB55RG_090525\USB_Device\App\usb_device.c_save
2025-12-27 12:23:44,618 [INFO] CodeEngine:287 - Generated code: C:\Users\jaowe\Documents\Projects\DeltaTPlus_STM32WB55RG_Workspace\DeltaTPlus_STM32WB55RG_090525\USB_Device\App\usb_device.c
2025-12-27 12:23:44,623 [INFO] CodeEngine:263 - oldGeneratedFile, C:\Users\jaowe\Documents\Projects\DeltaTPlus_STM32WB55RG_Workspace\DeltaTPlus_STM32WB55RG_090525\USB_Device\App\usb_device.h_save
2025-12-27 12:23:44,664 [INFO] CodeEngine:287 - Generated code: C:\Users\jaowe\Documents\Projects\DeltaTPlus_STM32WB55RG_Workspace\DeltaTPlus_STM32WB55RG_090525\USB_Device\App\usb_device.h
2025-12-27 12:23:44,669 [INFO] CodeEngine:263 - oldGeneratedFile, C:\Users\jaowe\Documents\Projects\DeltaTPlus_STM32WB55RG_Workspace\DeltaTPlus_STM32WB55RG_090525\USB_Device\Target\usbd_conf.h_save
2025-12-27 12:23:44,712 [INFO] CodeEngine:287 - Generated code: C:\Users\jaowe\Documents\Projects\DeltaTPlus_STM32WB55RG_Workspace\DeltaTPlus_STM32WB55RG_090525\USB_Device\Target\usbd_conf.h
2025-12-27 12:23:44,717 [INFO] CodeEngine:263 - oldGeneratedFile, C:\Users\jaowe\Documents\Projects\DeltaTPlus_STM32WB55RG_Workspace\DeltaTPlus_STM32WB55RG_090525\USB_Device\Target\usbd_conf.c_save
2025-12-27 12:23:44,766 [INFO] CodeEngine:287 - Generated code: C:\Users\jaowe\Documents\Projects\DeltaTPlus_STM32WB55RG_Workspace\DeltaTPlus_STM32WB55RG_090525\USB_Device\Target\usbd_conf.c
2025-12-27 12:23:44,771 [INFO] CodeEngine:263 - oldGeneratedFile, C:\Users\jaowe\Documents\Projects\DeltaTPlus_STM32WB55RG_Workspace\DeltaTPlus_STM32WB55RG_090525\USB_Device\App\usbd_desc.h_save
2025-12-27 12:23:44,813 [INFO] CodeEngine:287 - Generated code: C:\Users\jaowe\Documents\Projects\DeltaTPlus_STM32WB55RG_Workspace\DeltaTPlus_STM32WB55RG_090525\USB_Device\App\usbd_desc.h
2025-12-27 12:23:44,818 [INFO] CodeEngine:263 - oldGeneratedFile, C:\Users\jaowe\Documents\Projects\DeltaTPlus_STM32WB55RG_Workspace\DeltaTPlus_STM32WB55RG_090525\USB_Device\App\usbd_desc.c_save
2025-12-27 12:23:44,873 [INFO] CodeEngine:287 - Generated code: C:\Users\jaowe\Documents\Projects\DeltaTPlus_STM32WB55RG_Workspace\DeltaTPlus_STM32WB55RG_090525\USB_Device\App\usbd_desc.c
2025-12-27 12:23:44,880 [INFO] CodeEngine:263 - oldGeneratedFile, C:\Users\jaowe\Documents\Projects\DeltaTPlus_STM32WB55RG_Workspace\DeltaTPlus_STM32WB55RG_090525\USB_Device\App\usbd_dfu_flash.h_save
2025-12-27 12:23:44,936 [INFO] CodeEngine:287 - Generated code: C:\Users\jaowe\Documents\Projects\DeltaTPlus_STM32WB55RG_Workspace\DeltaTPlus_STM32WB55RG_090525\USB_Device\App\usbd_dfu_flash.h
2025-12-27 12:23:44,940 [INFO] CodeEngine:263 - oldGeneratedFile, C:\Users\jaowe\Documents\Projects\DeltaTPlus_STM32WB55RG_Workspace\DeltaTPlus_STM32WB55RG_090525\USB_Device\App\usbd_dfu_flash.c_save
2025-12-27 12:23:44,994 [INFO] CodeEngine:287 - Generated code: C:\Users\jaowe\Documents\Projects\DeltaTPlus_STM32WB55RG_Workspace\DeltaTPlus_STM32WB55RG_090525\USB_Device\App\usbd_dfu_flash.c
2025-12-27 12:23:45,027 [INFO] CodeEngine:263 - oldGeneratedFile, C:\Users\jaowe\Documents\Projects\DeltaTPlus_STM32WB55RG_Workspace\DeltaTPlus_STM32WB55RG_090525\Core\Src\stm32wbxx_it.c_save
2025-12-27 12:23:45,162 [INFO] CodeEngine:287 - Generated code: C:\Users\jaowe\Documents\Projects\DeltaTPlus_STM32WB55RG_Workspace\DeltaTPlus_STM32WB55RG_090525\Core\Src\stm32wbxx_it.c
2025-12-27 12:23:45,166 [INFO] CodeEngine:263 - oldGeneratedFile, C:\Users\jaowe\Documents\Projects\DeltaTPlus_STM32WB55RG_Workspace\DeltaTPlus_STM32WB55RG_090525\Core\Inc\stm32wbxx_it.h_save
2025-12-27 12:23:45,208 [INFO] CodeEngine:287 - Generated code: C:\Users\jaowe\Documents\Projects\DeltaTPlus_STM32WB55RG_Workspace\DeltaTPlus_STM32WB55RG_090525\Core\Inc\stm32wbxx_it.h
2025-12-27 12:23:45,223 [INFO] CodeEngine:263 - oldGeneratedFile, C:\Users\jaowe\Documents\Projects\DeltaTPlus_STM32WB55RG_Workspace\DeltaTPlus_STM32WB55RG_090525\Core\Src\stm32wbxx_hal_msp.c_save
2025-12-27 12:23:45,294 [INFO] CodeEngine:287 - Generated code: C:\Users\jaowe\Documents\Projects\DeltaTPlus_STM32WB55RG_Workspace\DeltaTPlus_STM32WB55RG_090525\Core\Src\stm32wbxx_hal_msp.c
2025-12-27 12:23:45,297 [INFO] CodeEngine:263 - oldGeneratedFile, C:\Users\jaowe\Documents\Projects\DeltaTPlus_STM32WB55RG_Workspace\DeltaTPlus_STM32WB55RG_090525\MXTmpFiles\system.tmp_save
2025-12-27 12:23:45,335 [INFO] CodeEngine:287 - Generated code: C:\Users\jaowe\Documents\Projects\DeltaTPlus_STM32WB55RG_Workspace\DeltaTPlus_STM32WB55RG_090525\MXTmpFiles\system.tmp
2025-12-27 12:23:45,341 [INFO] CodeEngine:319 - oldGeneratedFile, C:\Users\jaowe\Documents\Projects\DeltaTPlus_STM32WB55RG_Workspace\DeltaTPlus_STM32WB55RG_090525\Core\Inc\stm32wbxx_hal_conf.h_save
2025-12-27 12:23:45,387 [INFO] CodeEngine:343 - Generated code: C:\Users\jaowe\Documents\Projects\DeltaTPlus_STM32WB55RG_Workspace\DeltaTPlus_STM32WB55RG_090525\Core\Inc\stm32wbxx_hal_conf.h
2025-12-27 12:23:45,404 [WARN] IPConfigManager:3174 - Warning: the RefConfig RCC_PClockConfig is not available in your config.xml file
2025-12-27 12:23:45,423 [INFO] ApiDbMcu:508 - Load IP Config File for I2C1
2025-12-27 12:23:45,425 [INFO] ApiDbMcu:508 - Load IP Config File for IPCC
2025-12-27 12:23:45,425 [ERROR] ApiDbMcu:464 - Can't load MEMORYMAP-STM32xx root dir null
2025-12-27 12:23:45,425 [ERROR] ApiDbMcu:536 - Cannot parse MEMORYMAP_Config file : file do not exist
2025-12-27 12:23:45,425 [ERROR] ApiDbMcu:536 - Cannot parse RF_Config file : file do not exist
2025-12-27 12:23:45,428 [INFO] ApiDbMcu:508 - Load IP Config File for RNG
2025-12-27 12:23:45,449 [INFO] ApiDbMcu:508 - Load IP Config File for RTC
2025-12-27 12:23:45,453 [INFO] ApiDbMcu:508 - Load IP Config File for SPI1
2025-12-27 12:23:45,457 [INFO] ApiDbMcu:508 - Load IP Config File for SPI2
2025-12-27 12:23:45,513 [INFO] ApiDbMcu:508 - Load IP Config File for TIM2
2025-12-27 12:23:45,571 [INFO] ApiDbMcu:508 - Load IP Config File for TIM16
2025-12-27 12:23:45,637 [INFO] ApiDbMcu:508 - Load IP Config File for USART1
2025-12-27 12:23:45,641 [INFO] ApiDbMcu:508 - Load IP Config File for RCC
2025-12-27 12:23:45,650 [INFO] CodeEngine:263 - oldGeneratedFile, C:\Users\jaowe\Documents\Projects\DeltaTPlus_STM32WB55RG_Workspace\DeltaTPlus_STM32WB55RG_090525\Core\Inc\main.h_save
2025-12-27 12:23:45,698 [INFO] CodeEngine:287 - Generated code: C:\Users\jaowe\Documents\Projects\DeltaTPlus_STM32WB55RG_Workspace\DeltaTPlus_STM32WB55RG_090525\Core\Inc\main.h
2025-12-27 12:23:45,702 [INFO] CodeEngine:263 - oldGeneratedFile, C:\Users\jaowe\Documents\Projects\DeltaTPlus_STM32WB55RG_Workspace\DeltaTPlus_STM32WB55RG_090525\Core\Src\main.c_save
2025-12-27 12:23:45,769 [INFO] CodeEngine:287 - Generated code: C:\Users\jaowe\Documents\Projects\DeltaTPlus_STM32WB55RG_Workspace\DeltaTPlus_STM32WB55RG_090525\Core\Src\main.c
2025-12-27 12:23:46,178 [INFO] ProjectBuilder:3324 - Time for Copy HAL[1] : 277mS.
2025-12-27 12:23:46,186 [INFO] ProjectBuilder:4912 - Project Generator version: 4.6.0-B36
2025-12-27 12:23:46,247 [INFO] ConfigFileManager:1590 - The Die is : DIE495
2025-12-27 12:23:46,251 [INFO] ApiDbMcu:508 - Load IP Config File for FATFS
2025-12-27 12:23:46,266 [INFO] ApiDbMcu:508 - Load IP Config File for FREERTOS
2025-12-27 12:23:46,341 [INFO] ApiDbMcu:508 - Load IP Config File for TOUCHSENSING
2025-12-27 12:23:49,550 [INFO] ProjectBuilder:5191 - Time for Generating toolchain IDE Files: 3363mS.
2025-12-27 12:23:49,551 [INFO] ProjectBuilder:3181 - Time for Copy CMSIS : 1mS.
2025-12-27 12:23:49,571 [INFO] ProjectBuilder:3181 - Time for Copy CMSIS : 0mS.
2025-12-27 13:12:51,168 [WARN] IP:2250 - SERVICE2_UUID not found: check if there is a RefParameter without a condition.
2025-12-27 13:12:51,170 [WARN] IP:2250 - SERVICE3_UUID not found: check if there is a RefParameter without a condition.
2025-12-27 13:12:51,172 [WARN] IP:2250 - SERVICE4_UUID not found: check if there is a RefParameter without a condition.
2025-12-27 13:12:51,174 [WARN] IP:2250 - SERVICE5_UUID not found: check if there is a RefParameter without a condition.
2025-12-27 13:12:51,244 [WARN] IP:2250 - SERVICE2_UUID not found: check if there is a RefParameter without a condition.
2025-12-27 13:12:51,247 [WARN] IP:2250 - SERVICE3_UUID not found: check if there is a RefParameter without a condition.
2025-12-27 13:12:51,249 [WARN] IP:2250 - SERVICE4_UUID not found: check if there is a RefParameter without a condition.
2025-12-27 13:12:51,251 [WARN] IP:2250 - SERVICE5_UUID not found: check if there is a RefParameter without a condition.
2025-12-27 13:12:51,353 [WARN] IP:2250 - SERVICE2_UUID not found: check if there is a RefParameter without a condition.
2025-12-27 13:12:51,355 [WARN] IP:2250 - SERVICE3_UUID not found: check if there is a RefParameter without a condition.
2025-12-27 13:12:51,359 [WARN] IP:2250 - SERVICE4_UUID not found: check if there is a RefParameter without a condition.
2025-12-27 13:12:51,361 [WARN] IP:2250 - SERVICE5_UUID not found: check if there is a RefParameter without a condition.
2025-12-27 13:12:57,421 [WARN] IP:2250 - SERVICE2_UUID not found: check if there is a RefParameter without a condition.
2025-12-27 13:12:57,423 [WARN] IP:2250 - SERVICE3_UUID not found: check if there is a RefParameter without a condition.
2025-12-27 13:12:57,425 [WARN] IP:2250 - SERVICE4_UUID not found: check if there is a RefParameter without a condition.
2025-12-27 13:12:57,427 [WARN] IP:2250 - SERVICE5_UUID not found: check if there is a RefParameter without a condition.
2025-12-27 13:12:57,487 [WARN] IP:2250 - SERVICE2_UUID not found: check if there is a RefParameter without a condition.
2025-12-27 13:12:57,489 [WARN] IP:2250 - SERVICE3_UUID not found: check if there is a RefParameter without a condition.
2025-12-27 13:12:57,491 [WARN] IP:2250 - SERVICE4_UUID not found: check if there is a RefParameter without a condition.
2025-12-27 13:12:57,494 [WARN] IP:2250 - SERVICE5_UUID not found: check if there is a RefParameter without a condition.
2025-12-27 13:12:57,565 [WARN] IP:2250 - SERVICE2_UUID not found: check if there is a RefParameter without a condition.
2025-12-27 13:12:57,567 [WARN] IP:2250 - SERVICE3_UUID not found: check if there is a RefParameter without a condition.
2025-12-27 13:12:57,568 [WARN] IP:2250 - SERVICE4_UUID not found: check if there is a RefParameter without a condition.
2025-12-27 13:12:57,570 [WARN] IP:2250 - SERVICE5_UUID not found: check if there is a RefParameter without a condition.
2025-12-27 13:13:01,628 [WARN] IP:2250 - SERVICE2_UUID not found: check if there is a RefParameter without a condition.
2025-12-27 13:13:01,630 [WARN] IP:2250 - SERVICE3_UUID not found: check if there is a RefParameter without a condition.
2025-12-27 13:13:01,632 [WARN] IP:2250 - SERVICE4_UUID not found: check if there is a RefParameter without a condition.
2025-12-27 13:13:01,634 [WARN] IP:2250 - SERVICE5_UUID not found: check if there is a RefParameter without a condition.
2025-12-27 13:13:01,698 [WARN] IP:2250 - SERVICE2_UUID not found: check if there is a RefParameter without a condition.
2025-12-27 13:13:01,700 [WARN] IP:2250 - SERVICE3_UUID not found: check if there is a RefParameter without a condition.
2025-12-27 13:13:01,702 [WARN] IP:2250 - SERVICE4_UUID not found: check if there is a RefParameter without a condition.
2025-12-27 13:13:01,704 [WARN] IP:2250 - SERVICE5_UUID not found: check if there is a RefParameter without a condition.
2025-12-27 13:13:01,780 [WARN] IP:2250 - SERVICE2_UUID not found: check if there is a RefParameter without a condition.
2025-12-27 13:13:01,782 [WARN] IP:2250 - SERVICE3_UUID not found: check if there is a RefParameter without a condition.
2025-12-27 13:13:01,784 [WARN] IP:2250 - SERVICE4_UUID not found: check if there is a RefParameter without a condition.
2025-12-27 13:13:01,786 [WARN] IP:2250 - SERVICE5_UUID not found: check if there is a RefParameter without a condition.
2025-12-27 13:13:38,173 [INFO] UtilMem:75 - End SaveConfig() Used Memory: 514178744 Bytes (1073741824)
2025-12-27 13:13:40,441 [INFO] UtilMem:75 - End SaveConfig() Used Memory: 536723120 Bytes (1073741824)
2025-12-27 13:13:42,621 [INFO] UtilMem:75 - End SaveConfig() Used Memory: 646448112 Bytes (1073741824)
2025-12-27 13:13:42,784 [INFO] BlockDiagram:2775 - set Specific Code input for plugin: RTC
2025-12-27 13:13:42,784 [INFO] BlockDiagram:2775 - set Specific Code input for plugin: SPI
2025-12-27 13:13:42,784 [INFO] BlockDiagram:2775 - set Specific Code input for plugin: SPI
2025-12-27 13:13:42,784 [INFO] BlockDiagram:2775 - set Specific Code input for plugin: NVIC
2025-12-27 13:13:42,784 [INFO] BlockDiagram:2775 - set Specific Code input for plugin: SEQUENCER
2025-12-27 13:13:42,784 [INFO] BlockDiagram:2775 - set Specific Code input for plugin: STM32_WPAN
2025-12-27 13:13:42,784 [INFO] BlockDiagram:2775 - set Specific Code input for plugin: RNG
2025-12-27 13:13:42,784 [INFO] BlockDiagram:2775 - set Specific Code input for plugin: USART
2025-12-27 13:13:42,784 [INFO] BlockDiagram:2775 - set Specific Code input for plugin: HSEM
2025-12-27 13:13:42,784 [INFO] BlockDiagram:2775 - set Specific Code input for plugin: DMA
2025-12-27 13:13:42,784 [INFO] BlockDiagram:2775 - set Specific Code input for plugin: MEMORYMAP
2025-12-27 13:13:42,784 [INFO] BlockDiagram:2775 - set Specific Code input for plugin: TIM1_8WB5
2025-12-27 13:13:42,784 [INFO] BlockDiagram:2775 - set Specific Code input for plugin: TIM1_8WB5
2025-12-27 13:13:42,784 [INFO] BlockDiagram:2775 - set Specific Code input for plugin: USB_Device
2025-12-27 13:13:42,784 [INFO] BlockDiagram:2775 - set Specific Code input for plugin: IPCC
2025-12-27 13:13:42,784 [INFO] BlockDiagram:2775 - set Specific Code input for plugin: USB
2025-12-27 13:13:42,784 [INFO] BlockDiagram:2775 - set Specific Code input for plugin: SYS
2025-12-27 13:13:42,784 [INFO] BlockDiagram:2775 - set Specific Code input for plugin: GPIO
2025-12-27 13:13:42,784 [INFO] BlockDiagram:2775 - set Specific Code input for plugin: RCC
2025-12-27 13:13:42,784 [INFO] BlockDiagram:2775 - set Specific Code input for plugin: RF
2025-12-27 13:13:42,784 [INFO] BlockDiagram:2775 - set Specific Code input for plugin: I2C
2025-12-27 13:13:42,784 [INFO] BlockDiagram:2775 - set Specific Code input for plugin: TINY_LPM
2025-12-27 13:13:42,785 [INFO] CodeGenerator:882 - code generatio: config db path: C:\ST\STM32CubeIDE_1.18.0\STM32CubeIDE\plugins\com.st.stm32cube.common.mx_6.14.0.202502271554\\db\
2025-12-27 13:13:42,798 [INFO] Argument:325 - Argument : hdmavalue: null
2025-12-27 13:13:42,798 [INFO] Argument:327 - 	 sub Args: 
2025-12-27 13:13:42,798 [INFO] Argument:325 - Argument : Instancevalue: DMA1_Channel1
2025-12-27 13:13:42,798 [INFO] Argument:335 - Argument : Instancevalue: DMA1_Channel1
2025-12-27 13:13:42,798 [INFO] Argument:325 - Argument : Initvalue: null
2025-12-27 13:13:42,798 [INFO] Argument:327 - 	 sub Args: 
2025-12-27 13:13:42,798 [INFO] Argument:325 - Argument : Requestvalue: DMA_REQUEST_SPI1_TX
2025-12-27 13:13:42,798 [INFO] Argument:335 - Argument : Requestvalue: DMA_REQUEST_SPI1_TX
2025-12-27 13:13:42,798 [INFO] Argument:325 - Argument : Directionvalue: DMA_MEMORY_TO_PERIPH
2025-12-27 13:13:42,799 [INFO] Argument:335 - Argument : Directionvalue: DMA_MEMORY_TO_PERIPH
2025-12-27 13:13:42,799 [INFO] Argument:325 - Argument : PeriphIncvalue: DMA_PINC_DISABLE
2025-12-27 13:13:42,799 [INFO] Argument:335 - Argument : PeriphIncvalue: DMA_PINC_DISABLE
2025-12-27 13:13:42,799 [INFO] Argument:325 - Argument : MemIncvalue: DMA_MINC_ENABLE
2025-12-27 13:13:42,799 [INFO] Argument:335 - Argument : MemIncvalue: DMA_MINC_ENABLE
2025-12-27 13:13:42,799 [INFO] Argument:325 - Argument : PeriphDataAlignmentvalue: DMA_PDATAALIGN_BYTE
2025-12-27 13:13:42,799 [INFO] Argument:335 - Argument : PeriphDataAlignmentvalue: DMA_PDATAALIGN_BYTE
2025-12-27 13:13:42,799 [INFO] Argument:325 - Argument : MemDataAlignmentvalue: DMA_MDATAALIGN_BYTE
2025-12-27 13:13:42,799 [INFO] Argument:335 - Argument : MemDataAlignmentvalue: DMA_MDATAALIGN_BYTE
2025-12-27 13:13:42,799 [INFO] Argument:325 - Argument : Modevalue: DMA_NORMAL
2025-12-27 13:13:42,799 [INFO] Argument:335 - Argument : Modevalue: DMA_NORMAL
2025-12-27 13:13:42,799 [INFO] Argument:325 - Argument : Priorityvalue: DMA_PRIORITY_HIGH
2025-12-27 13:13:42,799 [INFO] Argument:335 - Argument : Priorityvalue: DMA_PRIORITY_HIGH
2025-12-27 13:13:42,799 [INFO] Argument:325 - Argument : Lockvalue: null
2025-12-27 13:13:42,799 [INFO] Argument:335 - Argument : Lockvalue: null
2025-12-27 13:13:42,799 [INFO] Argument:325 - Argument : Statevalue: null
2025-12-27 13:13:42,799 [INFO] Argument:335 - Argument : Statevalue: null
2025-12-27 13:13:42,799 [INFO] Argument:325 - Argument : Parentvalue: null
2025-12-27 13:13:42,799 [INFO] Argument:335 - Argument : Parentvalue: null
2025-12-27 13:13:42,799 [INFO] Argument:325 - Argument : XferCpltCallbackvalue: null
2025-12-27 13:13:42,799 [INFO] Argument:335 - Argument : XferCpltCallbackvalue: null
2025-12-27 13:13:42,799 [INFO] Argument:325 - Argument : XferHalfCpltCallbackvalue: null
2025-12-27 13:13:42,799 [INFO] Argument:335 - Argument : XferHalfCpltCallbackvalue: null
2025-12-27 13:13:42,799 [INFO] Argument:325 - Argument : XferErrorCallbackvalue: null
2025-12-27 13:13:42,799 [INFO] Argument:335 - Argument : XferErrorCallbackvalue: null
2025-12-27 13:13:42,799 [INFO] Argument:325 - Argument : XferAbortCallbackvalue: null
2025-12-27 13:13:42,799 [INFO] Argument:335 - Argument : XferAbortCallbackvalue: null
2025-12-27 13:13:42,799 [INFO] Argument:325 - Argument : ErrorCodevalue: null
2025-12-27 13:13:42,799 [INFO] Argument:335 - Argument : ErrorCodevalue: null
2025-12-27 13:13:42,799 [INFO] Argument:325 - Argument : DmaBaseAddressvalue: null
2025-12-27 13:13:42,799 [INFO] Argument:335 - Argument : DmaBaseAddressvalue: null
2025-12-27 13:13:42,799 [INFO] Argument:325 - Argument : ChannelIndexvalue: null
2025-12-27 13:13:42,799 [INFO] Argument:335 - Argument : ChannelIndexvalue: null
2025-12-27 13:13:42,799 [INFO] Argument:325 - Argument : DMAmuxChannelvalue: null
2025-12-27 13:13:42,799 [INFO] Argument:335 - Argument : DMAmuxChannelvalue: null
2025-12-27 13:13:42,799 [INFO] Argument:325 - Argument : DMAmuxChannelStatusvalue: null
2025-12-27 13:13:42,799 [INFO] Argument:335 - Argument : DMAmuxChannelStatusvalue: null
2025-12-27 13:13:42,799 [INFO] Argument:325 - Argument : DMAmuxChannelStatusMaskvalue: null
2025-12-27 13:13:42,799 [INFO] Argument:335 - Argument : DMAmuxChannelStatusMaskvalue: null
2025-12-27 13:13:42,799 [INFO] Argument:325 - Argument : DMAmuxRequestGenvalue: null
2025-12-27 13:13:42,799 [INFO] Argument:335 - Argument : DMAmuxRequestGenvalue: null
2025-12-27 13:13:42,799 [INFO] Argument:325 - Argument : DMAmuxRequestGenStatusvalue: null
2025-12-27 13:13:42,799 [INFO] Argument:335 - Argument : DMAmuxRequestGenStatusvalue: null
2025-12-27 13:13:42,799 [INFO] Argument:325 - Argument : DMAmuxRequestGenStatusMaskvalue: null
2025-12-27 13:13:42,799 [INFO] Argument:335 - Argument : DMAmuxRequestGenStatusMaskvalue: null
2025-12-27 13:13:42,824 [WARN] IP:2250 - SERVICE2_UUID not found: check if there is a RefParameter without a condition.
2025-12-27 13:13:42,827 [WARN] IP:2250 - SERVICE3_UUID not found: check if there is a RefParameter without a condition.
2025-12-27 13:13:42,829 [WARN] IP:2250 - SERVICE4_UUID not found: check if there is a RefParameter without a condition.
2025-12-27 13:13:42,831 [WARN] IP:2250 - SERVICE5_UUID not found: check if there is a RefParameter without a condition.
2025-12-27 13:13:42,931 [INFO] CodeEngine:263 - oldGeneratedFile, C:\Users\jaowe\Documents\Projects\DeltaTPlus_STM32WB55RG_Workspace\DeltaTPlus_STM32WB55RG_090525\MXTmpFiles\license.tmp_save
2025-12-27 13:13:42,986 [INFO] CodeEngine:287 - Generated code: C:\Users\jaowe\Documents\Projects\DeltaTPlus_STM32WB55RG_Workspace\DeltaTPlus_STM32WB55RG_090525\MXTmpFiles\license.tmp
2025-12-27 13:13:43,036 [INFO] CodeEngine:263 - oldGeneratedFile, C:\Users\jaowe\Documents\Projects\DeltaTPlus_STM32WB55RG_Workspace\DeltaTPlus_STM32WB55RG_090525\Core\Src\gpio.c_save
2025-12-27 13:13:43,089 [INFO] CodeEngine:287 - Generated code: C:\Users\jaowe\Documents\Projects\DeltaTPlus_STM32WB55RG_Workspace\DeltaTPlus_STM32WB55RG_090525\Core\Src\gpio.c
2025-12-27 13:13:43,093 [INFO] CodeEngine:263 - oldGeneratedFile, C:\Users\jaowe\Documents\Projects\DeltaTPlus_STM32WB55RG_Workspace\DeltaTPlus_STM32WB55RG_090525\Core\Inc\gpio.h_save
2025-12-27 13:13:43,135 [INFO] CodeEngine:287 - Generated code: C:\Users\jaowe\Documents\Projects\DeltaTPlus_STM32WB55RG_Workspace\DeltaTPlus_STM32WB55RG_090525\Core\Inc\gpio.h
2025-12-27 13:13:43,258 [INFO] CodeEngine:263 - oldGeneratedFile, C:\Users\jaowe\Documents\Projects\DeltaTPlus_STM32WB55RG_Workspace\DeltaTPlus_STM32WB55RG_090525\MXTmpFiles\usb_vars.tmp_save
2025-12-27 13:13:43,306 [INFO] CodeEngine:287 - Generated code: C:\Users\jaowe\Documents\Projects\DeltaTPlus_STM32WB55RG_Workspace\DeltaTPlus_STM32WB55RG_090525\MXTmpFiles\usb_vars.tmp
2025-12-27 13:13:43,308 [INFO] CodeEngine:263 - oldGeneratedFile, C:\Users\jaowe\Documents\Projects\DeltaTPlus_STM32WB55RG_Workspace\DeltaTPlus_STM32WB55RG_090525\MXTmpFiles\usb_inc.tmp_save
2025-12-27 13:13:43,347 [INFO] CodeEngine:287 - Generated code: C:\Users\jaowe\Documents\Projects\DeltaTPlus_STM32WB55RG_Workspace\DeltaTPlus_STM32WB55RG_090525\MXTmpFiles\usb_inc.tmp
2025-12-27 13:13:43,349 [INFO] CodeEngine:263 - oldGeneratedFile, C:\Users\jaowe\Documents\Projects\DeltaTPlus_STM32WB55RG_Workspace\DeltaTPlus_STM32WB55RG_090525\MXTmpFiles\usb_HalInit.tmp_save
2025-12-27 13:13:43,399 [INFO] CodeEngine:287 - Generated code: C:\Users\jaowe\Documents\Projects\DeltaTPlus_STM32WB55RG_Workspace\DeltaTPlus_STM32WB55RG_090525\MXTmpFiles\usb_HalInit.tmp
2025-12-27 13:13:43,401 [INFO] CodeEngine:263 - oldGeneratedFile, C:\Users\jaowe\Documents\Projects\DeltaTPlus_STM32WB55RG_Workspace\DeltaTPlus_STM32WB55RG_090525\MXTmpFiles\usb_Msp.tmp_save
2025-12-27 13:13:43,453 [INFO] CodeEngine:287 - Generated code: C:\Users\jaowe\Documents\Projects\DeltaTPlus_STM32WB55RG_Workspace\DeltaTPlus_STM32WB55RG_090525\MXTmpFiles\usb_Msp.tmp
2025-12-27 13:13:43,604 [WARN] IPConfigManager:103 - WARNING: Missing Config File for MEMORYMAP ip!!
2025-12-27 13:13:43,604 [WARN] IP:2250 - DefaultDataRegion not found: check if there is a RefParameter without a condition.
2025-12-27 13:13:43,643 [WARN] IPConfigManager:103 - WARNING: Missing Config File for RF ip!!
2025-12-27 13:13:44,302 [INFO] Middleware:1452 - No code input for Bsp Dependency
2025-12-27 13:13:44,326 [INFO] Middleware:1452 - No code input for Bsp Dependency
2025-12-27 13:13:44,352 [INFO] CodeEngine:263 - oldGeneratedFile, C:\Users\jaowe\Documents\Projects\DeltaTPlus_STM32WB55RG_Workspace\DeltaTPlus_STM32WB55RG_090525\Core\Src\dma.c_save
2025-12-27 13:13:44,397 [INFO] CodeEngine:287 - Generated code: C:\Users\jaowe\Documents\Projects\DeltaTPlus_STM32WB55RG_Workspace\DeltaTPlus_STM32WB55RG_090525\Core\Src\dma.c
2025-12-27 13:13:44,400 [INFO] CodeEngine:263 - oldGeneratedFile, C:\Users\jaowe\Documents\Projects\DeltaTPlus_STM32WB55RG_Workspace\DeltaTPlus_STM32WB55RG_090525\Core\Inc\dma.h_save
2025-12-27 13:13:44,439 [INFO] CodeEngine:287 - Generated code: C:\Users\jaowe\Documents\Projects\DeltaTPlus_STM32WB55RG_Workspace\DeltaTPlus_STM32WB55RG_090525\Core\Inc\dma.h
2025-12-27 13:13:44,448 [INFO] CodeEngine:263 - oldGeneratedFile, C:\Users\jaowe\Documents\Projects\DeltaTPlus_STM32WB55RG_Workspace\DeltaTPlus_STM32WB55RG_090525\Core\Src\i2c.c_save
2025-12-27 13:13:44,505 [INFO] CodeEngine:287 - Generated code: C:\Users\jaowe\Documents\Projects\DeltaTPlus_STM32WB55RG_Workspace\DeltaTPlus_STM32WB55RG_090525\Core\Src\i2c.c
2025-12-27 13:13:44,509 [INFO] CodeEngine:263 - oldGeneratedFile, C:\Users\jaowe\Documents\Projects\DeltaTPlus_STM32WB55RG_Workspace\DeltaTPlus_STM32WB55RG_090525\Core\Inc\i2c.h_save
2025-12-27 13:13:44,548 [INFO] CodeEngine:287 - Generated code: C:\Users\jaowe\Documents\Projects\DeltaTPlus_STM32WB55RG_Workspace\DeltaTPlus_STM32WB55RG_090525\Core\Inc\i2c.h
2025-12-27 13:13:44,556 [INFO] CodeEngine:263 - oldGeneratedFile, C:\Users\jaowe\Documents\Projects\DeltaTPlus_STM32WB55RG_Workspace\DeltaTPlus_STM32WB55RG_090525\Core\Src\ipcc.c_save
2025-12-27 13:13:44,620 [INFO] CodeEngine:287 - Generated code: C:\Users\jaowe\Documents\Projects\DeltaTPlus_STM32WB55RG_Workspace\DeltaTPlus_STM32WB55RG_090525\Core\Src\ipcc.c
2025-12-27 13:13:44,625 [INFO] CodeEngine:263 - oldGeneratedFile, C:\Users\jaowe\Documents\Projects\DeltaTPlus_STM32WB55RG_Workspace\DeltaTPlus_STM32WB55RG_090525\Core\Inc\ipcc.h_save
2025-12-27 13:13:44,667 [INFO] CodeEngine:287 - Generated code: C:\Users\jaowe\Documents\Projects\DeltaTPlus_STM32WB55RG_Workspace\DeltaTPlus_STM32WB55RG_090525\Core\Inc\ipcc.h
2025-12-27 13:13:44,675 [INFO] CodeEngine:263 - oldGeneratedFile, C:\Users\jaowe\Documents\Projects\DeltaTPlus_STM32WB55RG_Workspace\DeltaTPlus_STM32WB55RG_090525\Core\Src\memorymap.c_save
2025-12-27 13:13:44,727 [INFO] CodeEngine:287 - Generated code: C:\Users\jaowe\Documents\Projects\DeltaTPlus_STM32WB55RG_Workspace\DeltaTPlus_STM32WB55RG_090525\Core\Src\memorymap.c
2025-12-27 13:13:44,730 [INFO] CodeEngine:263 - oldGeneratedFile, C:\Users\jaowe\Documents\Projects\DeltaTPlus_STM32WB55RG_Workspace\DeltaTPlus_STM32WB55RG_090525\Core\Inc\memorymap.h_save
2025-12-27 13:13:44,768 [INFO] CodeEngine:287 - Generated code: C:\Users\jaowe\Documents\Projects\DeltaTPlus_STM32WB55RG_Workspace\DeltaTPlus_STM32WB55RG_090525\Core\Inc\memorymap.h
2025-12-27 13:13:44,776 [INFO] CodeEngine:263 - oldGeneratedFile, C:\Users\jaowe\Documents\Projects\DeltaTPlus_STM32WB55RG_Workspace\DeltaTPlus_STM32WB55RG_090525\Core\Src\rf.c_save
2025-12-27 13:13:44,830 [INFO] CodeEngine:287 - Generated code: C:\Users\jaowe\Documents\Projects\DeltaTPlus_STM32WB55RG_Workspace\DeltaTPlus_STM32WB55RG_090525\Core\Src\rf.c
2025-12-27 13:13:44,834 [INFO] CodeEngine:263 - oldGeneratedFile, C:\Users\jaowe\Documents\Projects\DeltaTPlus_STM32WB55RG_Workspace\DeltaTPlus_STM32WB55RG_090525\Core\Inc\rf.h_save
2025-12-27 13:13:44,877 [INFO] CodeEngine:287 - Generated code: C:\Users\jaowe\Documents\Projects\DeltaTPlus_STM32WB55RG_Workspace\DeltaTPlus_STM32WB55RG_090525\Core\Inc\rf.h
2025-12-27 13:13:44,884 [INFO] CodeEngine:263 - oldGeneratedFile, C:\Users\jaowe\Documents\Projects\DeltaTPlus_STM32WB55RG_Workspace\DeltaTPlus_STM32WB55RG_090525\Core\Src\rng.c_save
2025-12-27 13:13:44,940 [INFO] CodeEngine:287 - Generated code: C:\Users\jaowe\Documents\Projects\DeltaTPlus_STM32WB55RG_Workspace\DeltaTPlus_STM32WB55RG_090525\Core\Src\rng.c
2025-12-27 13:13:44,944 [INFO] CodeEngine:263 - oldGeneratedFile, C:\Users\jaowe\Documents\Projects\DeltaTPlus_STM32WB55RG_Workspace\DeltaTPlus_STM32WB55RG_090525\Core\Inc\rng.h_save
2025-12-27 13:13:44,985 [INFO] CodeEngine:287 - Generated code: C:\Users\jaowe\Documents\Projects\DeltaTPlus_STM32WB55RG_Workspace\DeltaTPlus_STM32WB55RG_090525\Core\Inc\rng.h
2025-12-27 13:13:44,994 [INFO] CodeEngine:263 - oldGeneratedFile, C:\Users\jaowe\Documents\Projects\DeltaTPlus_STM32WB55RG_Workspace\DeltaTPlus_STM32WB55RG_090525\Core\Src\rtc.c_save
2025-12-27 13:13:45,048 [INFO] CodeEngine:287 - Generated code: C:\Users\jaowe\Documents\Projects\DeltaTPlus_STM32WB55RG_Workspace\DeltaTPlus_STM32WB55RG_090525\Core\Src\rtc.c
2025-12-27 13:13:45,052 [INFO] CodeEngine:263 - oldGeneratedFile, C:\Users\jaowe\Documents\Projects\DeltaTPlus_STM32WB55RG_Workspace\DeltaTPlus_STM32WB55RG_090525\Core\Inc\rtc.h_save
2025-12-27 13:13:45,093 [INFO] CodeEngine:287 - Generated code: C:\Users\jaowe\Documents\Projects\DeltaTPlus_STM32WB55RG_Workspace\DeltaTPlus_STM32WB55RG_090525\Core\Inc\rtc.h
2025-12-27 13:13:45,101 [INFO] CodeEngine:263 - oldGeneratedFile, C:\Users\jaowe\Documents\Projects\DeltaTPlus_STM32WB55RG_Workspace\DeltaTPlus_STM32WB55RG_090525\Core\Src\spi.c_save
2025-12-27 13:13:45,161 [INFO] CodeEngine:287 - Generated code: C:\Users\jaowe\Documents\Projects\DeltaTPlus_STM32WB55RG_Workspace\DeltaTPlus_STM32WB55RG_090525\Core\Src\spi.c
2025-12-27 13:13:45,165 [INFO] CodeEngine:263 - oldGeneratedFile, C:\Users\jaowe\Documents\Projects\DeltaTPlus_STM32WB55RG_Workspace\DeltaTPlus_STM32WB55RG_090525\Core\Inc\spi.h_save
2025-12-27 13:13:45,205 [INFO] CodeEngine:287 - Generated code: C:\Users\jaowe\Documents\Projects\DeltaTPlus_STM32WB55RG_Workspace\DeltaTPlus_STM32WB55RG_090525\Core\Inc\spi.h
2025-12-27 13:13:45,229 [INFO] Middleware:1452 - No code input for Bsp Dependency
2025-12-27 13:13:45,259 [INFO] CodeEngine:263 - oldGeneratedFile, C:\Users\jaowe\Documents\Projects\DeltaTPlus_STM32WB55RG_Workspace\DeltaTPlus_STM32WB55RG_090525\Core\Inc\app_common.h_save
2025-12-27 13:13:45,299 [INFO] CodeEngine:287 - Generated code: C:\Users\jaowe\Documents\Projects\DeltaTPlus_STM32WB55RG_Workspace\DeltaTPlus_STM32WB55RG_090525\Core\Inc\app_common.h
2025-12-27 13:13:45,303 [INFO] CodeEngine:263 - oldGeneratedFile, C:\Users\jaowe\Documents\Projects\DeltaTPlus_STM32WB55RG_Workspace\DeltaTPlus_STM32WB55RG_090525\Core\Inc\app_debug.h_save
2025-12-27 13:13:45,342 [INFO] CodeEngine:287 - Generated code: C:\Users\jaowe\Documents\Projects\DeltaTPlus_STM32WB55RG_Workspace\DeltaTPlus_STM32WB55RG_090525\Core\Inc\app_debug.h
2025-12-27 13:13:45,346 [INFO] CodeEngine:263 - oldGeneratedFile, C:\Users\jaowe\Documents\Projects\DeltaTPlus_STM32WB55RG_Workspace\DeltaTPlus_STM32WB55RG_090525\Core\Inc\app_conf.h_save
2025-12-27 13:13:45,435 [INFO] CodeEngine:287 - Generated code: C:\Users\jaowe\Documents\Projects\DeltaTPlus_STM32WB55RG_Workspace\DeltaTPlus_STM32WB55RG_090525\Core\Inc\app_conf.h
2025-12-27 13:13:45,439 [INFO] CodeEngine:263 - oldGeneratedFile, C:\Users\jaowe\Documents\Projects\DeltaTPlus_STM32WB55RG_Workspace\DeltaTPlus_STM32WB55RG_090525\Core\Inc\app_entry.h_save
2025-12-27 13:13:45,480 [INFO] CodeEngine:287 - Generated code: C:\Users\jaowe\Documents\Projects\DeltaTPlus_STM32WB55RG_Workspace\DeltaTPlus_STM32WB55RG_090525\Core\Inc\app_entry.h
2025-12-27 13:13:45,483 [INFO] CodeEngine:263 - oldGeneratedFile, C:\Users\jaowe\Documents\Projects\DeltaTPlus_STM32WB55RG_Workspace\DeltaTPlus_STM32WB55RG_090525\Core\Inc\hw_conf.h_save
2025-12-27 13:13:45,530 [INFO] CodeEngine:287 - Generated code: C:\Users\jaowe\Documents\Projects\DeltaTPlus_STM32WB55RG_Workspace\DeltaTPlus_STM32WB55RG_090525\Core\Inc\hw_conf.h
2025-12-27 13:13:45,534 [INFO] CodeEngine:263 - oldGeneratedFile, C:\Users\jaowe\Documents\Projects\DeltaTPlus_STM32WB55RG_Workspace\DeltaTPlus_STM32WB55RG_090525\Core\Inc\hw_if.h_save
2025-12-27 13:13:45,577 [INFO] CodeEngine:287 - Generated code: C:\Users\jaowe\Documents\Projects\DeltaTPlus_STM32WB55RG_Workspace\DeltaTPlus_STM32WB55RG_090525\Core\Inc\hw_if.h
2025-12-27 13:13:45,581 [INFO] CodeEngine:263 - oldGeneratedFile, C:\Users\jaowe\Documents\Projects\DeltaTPlus_STM32WB55RG_Workspace\DeltaTPlus_STM32WB55RG_090525\Core\Inc\utilities_conf.h_save
2025-12-27 13:13:45,621 [INFO] CodeEngine:287 - Generated code: C:\Users\jaowe\Documents\Projects\DeltaTPlus_STM32WB55RG_Workspace\DeltaTPlus_STM32WB55RG_090525\Core\Inc\utilities_conf.h
2025-12-27 13:13:45,624 [INFO] CodeEngine:263 - oldGeneratedFile, C:\Users\jaowe\Documents\Projects\DeltaTPlus_STM32WB55RG_Workspace\DeltaTPlus_STM32WB55RG_090525\Core\Inc\stm32_lpm_if.h_save
2025-12-27 13:13:45,664 [INFO] CodeEngine:287 - Generated code: C:\Users\jaowe\Documents\Projects\DeltaTPlus_STM32WB55RG_Workspace\DeltaTPlus_STM32WB55RG_090525\Core\Inc\stm32_lpm_if.h
2025-12-27 13:13:45,668 [INFO] CodeEngine:263 - oldGeneratedFile, C:\Users\jaowe\Documents\Projects\DeltaTPlus_STM32WB55RG_Workspace\DeltaTPlus_STM32WB55RG_090525\Core\Src\app_entry.c_save
2025-12-27 13:13:45,718 [INFO] CodeEngine:287 - Generated code: C:\Users\jaowe\Documents\Projects\DeltaTPlus_STM32WB55RG_Workspace\DeltaTPlus_STM32WB55RG_090525\Core\Src\app_entry.c
2025-12-27 13:13:45,723 [INFO] CodeEngine:263 - oldGeneratedFile, C:\Users\jaowe\Documents\Projects\DeltaTPlus_STM32WB55RG_Workspace\DeltaTPlus_STM32WB55RG_090525\Core\Src\app_debug.c_save
2025-12-27 13:13:45,765 [INFO] CodeEngine:287 - Generated code: C:\Users\jaowe\Documents\Projects\DeltaTPlus_STM32WB55RG_Workspace\DeltaTPlus_STM32WB55RG_090525\Core\Src\app_debug.c
2025-12-27 13:13:45,769 [INFO] CodeEngine:263 - oldGeneratedFile, C:\Users\jaowe\Documents\Projects\DeltaTPlus_STM32WB55RG_Workspace\DeltaTPlus_STM32WB55RG_090525\Core\Src\hw_timerserver.c_save
2025-12-27 13:13:45,814 [INFO] CodeEngine:287 - Generated code: C:\Users\jaowe\Documents\Projects\DeltaTPlus_STM32WB55RG_Workspace\DeltaTPlus_STM32WB55RG_090525\Core\Src\hw_timerserver.c
2025-12-27 13:13:45,818 [INFO] CodeEngine:263 - oldGeneratedFile, C:\Users\jaowe\Documents\Projects\DeltaTPlus_STM32WB55RG_Workspace\DeltaTPlus_STM32WB55RG_090525\Core\Src\stm32_lpm_if.c_save
2025-12-27 13:13:45,860 [INFO] CodeEngine:287 - Generated code: C:\Users\jaowe\Documents\Projects\DeltaTPlus_STM32WB55RG_Workspace\DeltaTPlus_STM32WB55RG_090525\Core\Src\stm32_lpm_if.c
2025-12-27 13:13:45,865 [INFO] CodeEngine:263 - oldGeneratedFile, C:\Users\jaowe\Documents\Projects\DeltaTPlus_STM32WB55RG_Workspace\DeltaTPlus_STM32WB55RG_090525\STM32_WPAN\App\app_ble.c_save
2025-12-27 13:13:45,966 [INFO] CodeEngine:287 - Generated code: C:\Users\jaowe\Documents\Projects\DeltaTPlus_STM32WB55RG_Workspace\DeltaTPlus_STM32WB55RG_090525\STM32_WPAN\App\app_ble.c
2025-12-27 13:13:45,972 [INFO] CodeEngine:263 - oldGeneratedFile, C:\Users\jaowe\Documents\Projects\DeltaTPlus_STM32WB55RG_Workspace\DeltaTPlus_STM32WB55RG_090525\STM32_WPAN\App\app_ble.h_save
2025-12-27 13:13:46,013 [INFO] CodeEngine:287 - Generated code: C:\Users\jaowe\Documents\Projects\DeltaTPlus_STM32WB55RG_Workspace\DeltaTPlus_STM32WB55RG_090525\STM32_WPAN\App\app_ble.h
2025-12-27 13:13:46,018 [INFO] CodeEngine:263 - oldGeneratedFile, C:\Users\jaowe\Documents\Projects\DeltaTPlus_STM32WB55RG_Workspace\DeltaTPlus_STM32WB55RG_090525\STM32_WPAN\App\ble_conf.h_save
2025-12-27 13:13:46,065 [INFO] CodeEngine:287 - Generated code: C:\Users\jaowe\Documents\Projects\DeltaTPlus_STM32WB55RG_Workspace\DeltaTPlus_STM32WB55RG_090525\STM32_WPAN\App\ble_conf.h
2025-12-27 13:13:46,069 [INFO] CodeEngine:263 - oldGeneratedFile, C:\Users\jaowe\Documents\Projects\DeltaTPlus_STM32WB55RG_Workspace\DeltaTPlus_STM32WB55RG_090525\STM32_WPAN\App\ble_dbg_conf.h_save
2025-12-27 13:13:46,112 [INFO] CodeEngine:287 - Generated code: C:\Users\jaowe\Documents\Projects\DeltaTPlus_STM32WB55RG_Workspace\DeltaTPlus_STM32WB55RG_090525\STM32_WPAN\App\ble_dbg_conf.h
2025-12-27 13:13:46,116 [INFO] CodeEngine:263 - oldGeneratedFile, C:\Users\jaowe\Documents\Projects\DeltaTPlus_STM32WB55RG_Workspace\DeltaTPlus_STM32WB55RG_090525\STM32_WPAN\App\tl_dbg_conf.h_save
2025-12-27 13:13:46,158 [INFO] CodeEngine:287 - Generated code: C:\Users\jaowe\Documents\Projects\DeltaTPlus_STM32WB55RG_Workspace\DeltaTPlus_STM32WB55RG_090525\STM32_WPAN\App\tl_dbg_conf.h
2025-12-27 13:13:46,162 [INFO] CodeEngine:263 - oldGeneratedFile, C:\Users\jaowe\Documents\Projects\DeltaTPlus_STM32WB55RG_Workspace\DeltaTPlus_STM32WB55RG_090525\STM32_WPAN\App\template_server_app.h_save
2025-12-27 13:13:46,203 [INFO] CodeEngine:287 - Generated code: C:\Users\jaowe\Documents\Projects\DeltaTPlus_STM32WB55RG_Workspace\DeltaTPlus_STM32WB55RG_090525\STM32_WPAN\App\template_server_app.h
2025-12-27 13:13:46,208 [INFO] CodeEngine:263 - oldGeneratedFile, C:\Users\jaowe\Documents\Projects\DeltaTPlus_STM32WB55RG_Workspace\DeltaTPlus_STM32WB55RG_090525\STM32_WPAN\App\custom_stm.c_save
2025-12-27 13:13:47,173 [INFO] CodeEngine:287 - Generated code: C:\Users\jaowe\Documents\Projects\DeltaTPlus_STM32WB55RG_Workspace\DeltaTPlus_STM32WB55RG_090525\STM32_WPAN\App\custom_stm.c
2025-12-27 13:13:47,177 [INFO] CodeEngine:263 - oldGeneratedFile, C:\Users\jaowe\Documents\Projects\DeltaTPlus_STM32WB55RG_Workspace\DeltaTPlus_STM32WB55RG_090525\STM32_WPAN\App\custom_stm.h_save
2025-12-27 13:13:47,324 [INFO] CodeEngine:287 - Generated code: C:\Users\jaowe\Documents\Projects\DeltaTPlus_STM32WB55RG_Workspace\DeltaTPlus_STM32WB55RG_090525\STM32_WPAN\App\custom_stm.h
2025-12-27 13:13:47,327 [INFO] CodeEngine:263 - oldGeneratedFile, C:\Users\jaowe\Documents\Projects\DeltaTPlus_STM32WB55RG_Workspace\DeltaTPlus_STM32WB55RG_090525\STM32_WPAN\App\custom_app.c_save
2025-12-27 13:13:47,489 [INFO] CodeEngine:287 - Generated code: C:\Users\jaowe\Documents\Projects\DeltaTPlus_STM32WB55RG_Workspace\DeltaTPlus_STM32WB55RG_090525\STM32_WPAN\App\custom_app.c
2025-12-27 13:13:47,493 [INFO] CodeEngine:263 - oldGeneratedFile, C:\Users\jaowe\Documents\Projects\DeltaTPlus_STM32WB55RG_Workspace\DeltaTPlus_STM32WB55RG_090525\STM32_WPAN\App\custom_app.h_save
2025-12-27 13:13:47,533 [INFO] CodeEngine:287 - Generated code: C:\Users\jaowe\Documents\Projects\DeltaTPlus_STM32WB55RG_Workspace\DeltaTPlus_STM32WB55RG_090525\STM32_WPAN\App\custom_app.h
2025-12-27 13:13:47,536 [INFO] CodeEngine:263 - oldGeneratedFile, C:\Users\jaowe\Documents\Projects\DeltaTPlus_STM32WB55RG_Workspace\DeltaTPlus_STM32WB55RG_090525\STM32_WPAN\Target\hw_ipcc.c_save
2025-12-27 13:13:47,582 [INFO] CodeEngine:287 - Generated code: C:\Users\jaowe\Documents\Projects\DeltaTPlus_STM32WB55RG_Workspace\DeltaTPlus_STM32WB55RG_090525\STM32_WPAN\Target\hw_ipcc.c
2025-12-27 13:13:47,591 [INFO] CodeEngine:263 - oldGeneratedFile, C:\Users\jaowe\Documents\Projects\DeltaTPlus_STM32WB55RG_Workspace\DeltaTPlus_STM32WB55RG_090525\Core\Src\tim.c_save
2025-12-27 13:13:47,649 [INFO] CodeEngine:287 - Generated code: C:\Users\jaowe\Documents\Projects\DeltaTPlus_STM32WB55RG_Workspace\DeltaTPlus_STM32WB55RG_090525\Core\Src\tim.c
2025-12-27 13:13:47,653 [INFO] CodeEngine:263 - oldGeneratedFile, C:\Users\jaowe\Documents\Projects\DeltaTPlus_STM32WB55RG_Workspace\DeltaTPlus_STM32WB55RG_090525\Core\Inc\tim.h_save
2025-12-27 13:13:47,695 [INFO] CodeEngine:287 - Generated code: C:\Users\jaowe\Documents\Projects\DeltaTPlus_STM32WB55RG_Workspace\DeltaTPlus_STM32WB55RG_090525\Core\Inc\tim.h
2025-12-27 13:13:47,703 [INFO] CodeEngine:263 - oldGeneratedFile, C:\Users\jaowe\Documents\Projects\DeltaTPlus_STM32WB55RG_Workspace\DeltaTPlus_STM32WB55RG_090525\Core\Src\usart.c_save
2025-12-27 13:13:47,768 [INFO] CodeEngine:287 - Generated code: C:\Users\jaowe\Documents\Projects\DeltaTPlus_STM32WB55RG_Workspace\DeltaTPlus_STM32WB55RG_090525\Core\Src\usart.c
2025-12-27 13:13:47,772 [INFO] CodeEngine:263 - oldGeneratedFile, C:\Users\jaowe\Documents\Projects\DeltaTPlus_STM32WB55RG_Workspace\DeltaTPlus_STM32WB55RG_090525\Core\Inc\usart.h_save
2025-12-27 13:13:47,814 [INFO] CodeEngine:287 - Generated code: C:\Users\jaowe\Documents\Projects\DeltaTPlus_STM32WB55RG_Workspace\DeltaTPlus_STM32WB55RG_090525\Core\Inc\usart.h
2025-12-27 13:13:47,821 [INFO] Middleware:1452 - No code input for Bsp Dependency
2025-12-27 13:13:47,828 [INFO] CodeEngine:263 - oldGeneratedFile, C:\Users\jaowe\Documents\Projects\DeltaTPlus_STM32WB55RG_Workspace\DeltaTPlus_STM32WB55RG_090525\USB_Device\App\usb_device.c_save
2025-12-27 13:13:47,882 [INFO] CodeEngine:287 - Generated code: C:\Users\jaowe\Documents\Projects\DeltaTPlus_STM32WB55RG_Workspace\DeltaTPlus_STM32WB55RG_090525\USB_Device\App\usb_device.c
2025-12-27 13:13:47,886 [INFO] CodeEngine:263 - oldGeneratedFile, C:\Users\jaowe\Documents\Projects\DeltaTPlus_STM32WB55RG_Workspace\DeltaTPlus_STM32WB55RG_090525\USB_Device\App\usb_device.h_save
2025-12-27 13:13:47,925 [INFO] CodeEngine:287 - Generated code: C:\Users\jaowe\Documents\Projects\DeltaTPlus_STM32WB55RG_Workspace\DeltaTPlus_STM32WB55RG_090525\USB_Device\App\usb_device.h
2025-12-27 13:13:47,930 [INFO] CodeEngine:263 - oldGeneratedFile, C:\Users\jaowe\Documents\Projects\DeltaTPlus_STM32WB55RG_Workspace\DeltaTPlus_STM32WB55RG_090525\USB_Device\Target\usbd_conf.h_save
2025-12-27 13:13:47,969 [INFO] CodeEngine:287 - Generated code: C:\Users\jaowe\Documents\Projects\DeltaTPlus_STM32WB55RG_Workspace\DeltaTPlus_STM32WB55RG_090525\USB_Device\Target\usbd_conf.h
2025-12-27 13:13:47,974 [INFO] CodeEngine:263 - oldGeneratedFile, C:\Users\jaowe\Documents\Projects\DeltaTPlus_STM32WB55RG_Workspace\DeltaTPlus_STM32WB55RG_090525\USB_Device\Target\usbd_conf.c_save
2025-12-27 13:13:48,023 [INFO] CodeEngine:287 - Generated code: C:\Users\jaowe\Documents\Projects\DeltaTPlus_STM32WB55RG_Workspace\DeltaTPlus_STM32WB55RG_090525\USB_Device\Target\usbd_conf.c
2025-12-27 13:13:48,028 [INFO] CodeEngine:263 - oldGeneratedFile, C:\Users\jaowe\Documents\Projects\DeltaTPlus_STM32WB55RG_Workspace\DeltaTPlus_STM32WB55RG_090525\USB_Device\App\usbd_desc.h_save
2025-12-27 13:13:48,067 [INFO] CodeEngine:287 - Generated code: C:\Users\jaowe\Documents\Projects\DeltaTPlus_STM32WB55RG_Workspace\DeltaTPlus_STM32WB55RG_090525\USB_Device\App\usbd_desc.h
2025-12-27 13:13:48,070 [INFO] CodeEngine:263 - oldGeneratedFile, C:\Users\jaowe\Documents\Projects\DeltaTPlus_STM32WB55RG_Workspace\DeltaTPlus_STM32WB55RG_090525\USB_Device\App\usbd_desc.c_save
2025-12-27 13:13:48,114 [INFO] CodeEngine:287 - Generated code: C:\Users\jaowe\Documents\Projects\DeltaTPlus_STM32WB55RG_Workspace\DeltaTPlus_STM32WB55RG_090525\USB_Device\App\usbd_desc.c
2025-12-27 13:13:48,118 [INFO] CodeEngine:263 - oldGeneratedFile, C:\Users\jaowe\Documents\Projects\DeltaTPlus_STM32WB55RG_Workspace\DeltaTPlus_STM32WB55RG_090525\USB_Device\App\usbd_dfu_flash.h_save
2025-12-27 13:13:48,157 [INFO] CodeEngine:287 - Generated code: C:\Users\jaowe\Documents\Projects\DeltaTPlus_STM32WB55RG_Workspace\DeltaTPlus_STM32WB55RG_090525\USB_Device\App\usbd_dfu_flash.h
2025-12-27 13:13:48,161 [INFO] CodeEngine:263 - oldGeneratedFile, C:\Users\jaowe\Documents\Projects\DeltaTPlus_STM32WB55RG_Workspace\DeltaTPlus_STM32WB55RG_090525\USB_Device\App\usbd_dfu_flash.c_save
2025-12-27 13:13:48,206 [INFO] CodeEngine:287 - Generated code: C:\Users\jaowe\Documents\Projects\DeltaTPlus_STM32WB55RG_Workspace\DeltaTPlus_STM32WB55RG_090525\USB_Device\App\usbd_dfu_flash.c
2025-12-27 13:13:48,220 [INFO] CodeEngine:263 - oldGeneratedFile, C:\Users\jaowe\Documents\Projects\DeltaTPlus_STM32WB55RG_Workspace\DeltaTPlus_STM32WB55RG_090525\Core\Src\stm32wbxx_it.c_save
2025-12-27 13:13:48,348 [INFO] CodeEngine:287 - Generated code: C:\Users\jaowe\Documents\Projects\DeltaTPlus_STM32WB55RG_Workspace\DeltaTPlus_STM32WB55RG_090525\Core\Src\stm32wbxx_it.c
2025-12-27 13:13:48,352 [INFO] CodeEngine:263 - oldGeneratedFile, C:\Users\jaowe\Documents\Projects\DeltaTPlus_STM32WB55RG_Workspace\DeltaTPlus_STM32WB55RG_090525\Core\Inc\stm32wbxx_it.h_save
2025-12-27 13:13:48,398 [INFO] CodeEngine:287 - Generated code: C:\Users\jaowe\Documents\Projects\DeltaTPlus_STM32WB55RG_Workspace\DeltaTPlus_STM32WB55RG_090525\Core\Inc\stm32wbxx_it.h
2025-12-27 13:13:48,417 [INFO] CodeEngine:263 - oldGeneratedFile, C:\Users\jaowe\Documents\Projects\DeltaTPlus_STM32WB55RG_Workspace\DeltaTPlus_STM32WB55RG_090525\Core\Src\stm32wbxx_hal_msp.c_save
2025-12-27 13:13:48,511 [INFO] CodeEngine:287 - Generated code: C:\Users\jaowe\Documents\Projects\DeltaTPlus_STM32WB55RG_Workspace\DeltaTPlus_STM32WB55RG_090525\Core\Src\stm32wbxx_hal_msp.c
2025-12-27 13:13:48,514 [INFO] CodeEngine:263 - oldGeneratedFile, C:\Users\jaowe\Documents\Projects\DeltaTPlus_STM32WB55RG_Workspace\DeltaTPlus_STM32WB55RG_090525\MXTmpFiles\system.tmp_save
2025-12-27 13:13:48,556 [INFO] CodeEngine:287 - Generated code: C:\Users\jaowe\Documents\Projects\DeltaTPlus_STM32WB55RG_Workspace\DeltaTPlus_STM32WB55RG_090525\MXTmpFiles\system.tmp
2025-12-27 13:13:48,563 [INFO] CodeEngine:319 - oldGeneratedFile, C:\Users\jaowe\Documents\Projects\DeltaTPlus_STM32WB55RG_Workspace\DeltaTPlus_STM32WB55RG_090525\Core\Inc\stm32wbxx_hal_conf.h_save
2025-12-27 13:13:48,608 [INFO] CodeEngine:343 - Generated code: C:\Users\jaowe\Documents\Projects\DeltaTPlus_STM32WB55RG_Workspace\DeltaTPlus_STM32WB55RG_090525\Core\Inc\stm32wbxx_hal_conf.h
2025-12-27 13:13:48,617 [WARN] IPConfigManager:3174 - Warning: the RefConfig RCC_PClockConfig is not available in your config.xml file
2025-12-27 13:13:48,621 [ERROR] ApiDbMcu:464 - Can't load MEMORYMAP-STM32xx root dir null
2025-12-27 13:13:48,622 [ERROR] ApiDbMcu:536 - Cannot parse MEMORYMAP_Config file : file do not exist
2025-12-27 13:13:48,622 [ERROR] ApiDbMcu:536 - Cannot parse RF_Config file : file do not exist
2025-12-27 13:13:48,632 [INFO] CodeEngine:263 - oldGeneratedFile, C:\Users\jaowe\Documents\Projects\DeltaTPlus_STM32WB55RG_Workspace\DeltaTPlus_STM32WB55RG_090525\Core\Inc\main.h_save
2025-12-27 13:13:48,681 [INFO] CodeEngine:287 - Generated code: C:\Users\jaowe\Documents\Projects\DeltaTPlus_STM32WB55RG_Workspace\DeltaTPlus_STM32WB55RG_090525\Core\Inc\main.h
2025-12-27 13:13:48,685 [INFO] CodeEngine:263 - oldGeneratedFile, C:\Users\jaowe\Documents\Projects\DeltaTPlus_STM32WB55RG_Workspace\DeltaTPlus_STM32WB55RG_090525\Core\Src\main.c_save
2025-12-27 13:13:48,758 [INFO] CodeEngine:287 - Generated code: C:\Users\jaowe\Documents\Projects\DeltaTPlus_STM32WB55RG_Workspace\DeltaTPlus_STM32WB55RG_090525\Core\Src\main.c
2025-12-27 13:13:49,097 [INFO] ProjectBuilder:3324 - Time for Copy HAL[1] : 204mS.
2025-12-27 13:13:49,104 [INFO] ProjectBuilder:4912 - Project Generator version: 4.6.0-B36
2025-12-27 13:13:49,163 [INFO] ConfigFileManager:1590 - The Die is : DIE495
2025-12-27 13:13:51,147 [INFO] ProjectBuilder:5191 - Time for Generating toolchain IDE Files: 2043mS.
2025-12-27 13:13:51,148 [INFO] ProjectBuilder:3181 - Time for Copy CMSIS : 0mS.
2025-12-27 13:13:51,173 [INFO] ProjectBuilder:3181 - Time for Copy CMSIS : 0mS.
