2025-09-11 06:01:48,214 [INFO] Activator:176 - 


2025-09-11 06:01:48,214 [INFO] Activator:177 - !SESSION log4j initialized
2025-09-11 06:01:52,166 [INFO] LogOutputStream:77 - [STDOUT_REDIRECT] 
2025-09-11 06:01:52,998 [INFO] ApplicationProperties:184 - Using Application install path: C:\ST\STM32CubeIDE_1.18.0\STM32CubeIDE\plugins\com.st.stm32cube.common.mx_6.14.0.202502271554
2025-09-11 06:01:53,012 [INFO] DbMcusXml:78 - Set database path to: C:\ST\STM32CubeIDE_1.18.0\STM32CubeIDE\plugins\com.st.stm32cube.common.mx_6.14.0.202502271554\\db\/mcu/
2025-09-11 06:01:53,012 [INFO] ApiDb:274 - Set plugin database path to: C:\ST\STM32CubeIDE_1.18.0\STM32CubeIDE\plugins\com.st.stm32cube.common.mx_6.14.0.202502271554\\db\/plugins/boardmanager/
2025-09-11 06:01:53,013 [WARN] ApiDb:259 - Overriding images path with different value:  => C:\ST\STM32CubeIDE_1.18.0\STM32CubeIDE\plugins\com.st.stm32cube.common.mx_6.14.0.202502271554\\db\/plugins/mcufinder/images/
2025-09-11 06:01:53,020 [INFO] ApiDb:250 - Set database path to: C:\Users\jaowe\.stmcufinder\plugins\mcufinder//mcu/
2025-09-11 06:01:53,020 [INFO] DbMcusAds:125 - Set database path to: C:\Users\jaowe\.stmcufinder\plugins\mcufinder//mcu/
2025-09-11 06:01:53,022 [INFO] CrossReferenceDbSqlite:203 - Set database path to: C:\Users\jaowe\.stmcufinder\plugins\mcufinder//mcu/cs/
2025-09-11 06:01:53,102 [INFO] RulesReader:64 - Compatibility file has been processed (301 Rules)
2025-09-11 06:01:53,160 [INFO] DbMcusXml:78 - Set database path to: C:\ST\STM32CubeIDE_1.18.0\STM32CubeIDE\plugins\com.st.stm32cube.common.mx_6.14.0.202502271554\\db\/mcu/
2025-09-11 06:01:53,160 [INFO] ApiDb:274 - Set plugin database path to: C:\ST\STM32CubeIDE_1.18.0\STM32CubeIDE\plugins\com.st.stm32cube.common.mx_6.14.0.202502271554\\db\/plugins/boardmanager/
2025-09-11 06:01:53,160 [INFO] ApiDb:261 - Set plugin images path to: C:\ST\STM32CubeIDE_1.18.0\STM32CubeIDE\plugins\com.st.stm32cube.common.mx_6.14.0.202502271554\\db\/plugins/mcufinder/images/
2025-09-11 06:01:53,161 [WARN] DbFile:41 - Overriding database path with different value: C:\Users\jaowe\.stmcufinder\plugins\mcufinder/ => C:\Users\jaowe\.stmcufinder\plugins\mcufinder
2025-09-11 06:01:53,161 [INFO] ApiDb:250 - Set database path to: C:\Users\jaowe\.stmcufinder\plugins\mcufinder//mcu/
2025-09-11 06:01:53,161 [WARN] DbFile:41 - Overriding database path with different value: C:\Users\jaowe\.stmcufinder\plugins\mcufinder/ => C:\Users\jaowe\.stmcufinder\plugins\mcufinder
2025-09-11 06:01:53,161 [INFO] DbMcusAds:125 - Set database path to: C:\Users\jaowe\.stmcufinder\plugins\mcufinder//mcu/
2025-09-11 06:01:53,161 [WARN] DbFile:41 - Overriding database path with different value: C:\Users\jaowe\.stmcufinder\plugins\mcufinder/ => C:\Users\jaowe\.stmcufinder\plugins\mcufinder
2025-09-11 06:01:53,161 [WARN] DbFile:41 - Overriding database path with different value: C:\Users\jaowe\.stmcufinder\plugins\mcufinder/ => C:\Users\jaowe\.stmcufinder\plugins\mcufinder
2025-09-11 06:01:53,161 [INFO] CrossReferenceDbSqlite:203 - Set database path to: C:\Users\jaowe\.stmcufinder\plugins\mcufinder//mcu/cs/
2025-09-11 06:01:53,224 [INFO] MainPanel:272 - HeapMemory: 268435456
2025-09-11 06:01:53,315 [INFO] DbMcusXml:78 - Set database path to: C:\ST\STM32CubeIDE_1.18.0\STM32CubeIDE\plugins\com.st.stm32cube.common.mx_6.14.0.202502271554\\db\/mcu/
2025-09-11 06:01:53,315 [INFO] ApiDb:274 - Set plugin database path to: C:\ST\STM32CubeIDE_1.18.0\STM32CubeIDE\plugins\com.st.stm32cube.common.mx_6.14.0.202502271554\\db\/plugins/boardmanager/
2025-09-11 06:01:53,315 [INFO] ApiDb:261 - Set plugin images path to: C:\ST\STM32CubeIDE_1.18.0\STM32CubeIDE\plugins\com.st.stm32cube.common.mx_6.14.0.202502271554\\db\/plugins/mcufinder/images/
2025-09-11 06:01:53,315 [WARN] DbFile:41 - Overriding database path with different value: C:\Users\jaowe\.stmcufinder\plugins\mcufinder/ => C:\Users\jaowe\.stmcufinder\plugins\mcufinder
2025-09-11 06:01:53,315 [INFO] ApiDb:250 - Set database path to: C:\Users\jaowe\.stmcufinder\plugins\mcufinder//mcu/
2025-09-11 06:01:53,315 [WARN] DbFile:41 - Overriding database path with different value: C:\Users\jaowe\.stmcufinder\plugins\mcufinder/ => C:\Users\jaowe\.stmcufinder\plugins\mcufinder
2025-09-11 06:01:53,315 [INFO] DbMcusAds:125 - Set database path to: C:\Users\jaowe\.stmcufinder\plugins\mcufinder//mcu/
2025-09-11 06:01:53,315 [WARN] DbFile:41 - Overriding database path with different value: C:\Users\jaowe\.stmcufinder\plugins\mcufinder/ => C:\Users\jaowe\.stmcufinder\plugins\mcufinder
2025-09-11 06:01:53,315 [WARN] DbFile:41 - Overriding database path with different value: C:\Users\jaowe\.stmcufinder\plugins\mcufinder/ => C:\Users\jaowe\.stmcufinder\plugins\mcufinder
2025-09-11 06:01:53,315 [INFO] CrossReferenceDbSqlite:203 - Set database path to: C:\Users\jaowe\.stmcufinder\plugins\mcufinder//mcu/cs/
2025-09-11 06:01:53,329 [INFO] ApplicationProperties:184 - Using Application install path: C:\ST\STM32CubeIDE_1.18.0\STM32CubeIDE\plugins\com.st.stm32cube.common.mx_6.14.0.202502271554
2025-09-11 06:01:53,329 [INFO] PluginManage:196 - Search for loadable plugins [exclusion list=, ]
2025-09-11 06:01:53,330 [INFO] PluginManage:310 - Check plugin analytics
2025-09-11 06:01:53,466 [INFO] AnalyticsPlugin:253 - Accepted Software Licenses: STM32CubeMX.6.14.0
2025-09-11 06:01:53,466 [INFO] AnalyticsPlugin:255 - Accepted CMSIS Pack Licenses: 
2025-09-11 06:01:53,466 [INFO] AnalyticsPlugin:257 - Accepted Firmware Licenses: FW.WB.1.22.0,FW.WB.1.23.0
2025-09-11 06:01:53,468 [INFO] PluginManage:359 - Loaded plugin analytics (category:tool,tabindex:-1)
2025-09-11 06:01:53,468 [INFO] PluginManage:310 - Check plugin cadmodel
2025-09-11 06:01:53,474 [INFO] CADModel:105 - Init CAD model plugin
2025-09-11 06:01:53,474 [INFO] PluginManage:359 - Loaded plugin cadmodel (category:power,tabindex:5)
2025-09-11 06:01:53,474 [INFO] PluginManage:310 - Check plugin clock
2025-09-11 06:01:53,484 [INFO] PluginManage:359 - Loaded plugin clock (category:base,tabindex:2)
2025-09-11 06:01:53,484 [INFO] PluginManage:310 - Check plugin ddr
2025-09-11 06:01:53,486 [INFO] PluginManage:359 - Loaded plugin ddr (category:tool,tabindex:6)
2025-09-11 06:01:53,486 [INFO] PluginManage:310 - Check plugin filemanager
2025-09-11 06:01:53,611 [INFO] PluginManage:359 - Loaded plugin filemanager (category:base,tabindex:10)
2025-09-11 06:01:53,611 [INFO] PluginManage:310 - Check plugin ipmanager
2025-09-11 06:01:53,616 [INFO] PluginManage:359 - Loaded plugin ipmanager (category:base,tabindex:5)
2025-09-11 06:01:53,616 [INFO] PluginManage:310 - Check plugin lpbam
2025-09-11 06:01:53,623 [INFO] PluginManage:359 - Loaded plugin lpbam (category:base,tabindex:0)
2025-09-11 06:01:53,623 [INFO] PluginManage:310 - Check plugin memorymap
2025-09-11 06:01:53,636 [INFO] PluginManage:359 - Loaded plugin memorymap (category:base,tabindex:4)
2025-09-11 06:01:53,636 [INFO] PluginManage:310 - Check plugin pinoutandconfiguration
2025-09-11 06:01:53,642 [INFO] PluginManage:359 - Loaded plugin pinoutandconfiguration (category:base,tabindex:1)
2025-09-11 06:01:53,643 [INFO] PluginManage:310 - Check plugin pinoutconfig
2025-09-11 06:01:53,713 [WARN] SupportedApi:132 - Cannot load RTOS API schema: s4s-elt-must-match.1: The content of 'definitions' must match (annotation?, (simpleType | complexType)?, (unique | key | keyref)*)). A problem was found starting at: attribute.
2025-09-11 06:01:53,815 [INFO] PluginManage:359 - Loaded plugin pinoutconfig (category:base,tabindex:0)
2025-09-11 06:01:53,815 [INFO] PluginManage:310 - Check plugin power
2025-09-11 06:01:53,823 [INFO] PluginManage:359 - Loaded plugin power (category:power,tabindex:4)
2025-09-11 06:01:53,824 [INFO] PluginManage:310 - Check plugin projectmanager
2025-09-11 06:01:53,833 [INFO] PluginManage:359 - Loaded plugin projectmanager (category:projectmanager,tabindex:4)
2025-09-11 06:01:53,834 [INFO] PluginManage:310 - Check plugin rif
2025-09-11 06:01:53,841 [INFO] PluginManage:359 - Loaded plugin rif (category:base,tabindex:3)
2025-09-11 06:01:53,841 [INFO] PluginManage:310 - Check plugin thirdparty
2025-09-11 06:01:53,941 [INFO] PluginManage:359 - Loaded plugin thirdparty (category:base,tabindex:-1)
2025-09-11 06:01:53,941 [WARN] IntegrityCheckThread:84 - waiting for thirdparty lock release [integrity check]
2025-09-11 06:01:53,941 [INFO] IntegrityCheckThread:86 - entering critical section [integrity check]
2025-09-11 06:01:53,941 [INFO] PluginManage:310 - Check plugin tools
2025-09-11 06:01:53,941 [INFO] ThirdPartyUpdaterWithRetryManager:70 - Updater plugin not ready yet. [1/15]
2025-09-11 06:01:53,943 [INFO] PluginManage:359 - Loaded plugin tools (category:base,tabindex:7)
2025-09-11 06:01:53,943 [INFO] PluginManage:310 - Check plugin tutovideos
2025-09-11 06:01:54,082 [INFO] PluginManage:359 - Loaded plugin tutovideos (category:base,tabindex:-1)
2025-09-11 06:01:54,082 [INFO] PluginManage:310 - Check plugin updater
2025-09-11 06:01:54,098 [INFO] PluginManage:359 - Loaded plugin updater (category:base,tabindex:12)
2025-09-11 06:01:54,098 [INFO] PluginManage:310 - Check plugin userauth
2025-09-11 06:01:54,102 [INFO] UserAuth:118 - Init User Auth plugin
2025-09-11 06:01:54,103 [INFO] PluginManage:359 - Loaded plugin userauth (category:base,tabindex:14)
2025-09-11 06:01:54,103 [INFO] PluginManage:283 - PluginManage : Loaded plugins [18]
2025-09-11 06:01:54,258 [INFO] PinOutPanel:1589 - setPackage(No Configuration,No Configuration)
2025-09-11 06:01:54,317 [INFO] CADModel:165 - CPN selected for project level
2025-09-11 06:01:54,317 [INFO] CADModel:114 - Register for checkConnection events
2025-09-11 06:01:54,334 [INFO] IPUIPlugin:80 - create IPUIPlugin
2025-09-11 06:01:54,334 [INFO] PluginManager:220 - loadIPPluginJar : add adc
2025-09-11 06:01:54,337 [INFO] IPUIPlugin:80 - create IPUIPlugin
2025-09-11 06:01:54,337 [INFO] PluginManager:220 - loadIPPluginJar : add aes
2025-09-11 06:01:54,339 [INFO] IPUIPlugin:80 - create IPUIPlugin
2025-09-11 06:01:54,339 [INFO] PluginManager:220 - loadIPPluginJar : add can
2025-09-11 06:01:54,340 [INFO] IPUIPlugin:80 - create IPUIPlugin
2025-09-11 06:01:54,340 [INFO] PluginManager:220 - loadIPPluginJar : add comp
2025-09-11 06:01:54,342 [INFO] IPUIPlugin:80 - create IPUIPlugin
2025-09-11 06:01:54,342 [INFO] PluginManager:220 - loadIPPluginJar : add cryp
2025-09-11 06:01:54,345 [INFO] IPUIPlugin:80 - create IPUIPlugin
2025-09-11 06:01:54,345 [INFO] PluginManager:220 - loadIPPluginJar : add ddr_ctrl_phy
2025-09-11 06:01:54,347 [INFO] IPUIPlugin:80 - create IPUIPlugin
2025-09-11 06:01:54,347 [INFO] PluginManager:220 - loadIPPluginJar : add dfsdm
2025-09-11 06:01:54,352 [INFO] IPUIPlugin:80 - create IPUIPlugin
2025-09-11 06:01:54,352 [INFO] PluginManager:220 - loadIPPluginJar : add dma
2025-09-11 06:01:54,354 [INFO] IPUIPlugin:80 - create IPUIPlugin
2025-09-11 06:01:54,354 [INFO] PluginManager:220 - loadIPPluginJar : add dma3
2025-09-11 06:01:54,357 [INFO] IPUIPlugin:80 - create IPUIPlugin
2025-09-11 06:01:54,357 [INFO] PluginManager:220 - loadIPPluginJar : add extmemmanager
2025-09-11 06:01:54,358 [INFO] IPUIPlugin:80 - create IPUIPlugin
2025-09-11 06:01:54,358 [INFO] PluginManager:220 - loadIPPluginJar : add fatfs
2025-09-11 06:01:54,362 [INFO] IPUIPlugin:80 - create IPUIPlugin
2025-09-11 06:01:54,362 [INFO] PluginManager:220 - loadIPPluginJar : add fmc
2025-09-11 06:01:54,369 [INFO] IPUIPlugin:80 - create IPUIPlugin
2025-09-11 06:01:54,369 [INFO] PluginManager:220 - loadIPPluginJar : add freertos
2025-09-11 06:01:54,370 [INFO] IPUIPlugin:80 - create IPUIPlugin
2025-09-11 06:01:54,370 [INFO] PluginManager:220 - loadIPPluginJar : add genericplugin
2025-09-11 06:01:54,372 [INFO] IPUIPlugin:80 - create IPUIPlugin
2025-09-11 06:01:54,372 [INFO] PluginManager:220 - loadIPPluginJar : add gfxmmu
2025-09-11 06:01:54,376 [INFO] IPUIPlugin:80 - create IPUIPlugin
2025-09-11 06:01:54,376 [INFO] PluginManager:220 - loadIPPluginJar : add gic
2025-09-11 06:01:54,380 [INFO] IPUIPlugin:80 - create IPUIPlugin
2025-09-11 06:01:54,380 [INFO] PluginManager:220 - loadIPPluginJar : add gpio
2025-09-11 06:01:54,382 [INFO] IPUIPlugin:80 - create IPUIPlugin
2025-09-11 06:01:54,382 [INFO] PluginManager:220 - loadIPPluginJar : add gtzc
2025-09-11 06:01:54,384 [INFO] IPUIPlugin:80 - create IPUIPlugin
2025-09-11 06:01:54,384 [INFO] PluginManager:220 - loadIPPluginJar : add hash
2025-09-11 06:01:54,386 [INFO] IPUIPlugin:80 - create IPUIPlugin
2025-09-11 06:01:54,387 [INFO] PluginManager:220 - loadIPPluginJar : add i2c
2025-09-11 06:01:54,388 [INFO] IPUIPlugin:80 - create IPUIPlugin
2025-09-11 06:01:54,389 [INFO] PluginManager:220 - loadIPPluginJar : add i2s
2025-09-11 06:01:54,391 [INFO] IPUIPlugin:80 - create IPUIPlugin
2025-09-11 06:01:54,391 [INFO] PluginManager:220 - loadIPPluginJar : add i3c
2025-09-11 06:01:54,394 [INFO] IPUIPlugin:80 - create IPUIPlugin
2025-09-11 06:01:54,394 [INFO] PluginManager:220 - loadIPPluginJar : add ipddr
2025-09-11 06:01:54,401 [INFO] IPUIPlugin:80 - create IPUIPlugin
2025-09-11 06:01:54,402 [INFO] PluginManager:220 - loadIPPluginJar : add linkedlist
2025-09-11 06:01:54,404 [INFO] IPUIPlugin:80 - create IPUIPlugin
2025-09-11 06:01:54,404 [INFO] PluginManager:220 - loadIPPluginJar : add lorawan
2025-09-11 06:01:54,406 [INFO] IPUIPlugin:80 - create IPUIPlugin
2025-09-11 06:01:54,406 [INFO] PluginManager:220 - loadIPPluginJar : add ltdc
2025-09-11 06:01:54,410 [INFO] IPUIPlugin:80 - create IPUIPlugin
2025-09-11 06:01:54,410 [INFO] PluginManager:220 - loadIPPluginJar : add mdma
2025-09-11 06:01:54,414 [INFO] IPUIPlugin:80 - create IPUIPlugin
2025-09-11 06:01:54,414 [INFO] PluginManager:220 - loadIPPluginJar : add nvic
2025-09-11 06:01:54,418 [INFO] IPUIPlugin:80 - create IPUIPlugin
2025-09-11 06:01:54,418 [INFO] PluginManager:220 - loadIPPluginJar : add opamp
2025-09-11 06:01:54,421 [INFO] IPUIPlugin:80 - create IPUIPlugin
2025-09-11 06:01:54,422 [INFO] PluginManager:220 - loadIPPluginJar : add openamp
2025-09-11 06:01:54,424 [INFO] IPUIPlugin:80 - create IPUIPlugin
2025-09-11 06:01:54,424 [INFO] PluginManager:220 - loadIPPluginJar : add pdm2pcm
2025-09-11 06:01:54,429 [INFO] IPUIPlugin:80 - create IPUIPlugin
2025-09-11 06:01:54,430 [INFO] PluginManager:220 - loadIPPluginJar : add plateformsettings
2025-09-11 06:01:54,431 [INFO] IPUIPlugin:80 - create IPUIPlugin
2025-09-11 06:01:54,431 [INFO] PluginManager:220 - loadIPPluginJar : add quadspi
2025-09-11 06:01:54,433 [INFO] IPUIPlugin:80 - create IPUIPlugin
2025-09-11 06:01:54,434 [INFO] PluginManager:220 - loadIPPluginJar : add radio
2025-09-11 06:01:54,437 [INFO] IPUIPlugin:80 - create IPUIPlugin
2025-09-11 06:01:54,437 [INFO] PluginManager:220 - loadIPPluginJar : add resmgrutility
2025-09-11 06:01:54,440 [INFO] IPUIPlugin:80 - create IPUIPlugin
2025-09-11 06:01:54,440 [INFO] PluginManager:220 - loadIPPluginJar : add sai
2025-09-11 06:01:54,442 [INFO] IPUIPlugin:80 - create IPUIPlugin
2025-09-11 06:01:54,442 [INFO] PluginManager:220 - loadIPPluginJar : add spi
2025-09-11 06:01:54,446 [INFO] IPUIPlugin:80 - create IPUIPlugin
2025-09-11 06:01:54,446 [INFO] PluginManager:220 - loadIPPluginJar : add stm32_wpan
2025-09-11 06:01:54,447 [INFO] IPUIPlugin:80 - create IPUIPlugin
2025-09-11 06:01:54,447 [INFO] PluginManager:220 - loadIPPluginJar : add tim
2025-09-11 06:01:54,449 [INFO] IPUIPlugin:80 - create IPUIPlugin
2025-09-11 06:01:54,450 [INFO] PluginManager:220 - loadIPPluginJar : add touchsensing
2025-09-11 06:01:54,451 [INFO] IPUIPlugin:80 - create IPUIPlugin
2025-09-11 06:01:54,451 [INFO] PluginManager:220 - loadIPPluginJar : add tracer_emb
2025-09-11 06:01:54,452 [INFO] IPUIPlugin:80 - create IPUIPlugin
2025-09-11 06:01:54,453 [INFO] PluginManager:220 - loadIPPluginJar : add ts
2025-09-11 06:01:54,454 [INFO] IPUIPlugin:80 - create IPUIPlugin
2025-09-11 06:01:54,454 [INFO] PluginManager:220 - loadIPPluginJar : add tsc
2025-09-11 06:01:54,455 [INFO] IPUIPlugin:80 - create IPUIPlugin
2025-09-11 06:01:54,455 [INFO] PluginManager:220 - loadIPPluginJar : add ucpd
2025-09-11 06:01:54,458 [INFO] IPUIPlugin:80 - create IPUIPlugin
2025-09-11 06:01:54,458 [INFO] PluginManager:220 - loadIPPluginJar : add usart
2025-09-11 06:01:54,461 [INFO] IPUIPlugin:80 - create IPUIPlugin
2025-09-11 06:01:54,461 [INFO] PluginManager:220 - loadIPPluginJar : add usbx
2025-09-11 06:01:54,567 [FATAL] Updater:351 - Updater called before beeing initialized
2025-09-11 06:01:54,584 [INFO] RulesReader:64 - Compatibility file has been processed (301 Rules)
2025-09-11 06:01:54,590 [INFO] RulesReader:64 - Compatibility file has been processed (301 Rules)
2025-09-11 06:01:54,596 [INFO] CADModel:165 - CPN selected for project level
2025-09-11 06:01:54,596 [INFO] CADModel:114 - Register for checkConnection events
2025-09-11 06:01:54,596 [FATAL] Updater:351 - Updater called before beeing initialized
2025-09-11 06:01:54,596 [ERROR] CADModel:125 - Updater not yet initialized, retry later 
2025-09-11 06:01:54,700 [FATAL] Updater:351 - Updater called before beeing initialized
2025-09-11 06:01:54,702 [INFO] CADModel:165 - CPN selected for project level
2025-09-11 06:01:54,702 [INFO] CADModel:114 - Register for checkConnection events
2025-09-11 06:01:54,702 [FATAL] Updater:351 - Updater called before beeing initialized
2025-09-11 06:01:54,702 [ERROR] CADModel:125 - Updater not yet initialized, retry later 
2025-09-11 06:01:54,704 [FATAL] Updater:351 - Updater called before beeing initialized
2025-09-11 06:01:54,772 [FATAL] Updater:351 - Updater called before beeing initialized
2025-09-11 06:01:54,775 [INFO] DbMcusAds:53 - JSON generation date=Tue Jul 08 03:14:23 CDT 2025 (1751962463582)
2025-09-11 06:01:54,776 [FATAL] Updater:351 - Updater called before beeing initialized
2025-09-11 06:01:54,804 [WARN] DetailPanel:346 - Failed to get advertising image, set to default
2025-09-11 06:01:54,989 [FATAL] Updater:351 - Updater called before beeing initialized
2025-09-11 06:01:54,990 [FATAL] Updater:351 - Updater called before beeing initialized
2025-09-11 06:01:54,990 [FATAL] Updater:351 - Updater called before beeing initialized
2025-09-11 06:01:54,990 [WARN] DetailPanel:346 - Failed to get advertising image, set to default
2025-09-11 06:01:54,991 [FATAL] Updater:351 - Updater called before beeing initialized
2025-09-11 06:01:55,024 [ERROR] Updater:1198 - MainUpdater not yet initialized. External WinMGr cannot be set.
2025-09-11 06:01:55,026 [INFO] Updater:1134 - Updater Version found : 6.14.0
2025-09-11 06:01:55,042 [INFO] ApplicationProperties:184 - Using Application install path: C:\ST\STM32CubeIDE_1.18.0\STM32CubeIDE\plugins\com.st.stm32cube.common.mx_6.14.0.202502271554
2025-09-11 06:01:55,287 [INFO] MainUpdater:2872 - connection check result : 10
2025-09-11 06:01:55,288 [INFO] MainUpdater:289 - Updater Check For Update Now.
2025-09-11 06:01:55,288 [INFO] MicroXplorer:498 - Change Database Version : DB.6.0.140
2025-09-11 06:01:55,293 [INFO] McuFinderGlobals:63 - Set McuFinder mode to 2 (CubeIDE integrated)
2025-09-11 06:01:55,294 [INFO] UserAuth:486 - Internet connection configuration mode: 1
2025-09-11 06:01:55,312 [INFO] JxBrowserEngine:152 - Initiate JxBrowser Engine with user profile folder
2025-09-11 06:01:55,446 [INFO] CheckServerUpdateThread:120 - End of CheckServer Thread
2025-09-11 06:01:56,274 [INFO] WebApp:169 - Instantiating new browser for Auth
2025-09-11 06:01:56,844 [INFO] WebApp:463 - Apply proxy settings
2025-09-11 06:01:56,844 [INFO] WebApp:548 - Chromium requires no authentication
2025-09-11 06:01:56,853 [INFO] WebApp:491 - Direct internet connection detected
2025-09-11 06:01:56,881 [INFO] WebApp:894 - Register for checkConnection events
2025-09-11 06:01:56,881 [INFO] WebApp:463 - Apply proxy settings
2025-09-11 06:01:56,882 [INFO] WebApp:548 - Chromium requires no authentication
2025-09-11 06:01:56,882 [INFO] WebApp:491 - Direct internet connection detected
2025-09-11 06:01:57,070 [INFO] WebApp:191 - Connection restablished
2025-09-11 06:01:57,151 [INFO] WebApp:225 - Starting web application
2025-09-11 06:01:57,151 [INFO] WebApp:593 - Web application path used C:\ST\STM32CubeIDE_1.18.0\STM32CubeIDE\plugins\com.st.stm32cube.common.mx_6.14.0.202502271554\db\plugins\mcufinder\reactClient1\index.html
2025-09-11 06:01:57,196 [WARN] PackLoader:240 - Cannot read IP mode file for STMicroelectronics.FP-SNS-MOTENVWB1.1.4.0
2025-09-11 06:01:57,206 [WARN] PackLoader:240 - Cannot read IP mode file for STMicroelectronics.FP-ATR-ASTRA1.2.0.2
2025-09-11 06:01:57,217 [WARN] PackLoader:240 - Cannot read IP mode file for STMicroelectronics.X-CUBE-SMBUS.2.1.0
2025-09-11 06:01:57,226 [WARN] PackLoader:240 - Cannot read IP mode file for STMicroelectronics.X-CUBE-WB05N.1.1.0
2025-09-11 06:01:57,233 [WARN] PackLoader:240 - Cannot read IP mode file for STMicroelectronics.X-CUBE-ST60.1.0.0
2025-09-11 06:01:57,260 [WARN] PackLoader:240 - Cannot read IP mode file for STMicroelectronics.X-CUBE-AZRTOS-F7.1.1.0
2025-09-11 06:01:57,271 [WARN] PackLoader:240 - Cannot read IP mode file for STMicroelectronics.FP-SNS-FLIGHT1.5.0.2
2025-09-11 06:01:57,300 [WARN] PackLoader:240 - Cannot read IP mode file for Infineon.AIROC-Wi-Fi-Bluetooth-STM32.1.7.0
2025-09-11 06:01:57,325 [WARN] PackLoader:240 - Cannot read IP mode file for STMicroelectronics.X-CUBE-AZRTOS-H7.3.4.0
2025-09-11 06:01:57,332 [INFO] UserAuth:486 - Internet connection configuration mode: 1
2025-09-11 06:01:57,338 [WARN] PackLoader:240 - Cannot read IP mode file for STMicroelectronics.X-CUBE-DISPLAY.3.0.0
2025-09-11 06:01:57,348 [WARN] PackLoader:240 - Cannot read IP mode file for STMicroelectronics.X-CUBE-BLE1.7.0.0
2025-09-11 06:01:57,357 [WARN] PackLoader:240 - Cannot read IP mode file for STMicroelectronics.X-CUBE-NFC10.1.0.0
2025-09-11 06:01:57,367 [WARN] PackLoader:240 - Cannot read IP mode file for STMicroelectronics.X-CUBE-BLEMGR.4.0.0
2025-09-11 06:01:57,377 [WARN] PackLoader:240 - Cannot read IP mode file for emotas.I-CUBE-CANOPEN.1.3.0
2025-09-11 06:01:57,382 [WARN] PackLoader:240 - Cannot read IP mode file for STMicroelectronics.X-CUBE-AI.10.0.0
2025-09-11 06:01:57,388 [ERROR] Engine:466 - C:\Users\jaowe\.stm32cubemx\thirdparties\pdsc\STMicroelectronics.FP-SNS-STBOX1.2.1.0.pdsc: PDSC version is not supported
2025-09-11 06:01:57,394 [WARN] PackLoader:240 - Cannot read IP mode file for STMicroelectronics.FP-SNS-SMARTAG2.1.2.0
2025-09-11 06:01:57,398 [WARN] PackLoader:240 - Cannot read IP mode file for STMicroelectronics.FP-SNS-FLIGHT1.5.1.0
2025-09-11 06:01:57,449 [WARN] PackLoader:240 - Cannot read IP mode file for STMicroelectronics.X-CUBE-MEMS1.11.1.0
2025-09-11 06:01:57,572 [INFO] LogOutputStream:77 - [STDOUT_REDIRECT] 1 : Invalid condition id : UX_CORESTACK_Condition cause : null
2025-09-11 06:01:57,572 [INFO] LogOutputStream:77 - [STDOUT_REDIRECT] 1 : Invalid condition id : UX_CORESTACK_Condition cause : null
2025-09-11 06:01:57,573 [INFO] LogOutputStream:77 - [STDOUT_REDIRECT] 1 : Invalid condition id : UX_CORESTACK_Condition cause : null
2025-09-11 06:01:57,574 [INFO] LogOutputStream:77 - [STDOUT_REDIRECT] 1 : Invalid condition id : UX_CORESTACK_Condition cause : null
2025-09-11 06:01:57,575 [INFO] LogOutputStream:77 - [STDOUT_REDIRECT] 1 : Invalid condition id : UX_CORESTACK_Condition cause : null
2025-09-11 06:01:57,576 [WARN] PackLoader:240 - Cannot read IP mode file for STMicroelectronics.X-CUBE-AZRTOS-WL.2.0.0
2025-09-11 06:01:57,582 [WARN] PackLoader:240 - Cannot read IP mode file for STMicroelectronics.FP-SNS-MOTENV1.5.0.0
2025-09-11 06:01:57,589 [WARN] PackLoader:240 - Cannot read IP mode file for WES.I-CUBE-Cesium.1.3.0
2025-09-11 06:01:57,593 [WARN] PackLoader:240 - Cannot read IP mode file for STMicroelectronics.X-CUBE-BLE2.3.3.0
2025-09-11 06:01:57,597 [WARN] PackLoader:240 - Cannot read IP mode file for STMicroelectronics.X-CUBE-NFC9.1.0.0
2025-09-11 06:01:57,605 [WARN] PackLoader:240 - Cannot read IP mode file for STMicroelectronics.X-CUBE-BLE1.7.1.0
2025-09-11 06:01:57,609 [WARN] PackLoader:240 - Cannot read IP mode file for wolfSSL.I-CUBE-wolfMQTT.1.19.2
2025-09-11 06:01:57,614 [WARN] PackLoader:240 - Cannot read IP mode file for STMicroelectronics.X-CUBE-EEPRMA1.5.2.0
2025-09-11 06:01:57,618 [WARN] PackLoader:240 - Cannot read IP mode file for STMicroelectronics.X-CUBE-AI.10.1.0
2025-09-11 06:01:57,664 [WARN] PackLoader:240 - Cannot read IP mode file for STMicroelectronics.X-CUBE-MEMS1.11.2.0
2025-09-11 06:01:57,757 [WARN] PackLoader:240 - Cannot read IP mode file for STMicroelectronics.X-CUBE-AZRTOS-G0.1.1.0
2025-09-11 06:01:57,765 [WARN] PackLoader:240 - Cannot read IP mode file for STMicroelectronics.X-CUBE-SAFEA1.1.2.2
2025-09-11 06:01:57,769 [WARN] PackLoader:240 - Cannot read IP mode file for STMicroelectronics.X-CUBE-NFC4.3.0.0
2025-09-11 06:01:57,782 [WARN] PackLoader:240 - Cannot read IP mode file for EmbeddedOffice.I-CUBE-FS-RTOS.1.0.1
2025-09-11 06:01:57,790 [WARN] PackLoader:240 - Cannot read IP mode file for STMicroelectronics.X-CUBE-WB05N.2.0.0
2025-09-11 06:01:57,795 [WARN] PackLoader:240 - Cannot read IP mode file for wolfSSL.I-CUBE-wolfTPM.3.8.0
2025-09-11 06:01:57,802 [WARN] PackLoader:240 - Cannot read IP mode file for STMicroelectronics.X-CUBE-TCPP.4.2.0
2025-09-11 06:01:57,809 [WARN] PackLoader:240 - Cannot read IP mode file for RealThread.X-CUBE-RT-Thread_Nano.4.1.1
2025-09-11 06:01:57,813 [WARN] PackLoader:240 - Cannot read IP mode file for STMicroelectronics.FP-ATR-SIGFOX1.3.2.0
2025-09-11 06:01:57,817 [WARN] ConditionMgr:438 - getConditionDescription Invalid condition id : Cortex-A Device cause : null
2025-09-11 06:01:57,829 [WARN] ConditionMgr:1044 - genDependencies : Invalid condition id : Cortex-A Device cause : null
2025-09-11 06:01:57,848 [WARN] ConditionMgr:1044 - genDependencies : Invalid condition id : Cortex-A Device cause : null
2025-09-11 06:01:57,848 [WARN] ConditionMgr:1044 - genDependencies : Invalid condition id : Cortex-A Device cause : null
2025-09-11 06:01:57,854 [WARN] PackLoader:240 - Cannot read IP mode file for STMicroelectronics.X-CUBE-EEPRMA1.5.1.0
2025-09-11 06:01:57,859 [WARN] PackLoader:240 - Cannot read IP mode file for wolfSSL.I-CUBE-wolfSSL.5.7.6
2025-09-11 06:01:57,865 [WARN] PackLoader:240 - Cannot read IP mode file for ITTIA_DB.I-CUBE-ITTIADB.8.9.0
2025-09-11 06:01:57,873 [WARN] PackLoader:240 - Cannot read IP mode file for STMicroelectronics.X-CUBE-ST67W61.1.0.0
2025-09-11 06:01:57,877 [WARN] PackLoader:240 - Cannot read IP mode file for STMicroelectronics.X-CUBE-AI.10.2.0
2025-09-11 06:01:57,901 [WARN] PackLoader:240 - Cannot read IP mode file for SEGGER.I-CUBE-embOS.1.3.1
2025-09-11 06:01:57,930 [WARN] PackLoader:240 - Cannot read IP mode file for STMicroelectronics.X-CUBE-ALGOBUILD.1.4.0
2025-09-11 06:01:57,953 [WARN] PackLoader:240 - Cannot read IP mode file for STMicroelectronics.X-CUBE-MEMS1.11.3.0
2025-09-11 06:01:58,020 [WARN] PackLoader:240 - Cannot read IP mode file for STMicroelectronics.X-CUBE-PM33A1.1.0.0
2025-09-11 06:01:58,028 [WARN] PackLoader:240 - Cannot read IP mode file for STMicroelectronics.X-CUBE-AZRTOS-F4.1.1.0
2025-09-11 06:01:58,034 [WARN] PackLoader:240 - Cannot read IP mode file for Avnet-IotConnect.X-CUBE-IoTC-DA16k-PMOD.1.0.0
2025-09-11 06:01:58,037 [WARN] PackLoader:240 - Cannot read IP mode file for STMicroelectronics.X-CUBE-ISPU.2.1.0
2025-09-11 06:01:58,041 [WARN] PackLoader:240 - Cannot read IP mode file for STMicroelectronics.X-CUBE-NFC12.1.0.0
2025-09-11 06:01:58,049 [WARN] PackLoader:240 - Cannot read IP mode file for STMicroelectronics.X-CUBE-AZRTOS-L5.2.0.0
2025-09-11 06:01:58,055 [WARN] PackLoader:240 - Cannot read IP mode file for STMicroelectronics.X-CUBE-NFC6.3.1.0
2025-09-11 06:01:58,059 [WARN] PackLoader:240 - Cannot read IP mode file for STMicroelectronics.X-CUBE-DPower.1.2.0
2025-09-11 06:01:58,062 [WARN] PackLoader:240 - Cannot read IP mode file for STMicroelectronics.X-CUBE-FREERTOS.1.3.1
2025-09-11 06:01:58,065 [WARN] PackLoader:240 - Cannot read IP mode file for STMicroelectronics.X-CUBE-FREERTOS.1.3.0
2025-09-11 06:01:58,070 [WARN] PackLoader:240 - Cannot read IP mode file for STMicroelectronics.X-CUBE-NFC7.1.0.1
2025-09-11 06:01:58,073 [WARN] PackLoader:240 - Cannot read IP mode file for STMicroelectronics.FP-SNS-STAIOTCFT.1.0.0
2025-09-11 06:01:58,077 [WARN] PackLoader:240 - Cannot read IP mode file for STMicroelectronics.X-CUBE-DPower.1.3.0
2025-09-11 06:01:58,087 [WARN] ConditionMgr:438 - getConditionDescription Invalid condition id : LAN8742 Phy interface Condition cause : null
2025-09-11 06:01:58,088 [WARN] PackLoader:240 - Cannot read IP mode file for STMicroelectronics.X-CUBE-AZRTOS-L4.2.0.0
2025-09-11 06:01:58,088 [WARN] ConditionMgr:1044 - genDependencies : Invalid condition id : LAN8742 Phy interface Condition cause : null
2025-09-11 06:01:58,089 [WARN] ConditionMgr:1044 - genDependencies : Invalid condition id : LAN8742 Phy interface Condition cause : null
2025-09-11 06:01:58,095 [WARN] ConditionMgr:1044 - genDependencies : Invalid condition id : LAN8742 Phy interface Condition cause : null
2025-09-11 06:01:58,101 [WARN] PackLoader:240 - Cannot read IP mode file for STMicroelectronics.X-CUBE-SFXS2LP1.4.0.0
2025-09-11 06:01:58,110 [WARN] PackLoader:240 - Cannot read IP mode file for STMicroelectronics.X-CUBE-AZRTOS-H7.3.3.0
2025-09-11 06:01:58,117 [WARN] PackLoader:240 - Cannot read IP mode file for STMicroelectronics.X-CUBE-BLEMGR.4.1.0
2025-09-11 06:01:58,125 [WARN] ConditionMgr:438 - getConditionDescription Invalid condition id : UX DEVICE CLASS RTOS Condition cause : null
2025-09-11 06:01:58,126 [WARN] ConditionMgr:438 - getConditionDescription Invalid condition id : UX DEVICE CLASS RTOS Condition cause : null
2025-09-11 06:01:58,126 [WARN] PackLoader:240 - Cannot read IP mode file for STMicroelectronics.X-CUBE-AZRTOS-WB.2.0.0
2025-09-11 06:01:58,127 [WARN] ConditionMgr:1044 - genDependencies : Invalid condition id : UX DEVICE CLASS RTOS Condition cause : null
2025-09-11 06:01:58,127 [WARN] ConditionMgr:1044 - genDependencies : Invalid condition id : UX DEVICE CLASS RTOS Condition cause : null
2025-09-11 06:01:58,127 [WARN] ConditionMgr:1044 - genDependencies : Invalid condition id : UX DEVICE CLASS RTOS Condition cause : null
2025-09-11 06:01:58,127 [WARN] ConditionMgr:1044 - genDependencies : Invalid condition id : UX DEVICE CLASS RTOS Condition cause : null
2025-09-11 06:01:58,127 [WARN] ConditionMgr:1044 - genDependencies : Invalid condition id : UX DEVICE CLASS RTOS Condition cause : null
2025-09-11 06:01:58,130 [WARN] PackLoader:240 - Cannot read IP mode file for STMicroelectronics.X-CUBE-GNSS1.7.0.1
2025-09-11 06:01:58,136 [WARN] PackLoader:240 - Cannot read IP mode file for STMicroelectronics.X-CUBE-TOUCHGFX.4.25.0
2025-09-11 06:01:58,204 [WARN] PackLoader:240 - Cannot read IP mode file for STMicroelectronics.FP-SNS-STBOX1.2.0.0
2025-09-11 06:01:58,210 [WARN] PackLoader:240 - Cannot read IP mode file for STMicroelectronics.X-CUBE-SUBG2.5.0.0
2025-09-11 06:01:58,223 [WARN] PackLoader:240 - Cannot read IP mode file for STMicroelectronics.X-CUBE-AZRTOS-H7RS.1.1.0
2025-09-11 06:01:58,227 [WARN] PackLoader:240 - Cannot read IP mode file for Cesanta.I-CUBE-Mongoose.7.13.0
2025-09-11 06:01:58,237 [WARN] PackLoader:240 - Cannot read IP mode file for STMicroelectronics.X-CUBE-AZRTOS-G4.2.0.0
2025-09-11 06:01:58,244 [WARN] PackLoader:240 - Cannot read IP mode file for wolfSSL.I-CUBE-wolfSSH.1.4.20
2025-09-11 06:01:58,248 [WARN] PackLoader:240 - Cannot read IP mode file for STMicroelectronics.X-CUBE-NFC7.2.0.0
2025-09-11 06:01:58,261 [WARN] PackLoader:240 - Cannot read IP mode file for STMicroelectronics.X-CUBE-IPS.3.1.0
2025-09-11 06:01:58,271 [WARN] PackLoader:240 - Cannot read IP mode file for STMicroelectronics.X-CUBE-ALS.1.0.2
2025-09-11 06:01:58,275 [WARN] PackLoader:240 - Cannot read IP mode file for STMicroelectronics.X-CUBE-TOUCHGFX.4.24.2
2025-09-11 06:01:58,282 [WARN] PackLoader:240 - Cannot read IP mode file for STMicroelectronics.X-CUBE-STSE01.1.0.0
2025-09-11 06:01:58,288 [WARN] PackLoader:240 - Cannot read IP mode file for portGmbH.I-Cube-SoM-uGOAL.1.1.0
2025-09-11 06:01:58,302 [WARN] PackLoader:240 - Cannot read IP mode file for STMicroelectronics.X-CUBE-AZRTOS-H7RS.1.0.0
2025-09-11 06:01:58,314 [WARN] PackLoader:240 - Cannot read IP mode file for STMicroelectronics.X-CUBE-TOF1.3.4.2
2025-09-11 06:01:58,338 [WARN] PackLoader:240 - Cannot read IP mode file for STMicroelectronics.X-CUBE-TOF1.3.4.3
2025-09-11 06:01:58,348 [INFO] ThirdParty:978 - Integrity check success = true
2025-09-11 06:01:58,348 [INFO] IntegrityCheckThread:100 - exiting critical section [integrity check]
2025-09-11 06:01:58,348 [INFO] IntegrityCheckThread:103 - End integrity checks thread
2025-09-11 06:07:17,292 [INFO] McuFinderGlobals:63 - Set McuFinder mode to 2 (CubeIDE integrated)
2025-09-11 06:07:19,734 [INFO] MainUpdater:2872 - connection check result : 10
2025-09-11 06:07:19,737 [INFO] MainUpdater:2872 - connection check result : 10
2025-09-11 06:07:19,785 [INFO] MicroXplorer:468 - Change Database Path : 
2025-09-11 06:07:19,785 [INFO] MicroXplorer:498 - Change Database Version : DB.6.0.140
2025-09-11 06:07:19,793 [WARN] ThirdParty:871 - waiting for thirdparty lock release [close project]
2025-09-11 06:07:19,794 [INFO] ThirdParty:873 - entering critical section [close project]
2025-09-11 06:07:19,795 [INFO] ThirdParty:883 - exiting critical section [close project]
2025-09-11 06:07:19,798 [INFO] PinOutPanel:1589 - setPackage(No Configuration,No Configuration)
2025-09-11 06:07:19,805 [INFO] UtilMem:75 - Begin LoadConfig() Used Memory: 638470440 Bytes (1045430272)
2025-09-11 06:07:19,807 [INFO] MicroXplorer:468 - Change Database Path : 
2025-09-11 06:07:19,808 [INFO] MicroXplorer:498 - Change Database Version : DB.6.0.140
2025-09-11 06:07:19,808 [INFO] OpenFileManager:354 - Change cursor
2025-09-11 06:07:19,856 [INFO] Mcu:2011 - Initializing MCU STM32WB55RGVx STM32WB55RGVx STM32WB55RGV6
2025-09-11 06:07:20,849 [INFO] Context:756 - Trying to add GPIOservice into a context  which must be forbidden
2025-09-11 06:07:21,291 [INFO] ImportTextPane:218 - (OptionalMessage_ERROR) Pin41 (VP_RIF_VS_RIF1) cannot be retrieved for this MCU
2025-09-11 06:07:21,356 [INFO] RtosManager:558 - Registered RTOS mode: class=CMSIS, group=RTOS, mode=CMSIS_V1, owner=FREERTOS
2025-09-11 06:07:21,356 [INFO] RtosManager:558 - Registered RTOS mode: class=CMSIS, group=RTOS2, mode=CMSIS_V2, owner=FREERTOS
2025-09-11 06:07:21,356 [INFO] RtosManager:558 - Registered RTOS mode: class=RTOS, group=Core, mode=CMSIS_V1, owner=FREERTOS
2025-09-11 06:07:21,356 [INFO] RtosManager:558 - Registered RTOS mode: class=RTOS, group=Core, mode=CMSIS_V2, owner=FREERTOS
2025-09-11 06:07:21,356 [WARN] ModelIntegratedComponent:184 - Missing modes for component STMicroelectronics:FreeRTOS:0.0.1:STMicroelectronics:RTOS:FreeRTOS:Core:::10.2.0:
2025-09-11 06:07:21,362 [WARN] ModelIntegratedComponent:63 - No mode defined for component null
2025-09-11 06:07:21,363 [WARN] ModelIntegratedComponent:63 - No mode defined for component null
2025-09-11 06:07:21,363 [WARN] ModelIntegratedComponent:63 - No mode defined for component null
2025-09-11 06:07:21,363 [WARN] ModelIntegratedComponent:63 - No mode defined for component null
2025-09-11 06:07:21,363 [WARN] ModelIntegratedComponent:63 - No mode defined for component null
2025-09-11 06:07:21,363 [WARN] ModelIntegratedComponent:63 - No mode defined for component null
2025-09-11 06:07:21,363 [WARN] ModelIntegratedComponent:63 - No mode defined for component null
2025-09-11 06:07:21,363 [WARN] ModelIntegratedComponent:63 - No mode defined for component null
2025-09-11 06:07:21,363 [WARN] ModelIntegratedComponent:63 - No mode defined for component null
2025-09-11 06:07:21,363 [WARN] ModelIntegratedComponent:63 - No mode defined for component null
2025-09-11 06:07:21,363 [WARN] ModelIntegratedComponent:63 - No mode defined for component null
2025-09-11 06:07:21,363 [WARN] ModelIntegratedComponent:63 - No mode defined for component null
2025-09-11 06:07:21,363 [WARN] ModelIntegratedComponent:63 - No mode defined for component null
2025-09-11 06:07:21,363 [WARN] ModelIntegratedComponent:63 - No mode defined for component null
2025-09-11 06:07:21,363 [WARN] ModelIntegratedComponent:63 - No mode defined for component null
2025-09-11 06:07:21,363 [WARN] ModelIntegratedComponent:63 - No mode defined for component null
2025-09-11 06:07:21,363 [WARN] ModelIntegratedComponent:63 - No mode defined for component null
2025-09-11 06:07:21,363 [WARN] ModelIntegratedComponent:63 - No mode defined for component null
2025-09-11 06:07:21,363 [WARN] ModelIntegratedComponent:63 - No mode defined for component null
2025-09-11 06:07:21,363 [WARN] ModelIntegratedComponent:63 - No mode defined for component null
2025-09-11 06:07:21,363 [WARN] ModelIntegratedComponent:63 - No mode defined for component null
2025-09-11 06:07:21,363 [WARN] ModelIntegratedComponent:63 - No mode defined for component null
2025-09-11 06:07:21,363 [WARN] ModelIntegratedComponent:63 - No mode defined for component null
2025-09-11 06:07:21,364 [WARN] ModelIntegratedComponent:63 - No mode defined for component null
2025-09-11 06:07:21,364 [WARN] ModelIntegratedComponent:63 - No mode defined for component null
2025-09-11 06:07:21,364 [WARN] ModelIntegratedComponent:63 - No mode defined for component null
2025-09-11 06:07:21,364 [WARN] ModelIntegratedComponent:63 - No mode defined for component null
2025-09-11 06:07:21,364 [WARN] ModelIntegratedComponent:63 - No mode defined for component null
2025-09-11 06:07:21,364 [WARN] ModelIntegratedComponent:63 - No mode defined for component null
2025-09-11 06:07:21,364 [WARN] ModelIntegratedComponent:63 - No mode defined for component null
2025-09-11 06:07:21,364 [WARN] ModelIntegratedComponent:63 - No mode defined for component null
2025-09-11 06:07:21,364 [WARN] ModelIntegratedComponent:63 - No mode defined for component null
2025-09-11 06:07:21,364 [WARN] ModelIntegratedComponent:63 - No mode defined for component null
2025-09-11 06:07:21,364 [WARN] ModelIntegratedComponent:63 - No mode defined for component null
2025-09-11 06:07:21,364 [WARN] ModelIntegratedComponent:63 - No mode defined for component null
2025-09-11 06:07:21,364 [WARN] ModelPack:524 - Component already loaded: STMicroelectronics:HAL Drivers:0.0.0:STMicroelectronics:Device:STMicro_Driver:XSPI:HAL::0.0.1:HAL_XSPI
2025-09-11 06:07:21,545 [INFO] ThirdPartyModel:298 - Start build external matchings
2025-09-11 06:07:22,137 [INFO] ThirdPartyModel:316 - End build external matchings
2025-09-11 06:07:22,162 [INFO] ImportTextPane:218 - (OptionalMessage_ERROR) IP (DMA) : Parameter (Instance) has Id (SPI2_TX) currently not set
2025-09-11 06:07:22,162 [INFO] ImportTextPane:218 - (OptionalMessage_ERROR) IP (DMA) : Parameter (Request) has Id (SPI2_TX) currently not set
2025-09-11 06:07:22,162 [INFO] ImportTextPane:218 - (OptionalMessage_ERROR) IP (DMA) : Parameter (Direction) has Id (SPI2_TX) currently not set
2025-09-11 06:07:22,162 [INFO] ImportTextPane:218 - (OptionalMessage_ERROR) IP (DMA) : Parameter (PeriphInc) has Id (SPI2_TX) currently not set
2025-09-11 06:07:22,162 [INFO] ImportTextPane:218 - (OptionalMessage_ERROR) IP (DMA) : Parameter (MemInc) has Id (SPI2_TX) currently not set
2025-09-11 06:07:22,163 [INFO] ImportTextPane:218 - (OptionalMessage_ERROR) IP (DMA) : Parameter (PeriphDataAlignment) has Id (SPI2_TX) currently not set
2025-09-11 06:07:22,163 [INFO] ImportTextPane:218 - (OptionalMessage_ERROR) IP (DMA) : Parameter (MemDataAlignment) has Id (SPI2_TX) currently not set
2025-09-11 06:07:22,163 [INFO] ImportTextPane:218 - (OptionalMessage_ERROR) IP (DMA) : Parameter (Mode) has Id (SPI2_TX) currently not set
2025-09-11 06:07:22,163 [INFO] ImportTextPane:218 - (OptionalMessage_ERROR) IP (DMA) : Parameter (Priority) has Id (SPI2_TX) currently not set
2025-09-11 06:07:22,163 [INFO] ImportTextPane:218 - (OptionalMessage_ERROR) IP (DMA) : Parameter (SignalID) has Id (SPI2_TX) currently not set
2025-09-11 06:07:22,163 [INFO] ImportTextPane:218 - (OptionalMessage_ERROR) IP (DMA) : Parameter (Polarity) has Id (SPI2_TX) currently not set
2025-09-11 06:07:22,163 [INFO] ImportTextPane:218 - (OptionalMessage_ERROR) IP (DMA) : Parameter (RequestNumber) has Id (SPI2_TX) currently not set
2025-09-11 06:07:22,163 [INFO] ImportTextPane:218 - (OptionalMessage_ERROR) IP (DMA) : Parameter (SyncSignalID) has Id (SPI2_TX) currently not set
2025-09-11 06:07:22,163 [INFO] ImportTextPane:218 - (OptionalMessage_ERROR) IP (DMA) : Parameter (SyncPolarity) has Id (SPI2_TX) currently not set
2025-09-11 06:07:22,163 [INFO] ImportTextPane:218 - (OptionalMessage_ERROR) IP (DMA) : Parameter (SyncEnable) has Id (SPI2_TX) currently not set
2025-09-11 06:07:22,163 [INFO] ImportTextPane:218 - (OptionalMessage_ERROR) IP (DMA) : Parameter (EventEnable) has Id (SPI2_TX) currently not set
2025-09-11 06:07:22,163 [INFO] ImportTextPane:218 - (OptionalMessage_ERROR) IP (DMA) : Parameter (SyncRequestNumber) has Id (SPI2_TX) currently not set
2025-09-11 06:07:22,166 [INFO] ImportTextPane:218 - (OptionalMessage_ERROR) IP (RCC) : Invalid parameter (FamilyName)
2025-09-11 06:07:22,209 [WARN] IP:2250 - SERVICE2_UUID not found: check if there is a RefParameter without a condition.
2025-09-11 06:07:22,212 [WARN] IP:2250 - SERVICE3_UUID not found: check if there is a RefParameter without a condition.
2025-09-11 06:07:22,215 [WARN] IP:2250 - SERVICE4_UUID not found: check if there is a RefParameter without a condition.
2025-09-11 06:07:22,219 [WARN] IP:2250 - SERVICE5_UUID not found: check if there is a RefParameter without a condition.
2025-09-11 06:07:22,231 [INFO] ImportTextPane:218 - (OptionalMessage_ERROR) IP (STM32_WPAN) : Invalid parameter (CFG_LSCLK_LSE)
2025-09-11 06:07:22,472 [INFO] ApiDb:581 - Connected to CubeFinder SQLite database (C:\Users\jaowe\.stmcufinder\plugins\mcufinder\mcu\cube-finder-db.db)
2025-09-11 06:07:22,539 [INFO] ApiDb:668 - CubeFinder database Data Model version=2.1
2025-09-11 06:07:22,539 [INFO] ApiDb:669 - CubeFinder database Configuration version=3.0.39
2025-09-11 06:07:22,539 [INFO] ApiDb:670 - CubeFinder database generation date=2025-07-24 (1753349077)
2025-09-11 06:07:22,539 [INFO] ApiDb:671 - CubeFinder database FW Pack versions=[FP-ATR-ASTRA1_V2.0.0, FP-SNS-FLIGHT1_V5.1.0, FP-SNS-MOTENV1_V5.0.0, FP-SNS-MOTENVWB1_V1.4.0, FP-SNS-SMARTAG2_V1.2.0, FP-SNS-STBOX1_V2.0.0, STM32Cube_FW_C0_V1.4.0, STM32Cube_FW_F4_V1.28.2, STM32Cube_FW_F7_V1.17.3, STM32Cube_FW_G0_V1.6.2, STM32Cube_FW_G4_V1.6.1, STM32Cube_FW_H5_V1.5.0, STM32Cube_FW_H7RS_V1.2.0, STM32Cube_FW_H7_V1.12.1, STM32Cube_FW_L0_V1.12.2, STM32Cube_FW_L4_V1.18.1, STM32Cube_FW_L5_V1.5.1, STM32Cube_FW_N6_V1.2.0, STM32Cube_FW_U0_V1.3.0, STM32Cube_FW_U3_V1.2.0, STM32Cube_FW_U5_V1.8.0, STM32Cube_FW_WB0_V1.3.0, STM32Cube_FW_WBA_V1.7.0, STM32Cube_FW_WB_V1.23.0, STM32Cube_FW_WL3_V1.2.0, STM32Cube_FW_WL_V1.3.1, X-CUBE-ALGOBUILD_V1.4.0, X-CUBE-ALS_V1.0.2, X-CUBE-AZRTOS-F4_V1.1.0, X-CUBE-AZRTOS-F7_V1.1.0, X-CUBE-AZRTOS-G0_V1.1.0, X-CUBE-AZRTOS-G4_V2.0.0, X-CUBE-AZRTOS-H7RS_V1.1.0, X-CUBE-AZRTOS-H7_V3.4.0, X-CUBE-AZRTOS-L4_V2.0.0, X-CUBE-AZRTOS-L5_V2.0.0, X-CUBE-AZRTOS-WB_V2.0.0, X-CUBE-AZRTOS-WL_V2.0.0, X-CUBE-BLE1_V7.1.0, X-CUBE-BLE2_V3.3.0, X-CUBE-BLEMGR_V4.1.0, X-CUBE-EEPRMA1_V5.2.0, X-CUBE-FREERTOS_V1.3.1, X-CUBE-GNSS1_V6.0.0, X-CUBE-MEMS1_V11.3.0, X-CUBE-NFC4_V3.0.0, X-CUBE-NFC7_V2.0.0, X-CUBE-SFXS2LP1_V4.0.0, X-CUBE-ST67W61_V1.0.0, X-CUBE-SUBG2_V5.0.0, X-CUBE-TOF1_V3.4.3]
2025-09-11 06:07:22,668 [INFO] DbBoardsSqlite:226 - include board P-NUCLEO-WB55-NUCLEO as a kit item of type 'Nucleo-64'
2025-09-11 06:07:22,669 [INFO] DbBoardsSqlite:226 - include board P-NUCLEO-WB55-USBDONGLE as a kit item of type 'Nucleo USB Dongle'
2025-09-11 06:07:22,670 [INFO] DbBoardsSqlite:226 - include board STEVAL-IDP005V1 as a kit item of type 'Evaluation Board'
2025-09-11 06:07:22,671 [INFO] DbBoardsSqlite:226 - include board STEVAL-IDP005V2 as a kit item of type 'Evaluation Board'
2025-09-11 06:07:22,939 [INFO] ApiDb:240 - Found 895 in-development CPN: [B-G473E-ZEST1S, B-WB1M-WPAN1, B-WBA5M-WPAN, B-WL5M-SUBG1, NUCLEO-C031C6, NUCLEO-C051C8, NUCLEO-C071RB, NUCLEO-C092RC, NUCLEO-H503RB, NUCLEO-H533RE, NUCLEO-H563ZI, NUCLEO-H7S3L8, NUCLEO-N657X0-Q, NUCLEO-U031R8, NUCLEO-U083RC, NUCLEO-U385RG-Q, NUCLEO-U545RE-Q, NUCLEO-U5A5ZJ-Q, NUCLEO-WB05KZ, NUCLEO-WB07CC, NUCLEO-WB09KE, NUCLEO-WBA52CG, NUCLEO-WBA55CG, NUCLEO-WBA65RI, NUCLEO-WL33CC1, NUCLEO-WL33CC2, STEVAL-PROTEUS1, STEVAL-SMARTAG2, STEVAL-STWINBX1, STM320518-EVAL, STM32C0116-DK, STM32C011D6Y3TR, STM32C011D6Y6TR, STM32C011F4P3, STM32C011F4P6, STM32C011F4U3, STM32C011F4U6TR, STM32C011F6P3, STM32C011F6P6, STM32C011F6U3, STM32C011F6U6TR, STM32C011J4M3, STM32C011J4M6, STM32C011J6M3, STM32C011J6M6, STM32C0316-DK, STM32C031C4T3, STM32C031C4T6, STM32C031C4U3, STM32C031C4U6, STM32C031C6T3, STM32C031C6T6, STM32C031C6U3, STM32C031C6U6, STM32C031F4P3, STM32C031F4P6, STM32C031F6P3, STM32C031F6P6, STM32C031G4U3, STM32C031G4U6, STM32C031G6U3, STM32C031G6U6, STM32C031K4T3, STM32C031K4T6, STM32C031K4U3, STM32C031K4U6, STM32C031K6T3, STM32C031K6T6, STM32C031K6U3, STM32C031K6U6, STM32C051C6T6, STM32C051C6U6, STM32C051C8T6, STM32C051C8U6, STM32C051D8Y6TR, STM32C051F6P6, STM32C051F8P6, STM32C051G6U6, STM32C051G8U6, STM32C051K6T6, STM32C051K6U6, STM32C051K8T6, STM32C071C8T6, STM32C071C8T6N, STM32C071C8U6, STM32C071C8U6N, STM32C071CBT6, STM32C071CBT6N, STM32C071CBU6, STM32C071CBU6N, STM32C071F8P6, STM32C071F8P6N, STM32C071FBP6, STM32C071FBP6N, STM32C071FBY6TR, STM32C071G8U6, STM32C071G8U6N, STM32C071GBU6, STM32C071GBU6N, STM32C071K8T6, STM32C071K8T6N, STM32C071K8U6, STM32C071K8U6N, STM32C071KBT6, STM32C071KBT6N, STM32C071KBU6, STM32C071KBU6N, STM32C071R8T6, STM32C071R8T6N, STM32C071RBI6N, STM32C071RBT6, STM32C071RBT6N, STM32C091CBT6, STM32C091CBU6, STM32C091CCT6, STM32C091CCU6, STM32C091ECY6TR, STM32C091FBP6, STM32C091FCP6, STM32C091GBU6, STM32C091GCU6, STM32C091KBT6, STM32C091KBU6, STM32C091KCT6, STM32C091KCU6, STM32C091RBT6, STM32C091RCI6, STM32C091RCT6, STM32C092CBT6, STM32C092CBU6, STM32C092CCT6, STM32C092CCU6, STM32C092ECY6TR, STM32C092FBP6, STM32C092FCP6, STM32C092GBU6, STM32C092GCU6, STM32C092KBT6, STM32C092KBU6, STM32C092KCT6, STM32C092KCU6, STM32C092RBT6, STM32C092RCI6, STM32C092RCT6, STM32G071K8TXN, STM32G071K8UXN, STM32G081GBU6N, STM32G081KBT6N, STM32G081KBUXN, STM32G0B1CCT6N, STM32G0B1KCT6, STM32G0B1NEY6TR, STM32G0B1RCT6N, STM32G0C1CCT6, STM32G0C1CCT6N, STM32G0C1CCU6N, STM32G0C1CET6N, STM32G0C1CEU6N, STM32G0C1KCT6, STM32G0C1NEY6TR, STM32G0C1RCI6N, STM32G0C1RCT6N, STM32G0C1REI6N, STM32G0C1RET6N, STM32G0C1VCI6, STM32G0C1VEI6, STM32G411C6T3, STM32G411C6T6, STM32G411C6U3, STM32G411C6U6, STM32G411C8T3, STM32G411C8T6, STM32G411C8U3, STM32G411C8U6, STM32G411CBT3, STM32G411CBT6, STM32G411CBU3, STM32G411CBU6, STM32G411CCT3, STM32G411CCT6, STM32G411CCU3, STM32G411CCU6, STM32G411K6T3, STM32G411K6T6, STM32G411K6U3, STM32G411K6U6, STM32G411K8T3, STM32G411K8T6, STM32G411K8U3, STM32G411K8U6, STM32G411KBT3, STM32G411KBT6, STM32G411KBU3, STM32G411KBU6, STM32G411M6T3, STM32G411M6T6, STM32G411M8T3, STM32G411M8T6, STM32G411MBT3, STM32G411MBT6, STM32G411MCT3, STM32G411MCT6, STM32G411R6T3, STM32G411R6T6, STM32G411R8T3, STM32G411R8T6, STM32G411RBT3, STM32G411RBT6, STM32G411RCT3, STM32G411RCT6, STM32G414CBT3, STM32G414CBT6, STM32G414CBU3, STM32G414CBU6, STM32G414CCT3, STM32G414CCT6, STM32G414CCU3, STM32G414CCU6, STM32G414MBT3, STM32G414MBT6, STM32G414MCT3, STM32G414MCT6, STM32G414RBT3, STM32G414RBT6, STM32G414RCT3, STM32G414RCT6, STM32G414VBT3, STM32G414VBT6, STM32G414VCT3, STM32G414VCT6, STM32G431CBT3Z, STM32G431RBT3Z, STM32G471CCT6, STM32G471CCU6, STM32G471CET3, STM32G471CET6, STM32G471CEU3, STM32G471CEU6, STM32G471MCT6, STM32G471MET3, STM32G471MET6, STM32G471MEY6TR, STM32G471QCT6, STM32G471QET3, STM32G471RCT6, STM32G471RET3, STM32G471RET6, STM32G471VCH6, STM32G471VCI6, STM32G471VCT6, STM32G471VEH3, STM32G471VEH6, STM32G471VEI3, STM32G471VEI6, STM32G471VET3, STM32G471VET6, STM32G473QET3Z, STM32G473RET3Z, STM32G474CCT6, STM32G491RET3Z, STM32H503CBT6, STM32H503CBU6, STM32H503EBY6TR, STM32H503KBU6, STM32H503RBT6, STM32H523CCT6, STM32H523CCU6, STM32H523CET6, STM32H523CEU6, STM32H523HEY6TR, STM32H523RCT6, STM32H523RET6, STM32H523VCI6, STM32H523VCT6, STM32H523VEI6, STM32H523VET6, STM32H523ZCJ6, STM32H523ZCT6, STM32H523ZEJ6, STM32H523ZET6, STM32H533CET6, STM32H533CEU6, STM32H533HEY6TR, STM32H533RET6, STM32H533VEI6, STM32H533VET6, STM32H533ZEJ6, STM32H533ZET6, STM32H562AGI6, STM32H562AII6, STM32H562IGK6, STM32H562IGT6, STM32H562IIK6, STM32H562IIT6, STM32H562RGT6, STM32H562RGV6, STM32H562RIT6, STM32H562RIV6, STM32H562VGT6, STM32H562VIT6, STM32H562ZGT6, STM32H562ZIT6, STM32H563AGI6, STM32H563AII3Q, STM32H563AII6, STM32H563IGK6, STM32H563IGT6, STM32H563IIK3Q, STM32H563IIK6, STM32H563IIT3Q, STM32H563IIT6, STM32H563MIY3QTR, STM32H563RGT6, STM32H563RGV6, STM32H563RIT6, STM32H563RIV6, STM32H563VGT6, STM32H563VIT3Q, STM32H563VIT6, STM32H563ZGT6, STM32H563ZIT3Q, STM32H563ZIT6, STM32H573AII3Q, STM32H573AII6, STM32H573I-DK, STM32H573IIK3Q, STM32H573IIK6, STM32H573IIT3Q, STM32H573IIT6, STM32H573MIY3QTR, STM32H573RIT6, STM32H573RIV6, STM32H573VIT3Q, STM32H573VIT6, STM32H573ZIT3Q, STM32H573ZIT6, STM32H7R3A8I6, STM32H7R3I8K6, STM32H7R3I8T6, STM32H7R3L8H6, STM32H7R3L8H6H, STM32H7R3R8V6, STM32H7R3V8H6, STM32H7R3V8T6, STM32H7R3V8Y6TR, STM32H7R3Z8J6, STM32H7R3Z8T6, STM32H7R7A8I6, STM32H7R7I8K6, STM32H7R7I8T6, STM32H7R7L8H6, STM32H7R7L8H6H, STM32H7R7Z8J6, STM32H7S3A8I6, STM32H7S3I8K6, STM32H7S3I8T6, STM32H7S3L8H6, STM32H7S3L8H6H, STM32H7S3R8V6, STM32H7S3V8H6, STM32H7S3V8T6, STM32H7S3V8Y6TR, STM32H7S3Z8J6, STM32H7S3Z8T6, STM32H7S78-DK, STM32H7S7A8I6, STM32H7S7I8K6, STM32H7S7I8T6, STM32H7S7L8H6, STM32H7S7L8H6H, STM32H7S7Z8J6, STM32L4R5QGI6STR, STM32MP131AAE3, STM32MP131AAF3, STM32MP131AAG3, STM32MP131CAE3, STM32MP131CAF3, STM32MP131CAG3, STM32MP131DAE7, STM32MP131DAF7, STM32MP131DAG7, STM32MP131FAE7, STM32MP131FAF7, STM32MP131FAG7, STM32MP133AAE3, STM32MP133AAF3, STM32MP133AAG3, STM32MP133CAE3, STM32MP133CAF3, STM32MP133CAG3, STM32MP133DAE7, STM32MP133DAF7, STM32MP133DAG7, STM32MP133FAE7, STM32MP133FAF7, STM32MP133FAG7, STM32MP135AAE3, STM32MP135AAF3, STM32MP135AAG3, STM32MP135CAE3, STM32MP135CAF3, STM32MP135CAG3, STM32MP135DAE7, STM32MP135DAF7, STM32MP135DAG7, STM32MP135F-DK, STM32MP135FAE7, STM32MP135FAF7, STM32MP135FAF7T, STM32MP135FAF7U, STM32MP135FAG7, STM32MP231AAJ3, STM32MP231AAK3, STM32MP231AAL3, STM32MP231CAJ3, STM32MP231CAK3, STM32MP231CAL3, STM32MP231DAJ3, STM32MP231DAK3, STM32MP231DAL3, STM32MP231FAJ3, STM32MP231FAK3, STM32MP231FAL3, STM32MP233AAJ3, STM32MP233AAK3, STM32MP233AAL3, STM32MP233CAJ3, STM32MP233CAK3, STM32MP233CAL3, STM32MP233DAJ3, STM32MP233DAK3, STM32MP233DAL3, STM32MP233FAJ3, STM32MP233FAK3, STM32MP233FAL3, STM32MP235AAJ3, STM32MP235AAK3, STM32MP235AAL3, STM32MP235CAJ3, STM32MP235CAK3, STM32MP235CAL3, STM32MP235DAJ3, STM32MP235DAK3, STM32MP235DAL3, STM32MP235FAJ3, STM32MP235FAK3, STM32MP235FAL3, STM32MP251AAI3, STM32MP251AAJ3, STM32MP251AAK3, STM32MP251AAL3, STM32MP251CAI3, STM32MP251CAJ3, STM32MP251CAK3, STM32MP251CAL3, STM32MP251DAI3, STM32MP251DAJ3, STM32MP251DAK3, STM32MP251DAL3, STM32MP251FAI3, STM32MP251FAJ3, STM32MP251FAK3, STM32MP251FAL3, STM32MP253AAI3, STM32MP253AAJ3, STM32MP253AAK3, STM32MP253AAL3, STM32MP253CAI3, STM32MP253CAJ3, STM32MP253CAK3, STM32MP253CAL3, STM32MP253DAI3, STM32MP253DAJ3, STM32MP253DAK3, STM32MP253DAL3, STM32MP253FAI3, STM32MP253FAJ3, STM32MP253FAK3, STM32MP253FAL3, STM32MP255AAI3, STM32MP255AAJ3, STM32MP255AAK3, STM32MP255AAL3, STM32MP255CAI3, STM32MP255CAJ3, STM32MP255CAK3, STM32MP255CAL3, STM32MP255DAI3, STM32MP255DAJ3, STM32MP255DAK3, STM32MP255DAL3, STM32MP255FAI3, STM32MP255FAJ3, STM32MP255FAK3, STM32MP255FAL3, STM32MP257AAI3, STM32MP257AAJ3, STM32MP257AAK3, STM32MP257AAL3, STM32MP257CAI3, STM32MP257CAJ3, STM32MP257CAK3, STM32MP257CAL3, STM32MP257DAI3, STM32MP257DAJ3, STM32MP257DAK3, STM32MP257DAL3, STM32MP257F-DK, STM32MP257F-EV1, STM32MP257FAI3, STM32MP257FAJ3, STM32MP257FAK3, STM32MP257FAL3, STM32N645A0H3Q, STM32N645B0H3Q, STM32N645I0H3Q, STM32N645L0H3Q, STM32N645X0H3Q, STM32N645Z0H3Q, STM32N647A0H3Q, STM32N647B0H3Q, STM32N647I0H3Q, STM32N647L0H3Q, STM32N647X0H3Q, STM32N647Z0H3Q, STM32N655A0H3Q, STM32N655B0H3Q, STM32N655I0H3Q, STM32N655L0H3Q, STM32N655X0H3Q, STM32N655Z0H3Q, STM32N6570-DK, STM32N657A0H3Q, STM32N657B0H3Q, STM32N657I0H3Q, STM32N657L0H3Q, STM32N657X0H3Q, STM32N657Z0H3Q, STM32U031C6T6, STM32U031C6U6, STM32U031C8T6, STM32U031C8U6, STM32U031F4P6, STM32U031F6P6, STM32U031F8P6, STM32U031G6Y6TR, STM32U031G8Y6TR, STM32U031K4U6, STM32U031K6U6, STM32U031K8U6, STM32U031R6I6, STM32U031R6T6, STM32U031R8I6, STM32U031R8T6, STM32U073C8T6, STM32U073C8U6, STM32U073CBT6, STM32U073CBU6, STM32U073CCT6, STM32U073CCU6, STM32U073H8Y6TR, STM32U073HBY6TR, STM32U073HCY6TR, STM32U073K8U6, STM32U073KBU6, STM32U073KCU6, STM32U073M8I6, STM32U073M8T6, STM32U073MBI6, STM32U073MBT6, STM32U073MCI6, STM32U073MCT6, STM32U073R8I6, STM32U073R8T6, STM32U073RBI6, STM32U073RBT6, STM32U073RCI6, STM32U073RCT6, STM32U083C-DK, STM32U083CCT6, STM32U083CCU6, STM32U083HCY6TR, STM32U083KCU6, STM32U083MCI6, STM32U083MCT6, STM32U083RCI6, STM32U083RCT6, STM32U375CET6, STM32U375CET6Q, STM32U375CEU6, STM32U375CEU6Q, STM32U375CEY6QTR, STM32U375CGT6, STM32U375CGT6Q, STM32U375CGU6, STM32U375CGU6Q, STM32U375CGY6QTR, STM32U375KEU6, STM32U375KGU6, STM32U375REI6, STM32U375REI6Q, STM32U375RET6, STM32U375RET6Q, STM32U375REY6GTR, STM32U375REY6QTR, STM32U375RGI6, STM32U375RGI6Q, STM32U375RGT6, STM32U375RGT6Q, STM32U375RGY6GTR, STM32U375RGY6QTR, STM32U375VEI6, STM32U375VEI6Q, STM32U375VET6, STM32U375VET6Q, STM32U375VGI6, STM32U375VGI6Q, STM32U375VGT6, STM32U375VGT6Q, STM32U385CGT6, STM32U385CGT6Q, STM32U385CGU6, STM32U385CGU6Q, STM32U385CGY6QTR, STM32U385KGU6, STM32U385RGI6, STM32U385RGI6Q, STM32U385RGT6, STM32U385RGT6Q, STM32U385RGY6GTR, STM32U385RGY6QTR, STM32U385VGI6, STM32U385VGI6Q, STM32U385VGT6, STM32U385VGT6Q, STM32U535CBT6, STM32U535CBT6Q, STM32U535CBU6, STM32U535CBU6Q, STM32U535CCT6, STM32U535CCT6Q, STM32U535CCU6, STM32U535CCU6Q, STM32U535CET6, STM32U535CET6Q, STM32U535CEU6, STM32U535CEU6Q, STM32U535JEY6QTR, STM32U535NCY6QTR, STM32U535NEY6QTR, STM32U535RBI6, STM32U535RBI6Q, STM32U535RBT6, STM32U535RBT6Q, STM32U535RCI6, STM32U535RCI6Q, STM32U535RCT6, STM32U535RCT6Q, STM32U535REI6, STM32U535REI6Q, STM32U535RET6, STM32U535RET6Q, STM32U535VCI6, STM32U535VCI6Q, STM32U535VCT6, STM32U535VCT6Q, STM32U535VEI6, STM32U535VEI6Q, STM32U535VET6, STM32U535VET6Q, STM32U545CET6, STM32U545CET6Q, STM32U545CEU6, STM32U545CEU6Q, STM32U545JEY6QTR, STM32U545NEY6QTR, STM32U545REI6, STM32U545REI6Q, STM32U545RET6, STM32U545RET6Q, STM32U545VEI6, STM32U545VEI6Q, STM32U545VET6, STM32U545VET6Q, STM32U595AIH6, STM32U595AIH6Q, STM32U595AJH6, STM32U595AJH6Q, STM32U595QII6, STM32U595QII6Q, STM32U595QJI6, STM32U595QJI6Q, STM32U595RIT6, STM32U595RIT6Q, STM32U595RJT6, STM32U595RJT6Q, STM32U595VIT6, STM32U595VIT6Q, STM32U595VJT6, STM32U595VJT6Q, STM32U595ZIT6, STM32U595ZIT6Q, STM32U595ZIY6QTR, STM32U595ZJT6, STM32U595ZJT6Q, STM32U595ZJY6QTR, STM32U599BJY6QTR, STM32U599NIH6Q, STM32U599NJH6Q, STM32U599VIT6Q, STM32U599VJT6, STM32U599VJT6Q, STM32U599ZIT6Q, STM32U599ZIY6QTR, STM32U599ZJT6Q, STM32U599ZJY6QTR, STM32U5A5AJH6, STM32U5A5AJH6Q, STM32U5A5QII3Q , STM32U5A5QJI6, STM32U5A5QJI6Q, STM32U5A5RJT6, STM32U5A5RJT6Q, STM32U5A5VJT6, STM32U5A5VJT6Q, STM32U5A5ZJT6, STM32U5A5ZJT6Q, STM32U5A5ZJY6QTR, STM32U5A9BJY6QTR, STM32U5A9J-DK, STM32U5A9NJH6Q, STM32U5A9VJT6Q, STM32U5A9ZJT6Q, STM32U5A9ZJY6QTR, STM32U5F7VIT6, STM32U5F7VIT6Q, STM32U5F7VJT6, STM32U5F7VJT6Q, STM32U5F9BJY6QTR, STM32U5F9NJH6Q, STM32U5F9VIT6Q, STM32U5F9VJT6Q, STM32U5F9ZIJ6QTR, STM32U5F9ZIT6Q, STM32U5F9ZJJ6QTR, STM32U5F9ZJT6Q, STM32U5G7VJT6, STM32U5G7VJT6Q, STM32U5G9BJY6QTR, STM32U5G9J-DK1, STM32U5G9J-DK2, STM32U5G9NJH6Q, STM32U5G9VJT6Q, STM32U5G9ZJJ6QTR, STM32U5G9ZJT6Q, STM32WB05KZV6TR, STM32WB05KZV7TR, STM32WB05TZF6TR, STM32WB05TZF7TR, STM32WB06CCF6TR, STM32WB06CCF7TR, STM32WB06CCV6TR, STM32WB06CCV7TR, STM32WB06KCV6TR, STM32WB06KCV7TR, STM32WB07CCF6TR, STM32WB07CCF7TR, STM32WB07CCV6TR, STM32WB07CCV7TR, STM32WB07KCV6TR, STM32WB07KCV7TR, STM32WB09KEV6TR, STM32WB09KEV7TR, STM32WB09TEF6TR, STM32WB09TEF7TR, STM32WB1MMCH6, STM32WBA50KGU6, STM32WBA50KGU6TR, STM32WBA52CEU6, STM32WBA52CEU6TR, STM32WBA52CEU7, STM32WBA52CEU7TR, STM32WBA52CGU6, STM32WBA52CGU6TR, STM32WBA52CGU6U, STM32WBA52CGU7, STM32WBA52CGU7TR, STM32WBA52KEU6, STM32WBA52KEU6TR, STM32WBA52KGU6, STM32WBA52KGU6TR, STM32WBA54CEU6, STM32WBA54CEU6TR, STM32WBA54CEU7, STM32WBA54CEU7TR, STM32WBA54CGU6, STM32WBA54CGU6TR, STM32WBA54CGU7, STM32WBA54CGU7TR, STM32WBA54KEU6, STM32WBA54KEU6TR, STM32WBA54KEU7, STM32WBA54KEU7TR, STM32WBA54KGU6, STM32WBA54KGU6TR, STM32WBA54KGU7, STM32WBA54KGU7TR, STM32WBA55CEU6, STM32WBA55CEU6TR, STM32WBA55CEU7, STM32WBA55CEU7TR, STM32WBA55CGU6, STM32WBA55CGU6TR, STM32WBA55CGU6U, STM32WBA55CGU7, STM32WBA55CGU7TR, STM32WBA55G-DK1, STM32WBA55HEF6, STM32WBA55HEF7, STM32WBA55HGF6, STM32WBA55HGF7, STM32WBA55UEI6, STM32WBA55UEI6TR, STM32WBA55UEI7, STM32WBA55UEI7TR, STM32WBA55UGI6, STM32WBA55UGI6TR, STM32WBA55UGI7, STM32WBA55UGI7TR, STM32WBA5MJGH6TR, STM32WBA62CGU6, STM32WBA62CIU6, STM32WBA62MGF6, STM32WBA62MIF6, STM32WBA62PGI6, STM32WBA62PII6, STM32WBA63CGU6, STM32WBA63CGU7, STM32WBA63CIU6, STM32WBA63CIU7, STM32WBA64CGU6, STM32WBA64CGU7, STM32WBA64CIU6, STM32WBA64CIU7, STM32WBA65CGU6, STM32WBA65CGU7, STM32WBA65CIU6, STM32WBA65CIU7, STM32WBA65I-DK1, STM32WBA65MGF6, STM32WBA65MGF7, STM32WBA65MIF6, STM32WBA65MIF7, STM32WBA65PGI6, STM32WBA65PGI7, STM32WBA65PII6, STM32WBA65PII7, STM32WBA65RGV6, STM32WBA65RGV7, STM32WBA65RIV6, STM32WBA65RIV7, STM32WL30K8V6, STM32WL30KBV6, STM32WL31C8V6, STM32WL31CBV6, STM32WL31K8V6, STM32WL31KBV6, STM32WL33C8V6, STM32WL33C8V6TR, STM32WL33C8V7, STM32WL33C8V7TR, STM32WL33CBV6, STM32WL33CBV6TR, STM32WL33CBV7, STM32WL33CBV7TR, STM32WL33CCV6, STM32WL33CCV6TR, STM32WL33CCV7, STM32WL33CCV7A, STM32WL33CCV7ATR, STM32WL33CCV7TR, STM32WL33K8V6, STM32WL33K8V6TR, STM32WL33K8V7, STM32WL33K8V7TR, STM32WL33KBV6, STM32WL33KBV6TR, STM32WL33KBV7, STM32WL33KBV7TR, STM32WL33KCV6, STM32WL33KCV6TR, STM32WL33KCV7, STM32WL33KCV7TR, STM32WL5MOCH6, STM32WL5MOCH6TR]
2025-09-11 06:07:22,943 [INFO] ApiDb:668 - CubeFinder database Data Model version=2.1
2025-09-11 06:07:22,943 [INFO] ApiDb:669 - CubeFinder database Configuration version=3.0.39
2025-09-11 06:07:22,943 [INFO] ApiDb:670 - CubeFinder database generation date=2025-07-24 (1753349077)
2025-09-11 06:07:22,943 [INFO] ApiDb:671 - CubeFinder database FW Pack versions=[FP-ATR-ASTRA1_V2.0.0, FP-SNS-FLIGHT1_V5.1.0, FP-SNS-MOTENV1_V5.0.0, FP-SNS-MOTENVWB1_V1.4.0, FP-SNS-SMARTAG2_V1.2.0, FP-SNS-STBOX1_V2.0.0, STM32Cube_FW_C0_V1.4.0, STM32Cube_FW_F4_V1.28.2, STM32Cube_FW_F7_V1.17.3, STM32Cube_FW_G0_V1.6.2, STM32Cube_FW_G4_V1.6.1, STM32Cube_FW_H5_V1.5.0, STM32Cube_FW_H7RS_V1.2.0, STM32Cube_FW_H7_V1.12.1, STM32Cube_FW_L0_V1.12.2, STM32Cube_FW_L4_V1.18.1, STM32Cube_FW_L5_V1.5.1, STM32Cube_FW_N6_V1.2.0, STM32Cube_FW_U0_V1.3.0, STM32Cube_FW_U3_V1.2.0, STM32Cube_FW_U5_V1.8.0, STM32Cube_FW_WB0_V1.3.0, STM32Cube_FW_WBA_V1.7.0, STM32Cube_FW_WB_V1.23.0, STM32Cube_FW_WL3_V1.2.0, STM32Cube_FW_WL_V1.3.1, X-CUBE-ALGOBUILD_V1.4.0, X-CUBE-ALS_V1.0.2, X-CUBE-AZRTOS-F4_V1.1.0, X-CUBE-AZRTOS-F7_V1.1.0, X-CUBE-AZRTOS-G0_V1.1.0, X-CUBE-AZRTOS-G4_V2.0.0, X-CUBE-AZRTOS-H7RS_V1.1.0, X-CUBE-AZRTOS-H7_V3.4.0, X-CUBE-AZRTOS-L4_V2.0.0, X-CUBE-AZRTOS-L5_V2.0.0, X-CUBE-AZRTOS-WB_V2.0.0, X-CUBE-AZRTOS-WL_V2.0.0, X-CUBE-BLE1_V7.1.0, X-CUBE-BLE2_V3.3.0, X-CUBE-BLEMGR_V4.1.0, X-CUBE-EEPRMA1_V5.2.0, X-CUBE-FREERTOS_V1.3.1, X-CUBE-GNSS1_V6.0.0, X-CUBE-MEMS1_V11.3.0, X-CUBE-NFC4_V3.0.0, X-CUBE-NFC7_V2.0.0, X-CUBE-SFXS2LP1_V4.0.0, X-CUBE-ST67W61_V1.0.0, X-CUBE-SUBG2_V5.0.0, X-CUBE-TOF1_V3.4.3]
2025-09-11 06:07:24,518 [INFO] ApiDb:240 - Found 895 in-development CPN: [B-G473E-ZEST1S, B-WB1M-WPAN1, B-WBA5M-WPAN, B-WL5M-SUBG1, NUCLEO-C031C6, NUCLEO-C051C8, NUCLEO-C071RB, NUCLEO-C092RC, NUCLEO-H503RB, NUCLEO-H533RE, NUCLEO-H563ZI, NUCLEO-H7S3L8, NUCLEO-N657X0-Q, NUCLEO-U031R8, NUCLEO-U083RC, NUCLEO-U385RG-Q, NUCLEO-U545RE-Q, NUCLEO-U5A5ZJ-Q, NUCLEO-WB05KZ, NUCLEO-WB07CC, NUCLEO-WB09KE, NUCLEO-WBA52CG, NUCLEO-WBA55CG, NUCLEO-WBA65RI, NUCLEO-WL33CC1, NUCLEO-WL33CC2, STEVAL-PROTEUS1, STEVAL-SMARTAG2, STEVAL-STWINBX1, STM320518-EVAL, STM32C0116-DK, STM32C011D6Y3TR, STM32C011D6Y6TR, STM32C011F4P3, STM32C011F4P6, STM32C011F4U3, STM32C011F4U6TR, STM32C011F6P3, STM32C011F6P6, STM32C011F6U3, STM32C011F6U6TR, STM32C011J4M3, STM32C011J4M6, STM32C011J6M3, STM32C011J6M6, STM32C0316-DK, STM32C031C4T3, STM32C031C4T6, STM32C031C4U3, STM32C031C4U6, STM32C031C6T3, STM32C031C6T6, STM32C031C6U3, STM32C031C6U6, STM32C031F4P3, STM32C031F4P6, STM32C031F6P3, STM32C031F6P6, STM32C031G4U3, STM32C031G4U6, STM32C031G6U3, STM32C031G6U6, STM32C031K4T3, STM32C031K4T6, STM32C031K4U3, STM32C031K4U6, STM32C031K6T3, STM32C031K6T6, STM32C031K6U3, STM32C031K6U6, STM32C051C6T6, STM32C051C6U6, STM32C051C8T6, STM32C051C8U6, STM32C051D8Y6TR, STM32C051F6P6, STM32C051F8P6, STM32C051G6U6, STM32C051G8U6, STM32C051K6T6, STM32C051K6U6, STM32C051K8T6, STM32C071C8T6, STM32C071C8T6N, STM32C071C8U6, STM32C071C8U6N, STM32C071CBT6, STM32C071CBT6N, STM32C071CBU6, STM32C071CBU6N, STM32C071F8P6, STM32C071F8P6N, STM32C071FBP6, STM32C071FBP6N, STM32C071FBY6TR, STM32C071G8U6, STM32C071G8U6N, STM32C071GBU6, STM32C071GBU6N, STM32C071K8T6, STM32C071K8T6N, STM32C071K8U6, STM32C071K8U6N, STM32C071KBT6, STM32C071KBT6N, STM32C071KBU6, STM32C071KBU6N, STM32C071R8T6, STM32C071R8T6N, STM32C071RBI6N, STM32C071RBT6, STM32C071RBT6N, STM32C091CBT6, STM32C091CBU6, STM32C091CCT6, STM32C091CCU6, STM32C091ECY6TR, STM32C091FBP6, STM32C091FCP6, STM32C091GBU6, STM32C091GCU6, STM32C091KBT6, STM32C091KBU6, STM32C091KCT6, STM32C091KCU6, STM32C091RBT6, STM32C091RCI6, STM32C091RCT6, STM32C092CBT6, STM32C092CBU6, STM32C092CCT6, STM32C092CCU6, STM32C092ECY6TR, STM32C092FBP6, STM32C092FCP6, STM32C092GBU6, STM32C092GCU6, STM32C092KBT6, STM32C092KBU6, STM32C092KCT6, STM32C092KCU6, STM32C092RBT6, STM32C092RCI6, STM32C092RCT6, STM32G071K8TXN, STM32G071K8UXN, STM32G081GBU6N, STM32G081KBT6N, STM32G081KBUXN, STM32G0B1CCT6N, STM32G0B1KCT6, STM32G0B1NEY6TR, STM32G0B1RCT6N, STM32G0C1CCT6, STM32G0C1CCT6N, STM32G0C1CCU6N, STM32G0C1CET6N, STM32G0C1CEU6N, STM32G0C1KCT6, STM32G0C1NEY6TR, STM32G0C1RCI6N, STM32G0C1RCT6N, STM32G0C1REI6N, STM32G0C1RET6N, STM32G0C1VCI6, STM32G0C1VEI6, STM32G411C6T3, STM32G411C6T6, STM32G411C6U3, STM32G411C6U6, STM32G411C8T3, STM32G411C8T6, STM32G411C8U3, STM32G411C8U6, STM32G411CBT3, STM32G411CBT6, STM32G411CBU3, STM32G411CBU6, STM32G411CCT3, STM32G411CCT6, STM32G411CCU3, STM32G411CCU6, STM32G411K6T3, STM32G411K6T6, STM32G411K6U3, STM32G411K6U6, STM32G411K8T3, STM32G411K8T6, STM32G411K8U3, STM32G411K8U6, STM32G411KBT3, STM32G411KBT6, STM32G411KBU3, STM32G411KBU6, STM32G411M6T3, STM32G411M6T6, STM32G411M8T3, STM32G411M8T6, STM32G411MBT3, STM32G411MBT6, STM32G411MCT3, STM32G411MCT6, STM32G411R6T3, STM32G411R6T6, STM32G411R8T3, STM32G411R8T6, STM32G411RBT3, STM32G411RBT6, STM32G411RCT3, STM32G411RCT6, STM32G414CBT3, STM32G414CBT6, STM32G414CBU3, STM32G414CBU6, STM32G414CCT3, STM32G414CCT6, STM32G414CCU3, STM32G414CCU6, STM32G414MBT3, STM32G414MBT6, STM32G414MCT3, STM32G414MCT6, STM32G414RBT3, STM32G414RBT6, STM32G414RCT3, STM32G414RCT6, STM32G414VBT3, STM32G414VBT6, STM32G414VCT3, STM32G414VCT6, STM32G431CBT3Z, STM32G431RBT3Z, STM32G471CCT6, STM32G471CCU6, STM32G471CET3, STM32G471CET6, STM32G471CEU3, STM32G471CEU6, STM32G471MCT6, STM32G471MET3, STM32G471MET6, STM32G471MEY6TR, STM32G471QCT6, STM32G471QET3, STM32G471RCT6, STM32G471RET3, STM32G471RET6, STM32G471VCH6, STM32G471VCI6, STM32G471VCT6, STM32G471VEH3, STM32G471VEH6, STM32G471VEI3, STM32G471VEI6, STM32G471VET3, STM32G471VET6, STM32G473QET3Z, STM32G473RET3Z, STM32G474CCT6, STM32G491RET3Z, STM32H503CBT6, STM32H503CBU6, STM32H503EBY6TR, STM32H503KBU6, STM32H503RBT6, STM32H523CCT6, STM32H523CCU6, STM32H523CET6, STM32H523CEU6, STM32H523HEY6TR, STM32H523RCT6, STM32H523RET6, STM32H523VCI6, STM32H523VCT6, STM32H523VEI6, STM32H523VET6, STM32H523ZCJ6, STM32H523ZCT6, STM32H523ZEJ6, STM32H523ZET6, STM32H533CET6, STM32H533CEU6, STM32H533HEY6TR, STM32H533RET6, STM32H533VEI6, STM32H533VET6, STM32H533ZEJ6, STM32H533ZET6, STM32H562AGI6, STM32H562AII6, STM32H562IGK6, STM32H562IGT6, STM32H562IIK6, STM32H562IIT6, STM32H562RGT6, STM32H562RGV6, STM32H562RIT6, STM32H562RIV6, STM32H562VGT6, STM32H562VIT6, STM32H562ZGT6, STM32H562ZIT6, STM32H563AGI6, STM32H563AII3Q, STM32H563AII6, STM32H563IGK6, STM32H563IGT6, STM32H563IIK3Q, STM32H563IIK6, STM32H563IIT3Q, STM32H563IIT6, STM32H563MIY3QTR, STM32H563RGT6, STM32H563RGV6, STM32H563RIT6, STM32H563RIV6, STM32H563VGT6, STM32H563VIT3Q, STM32H563VIT6, STM32H563ZGT6, STM32H563ZIT3Q, STM32H563ZIT6, STM32H573AII3Q, STM32H573AII6, STM32H573I-DK, STM32H573IIK3Q, STM32H573IIK6, STM32H573IIT3Q, STM32H573IIT6, STM32H573MIY3QTR, STM32H573RIT6, STM32H573RIV6, STM32H573VIT3Q, STM32H573VIT6, STM32H573ZIT3Q, STM32H573ZIT6, STM32H7R3A8I6, STM32H7R3I8K6, STM32H7R3I8T6, STM32H7R3L8H6, STM32H7R3L8H6H, STM32H7R3R8V6, STM32H7R3V8H6, STM32H7R3V8T6, STM32H7R3V8Y6TR, STM32H7R3Z8J6, STM32H7R3Z8T6, STM32H7R7A8I6, STM32H7R7I8K6, STM32H7R7I8T6, STM32H7R7L8H6, STM32H7R7L8H6H, STM32H7R7Z8J6, STM32H7S3A8I6, STM32H7S3I8K6, STM32H7S3I8T6, STM32H7S3L8H6, STM32H7S3L8H6H, STM32H7S3R8V6, STM32H7S3V8H6, STM32H7S3V8T6, STM32H7S3V8Y6TR, STM32H7S3Z8J6, STM32H7S3Z8T6, STM32H7S78-DK, STM32H7S7A8I6, STM32H7S7I8K6, STM32H7S7I8T6, STM32H7S7L8H6, STM32H7S7L8H6H, STM32H7S7Z8J6, STM32L4R5QGI6STR, STM32MP131AAE3, STM32MP131AAF3, STM32MP131AAG3, STM32MP131CAE3, STM32MP131CAF3, STM32MP131CAG3, STM32MP131DAE7, STM32MP131DAF7, STM32MP131DAG7, STM32MP131FAE7, STM32MP131FAF7, STM32MP131FAG7, STM32MP133AAE3, STM32MP133AAF3, STM32MP133AAG3, STM32MP133CAE3, STM32MP133CAF3, STM32MP133CAG3, STM32MP133DAE7, STM32MP133DAF7, STM32MP133DAG7, STM32MP133FAE7, STM32MP133FAF7, STM32MP133FAG7, STM32MP135AAE3, STM32MP135AAF3, STM32MP135AAG3, STM32MP135CAE3, STM32MP135CAF3, STM32MP135CAG3, STM32MP135DAE7, STM32MP135DAF7, STM32MP135DAG7, STM32MP135F-DK, STM32MP135FAE7, STM32MP135FAF7, STM32MP135FAF7T, STM32MP135FAF7U, STM32MP135FAG7, STM32MP231AAJ3, STM32MP231AAK3, STM32MP231AAL3, STM32MP231CAJ3, STM32MP231CAK3, STM32MP231CAL3, STM32MP231DAJ3, STM32MP231DAK3, STM32MP231DAL3, STM32MP231FAJ3, STM32MP231FAK3, STM32MP231FAL3, STM32MP233AAJ3, STM32MP233AAK3, STM32MP233AAL3, STM32MP233CAJ3, STM32MP233CAK3, STM32MP233CAL3, STM32MP233DAJ3, STM32MP233DAK3, STM32MP233DAL3, STM32MP233FAJ3, STM32MP233FAK3, STM32MP233FAL3, STM32MP235AAJ3, STM32MP235AAK3, STM32MP235AAL3, STM32MP235CAJ3, STM32MP235CAK3, STM32MP235CAL3, STM32MP235DAJ3, STM32MP235DAK3, STM32MP235DAL3, STM32MP235FAJ3, STM32MP235FAK3, STM32MP235FAL3, STM32MP251AAI3, STM32MP251AAJ3, STM32MP251AAK3, STM32MP251AAL3, STM32MP251CAI3, STM32MP251CAJ3, STM32MP251CAK3, STM32MP251CAL3, STM32MP251DAI3, STM32MP251DAJ3, STM32MP251DAK3, STM32MP251DAL3, STM32MP251FAI3, STM32MP251FAJ3, STM32MP251FAK3, STM32MP251FAL3, STM32MP253AAI3, STM32MP253AAJ3, STM32MP253AAK3, STM32MP253AAL3, STM32MP253CAI3, STM32MP253CAJ3, STM32MP253CAK3, STM32MP253CAL3, STM32MP253DAI3, STM32MP253DAJ3, STM32MP253DAK3, STM32MP253DAL3, STM32MP253FAI3, STM32MP253FAJ3, STM32MP253FAK3, STM32MP253FAL3, STM32MP255AAI3, STM32MP255AAJ3, STM32MP255AAK3, STM32MP255AAL3, STM32MP255CAI3, STM32MP255CAJ3, STM32MP255CAK3, STM32MP255CAL3, STM32MP255DAI3, STM32MP255DAJ3, STM32MP255DAK3, STM32MP255DAL3, STM32MP255FAI3, STM32MP255FAJ3, STM32MP255FAK3, STM32MP255FAL3, STM32MP257AAI3, STM32MP257AAJ3, STM32MP257AAK3, STM32MP257AAL3, STM32MP257CAI3, STM32MP257CAJ3, STM32MP257CAK3, STM32MP257CAL3, STM32MP257DAI3, STM32MP257DAJ3, STM32MP257DAK3, STM32MP257DAL3, STM32MP257F-DK, STM32MP257F-EV1, STM32MP257FAI3, STM32MP257FAJ3, STM32MP257FAK3, STM32MP257FAL3, STM32N645A0H3Q, STM32N645B0H3Q, STM32N645I0H3Q, STM32N645L0H3Q, STM32N645X0H3Q, STM32N645Z0H3Q, STM32N647A0H3Q, STM32N647B0H3Q, STM32N647I0H3Q, STM32N647L0H3Q, STM32N647X0H3Q, STM32N647Z0H3Q, STM32N655A0H3Q, STM32N655B0H3Q, STM32N655I0H3Q, STM32N655L0H3Q, STM32N655X0H3Q, STM32N655Z0H3Q, STM32N6570-DK, STM32N657A0H3Q, STM32N657B0H3Q, STM32N657I0H3Q, STM32N657L0H3Q, STM32N657X0H3Q, STM32N657Z0H3Q, STM32U031C6T6, STM32U031C6U6, STM32U031C8T6, STM32U031C8U6, STM32U031F4P6, STM32U031F6P6, STM32U031F8P6, STM32U031G6Y6TR, STM32U031G8Y6TR, STM32U031K4U6, STM32U031K6U6, STM32U031K8U6, STM32U031R6I6, STM32U031R6T6, STM32U031R8I6, STM32U031R8T6, STM32U073C8T6, STM32U073C8U6, STM32U073CBT6, STM32U073CBU6, STM32U073CCT6, STM32U073CCU6, STM32U073H8Y6TR, STM32U073HBY6TR, STM32U073HCY6TR, STM32U073K8U6, STM32U073KBU6, STM32U073KCU6, STM32U073M8I6, STM32U073M8T6, STM32U073MBI6, STM32U073MBT6, STM32U073MCI6, STM32U073MCT6, STM32U073R8I6, STM32U073R8T6, STM32U073RBI6, STM32U073RBT6, STM32U073RCI6, STM32U073RCT6, STM32U083C-DK, STM32U083CCT6, STM32U083CCU6, STM32U083HCY6TR, STM32U083KCU6, STM32U083MCI6, STM32U083MCT6, STM32U083RCI6, STM32U083RCT6, STM32U375CET6, STM32U375CET6Q, STM32U375CEU6, STM32U375CEU6Q, STM32U375CEY6QTR, STM32U375CGT6, STM32U375CGT6Q, STM32U375CGU6, STM32U375CGU6Q, STM32U375CGY6QTR, STM32U375KEU6, STM32U375KGU6, STM32U375REI6, STM32U375REI6Q, STM32U375RET6, STM32U375RET6Q, STM32U375REY6GTR, STM32U375REY6QTR, STM32U375RGI6, STM32U375RGI6Q, STM32U375RGT6, STM32U375RGT6Q, STM32U375RGY6GTR, STM32U375RGY6QTR, STM32U375VEI6, STM32U375VEI6Q, STM32U375VET6, STM32U375VET6Q, STM32U375VGI6, STM32U375VGI6Q, STM32U375VGT6, STM32U375VGT6Q, STM32U385CGT6, STM32U385CGT6Q, STM32U385CGU6, STM32U385CGU6Q, STM32U385CGY6QTR, STM32U385KGU6, STM32U385RGI6, STM32U385RGI6Q, STM32U385RGT6, STM32U385RGT6Q, STM32U385RGY6GTR, STM32U385RGY6QTR, STM32U385VGI6, STM32U385VGI6Q, STM32U385VGT6, STM32U385VGT6Q, STM32U535CBT6, STM32U535CBT6Q, STM32U535CBU6, STM32U535CBU6Q, STM32U535CCT6, STM32U535CCT6Q, STM32U535CCU6, STM32U535CCU6Q, STM32U535CET6, STM32U535CET6Q, STM32U535CEU6, STM32U535CEU6Q, STM32U535JEY6QTR, STM32U535NCY6QTR, STM32U535NEY6QTR, STM32U535RBI6, STM32U535RBI6Q, STM32U535RBT6, STM32U535RBT6Q, STM32U535RCI6, STM32U535RCI6Q, STM32U535RCT6, STM32U535RCT6Q, STM32U535REI6, STM32U535REI6Q, STM32U535RET6, STM32U535RET6Q, STM32U535VCI6, STM32U535VCI6Q, STM32U535VCT6, STM32U535VCT6Q, STM32U535VEI6, STM32U535VEI6Q, STM32U535VET6, STM32U535VET6Q, STM32U545CET6, STM32U545CET6Q, STM32U545CEU6, STM32U545CEU6Q, STM32U545JEY6QTR, STM32U545NEY6QTR, STM32U545REI6, STM32U545REI6Q, STM32U545RET6, STM32U545RET6Q, STM32U545VEI6, STM32U545VEI6Q, STM32U545VET6, STM32U545VET6Q, STM32U595AIH6, STM32U595AIH6Q, STM32U595AJH6, STM32U595AJH6Q, STM32U595QII6, STM32U595QII6Q, STM32U595QJI6, STM32U595QJI6Q, STM32U595RIT6, STM32U595RIT6Q, STM32U595RJT6, STM32U595RJT6Q, STM32U595VIT6, STM32U595VIT6Q, STM32U595VJT6, STM32U595VJT6Q, STM32U595ZIT6, STM32U595ZIT6Q, STM32U595ZIY6QTR, STM32U595ZJT6, STM32U595ZJT6Q, STM32U595ZJY6QTR, STM32U599BJY6QTR, STM32U599NIH6Q, STM32U599NJH6Q, STM32U599VIT6Q, STM32U599VJT6, STM32U599VJT6Q, STM32U599ZIT6Q, STM32U599ZIY6QTR, STM32U599ZJT6Q, STM32U599ZJY6QTR, STM32U5A5AJH6, STM32U5A5AJH6Q, STM32U5A5QII3Q , STM32U5A5QJI6, STM32U5A5QJI6Q, STM32U5A5RJT6, STM32U5A5RJT6Q, STM32U5A5VJT6, STM32U5A5VJT6Q, STM32U5A5ZJT6, STM32U5A5ZJT6Q, STM32U5A5ZJY6QTR, STM32U5A9BJY6QTR, STM32U5A9J-DK, STM32U5A9NJH6Q, STM32U5A9VJT6Q, STM32U5A9ZJT6Q, STM32U5A9ZJY6QTR, STM32U5F7VIT6, STM32U5F7VIT6Q, STM32U5F7VJT6, STM32U5F7VJT6Q, STM32U5F9BJY6QTR, STM32U5F9NJH6Q, STM32U5F9VIT6Q, STM32U5F9VJT6Q, STM32U5F9ZIJ6QTR, STM32U5F9ZIT6Q, STM32U5F9ZJJ6QTR, STM32U5F9ZJT6Q, STM32U5G7VJT6, STM32U5G7VJT6Q, STM32U5G9BJY6QTR, STM32U5G9J-DK1, STM32U5G9J-DK2, STM32U5G9NJH6Q, STM32U5G9VJT6Q, STM32U5G9ZJJ6QTR, STM32U5G9ZJT6Q, STM32WB05KZV6TR, STM32WB05KZV7TR, STM32WB05TZF6TR, STM32WB05TZF7TR, STM32WB06CCF6TR, STM32WB06CCF7TR, STM32WB06CCV6TR, STM32WB06CCV7TR, STM32WB06KCV6TR, STM32WB06KCV7TR, STM32WB07CCF6TR, STM32WB07CCF7TR, STM32WB07CCV6TR, STM32WB07CCV7TR, STM32WB07KCV6TR, STM32WB07KCV7TR, STM32WB09KEV6TR, STM32WB09KEV7TR, STM32WB09TEF6TR, STM32WB09TEF7TR, STM32WB1MMCH6, STM32WBA50KGU6, STM32WBA50KGU6TR, STM32WBA52CEU6, STM32WBA52CEU6TR, STM32WBA52CEU7, STM32WBA52CEU7TR, STM32WBA52CGU6, STM32WBA52CGU6TR, STM32WBA52CGU6U, STM32WBA52CGU7, STM32WBA52CGU7TR, STM32WBA52KEU6, STM32WBA52KEU6TR, STM32WBA52KGU6, STM32WBA52KGU6TR, STM32WBA54CEU6, STM32WBA54CEU6TR, STM32WBA54CEU7, STM32WBA54CEU7TR, STM32WBA54CGU6, STM32WBA54CGU6TR, STM32WBA54CGU7, STM32WBA54CGU7TR, STM32WBA54KEU6, STM32WBA54KEU6TR, STM32WBA54KEU7, STM32WBA54KEU7TR, STM32WBA54KGU6, STM32WBA54KGU6TR, STM32WBA54KGU7, STM32WBA54KGU7TR, STM32WBA55CEU6, STM32WBA55CEU6TR, STM32WBA55CEU7, STM32WBA55CEU7TR, STM32WBA55CGU6, STM32WBA55CGU6TR, STM32WBA55CGU6U, STM32WBA55CGU7, STM32WBA55CGU7TR, STM32WBA55G-DK1, STM32WBA55HEF6, STM32WBA55HEF7, STM32WBA55HGF6, STM32WBA55HGF7, STM32WBA55UEI6, STM32WBA55UEI6TR, STM32WBA55UEI7, STM32WBA55UEI7TR, STM32WBA55UGI6, STM32WBA55UGI6TR, STM32WBA55UGI7, STM32WBA55UGI7TR, STM32WBA5MJGH6TR, STM32WBA62CGU6, STM32WBA62CIU6, STM32WBA62MGF6, STM32WBA62MIF6, STM32WBA62PGI6, STM32WBA62PII6, STM32WBA63CGU6, STM32WBA63CGU7, STM32WBA63CIU6, STM32WBA63CIU7, STM32WBA64CGU6, STM32WBA64CGU7, STM32WBA64CIU6, STM32WBA64CIU7, STM32WBA65CGU6, STM32WBA65CGU7, STM32WBA65CIU6, STM32WBA65CIU7, STM32WBA65I-DK1, STM32WBA65MGF6, STM32WBA65MGF7, STM32WBA65MIF6, STM32WBA65MIF7, STM32WBA65PGI6, STM32WBA65PGI7, STM32WBA65PII6, STM32WBA65PII7, STM32WBA65RGV6, STM32WBA65RGV7, STM32WBA65RIV6, STM32WBA65RIV7, STM32WL30K8V6, STM32WL30KBV6, STM32WL31C8V6, STM32WL31CBV6, STM32WL31K8V6, STM32WL31KBV6, STM32WL33C8V6, STM32WL33C8V6TR, STM32WL33C8V7, STM32WL33C8V7TR, STM32WL33CBV6, STM32WL33CBV6TR, STM32WL33CBV7, STM32WL33CBV7TR, STM32WL33CCV6, STM32WL33CCV6TR, STM32WL33CCV7, STM32WL33CCV7A, STM32WL33CCV7ATR, STM32WL33CCV7TR, STM32WL33K8V6, STM32WL33K8V6TR, STM32WL33K8V7, STM32WL33K8V7TR, STM32WL33KBV6, STM32WL33KBV6TR, STM32WL33KBV7, STM32WL33KBV7TR, STM32WL33KCV6, STM32WL33KCV6TR, STM32WL33KCV7, STM32WL33KCV7TR, STM32WL5MOCH6, STM32WL5MOCH6TR]
2025-09-11 06:07:24,523 [INFO] DbMcus:218 - Found 4747 MCUs, 4747 are supported
2025-09-11 06:07:24,524 [INFO] ApiDb:423 - Load user favorites file C:\Users\jaowe/.stm32cubeide/favorites.mcus.txt: 0 item(s)
2025-09-11 06:07:24,524 [INFO] ApiDb:427 - User favorites MCUs=[]
2025-09-11 06:07:24,524 [INFO] DbMcus:224 - Set 0 / 0 favorites MCUs
2025-09-11 06:07:24,995 [INFO] BoardInfo:889 - No configuration file found for board P-NUCLEO-WB55
2025-09-11 06:07:24,996 [INFO] DbBoards:161 - Kit is not supported: P-NUCLEO-WB55
2025-09-11 06:07:25,001 [INFO] BoardInfo:889 - No configuration file found for board STEVAL-BFA001V1B
2025-09-11 06:07:25,002 [INFO] DbBoards:161 - Kit is not supported: STEVAL-BFA001V1B
2025-09-11 06:07:25,003 [INFO] BoardInfo:889 - No configuration file found for board STEVAL-BFA001V2B
2025-09-11 06:07:25,004 [INFO] DbBoards:161 - Kit is not supported: STEVAL-BFA001V2B
2025-09-11 06:07:25,178 [INFO] DbBoards:168 - Found 211 boards, 208 are supported
2025-09-11 06:07:25,178 [INFO] DbBoards:169 - Found 211 boards, 43 of them is supported for  Bsp
2025-09-11 06:07:25,180 [INFO] ApiDb:423 - Load user favorites file C:\Users\jaowe/.stm32cubeide/favorites.boards.txt: 0 item(s)
2025-09-11 06:07:25,180 [INFO] ApiDb:427 - User favorites Boards=[]
2025-09-11 06:07:25,180 [INFO] DbBoards:198 - Set 0 / 0 favorites Boards
2025-09-11 06:07:25,244 [INFO] UtilMem:75 - End LoadConfig() Used Memory: 611284376 Bytes (1059061760)
2025-09-11 06:07:25,357 [WARN] ThirdParty:833 - waiting for thirdparty lock release [change project]
2025-09-11 06:07:25,357 [INFO] ThirdParty:835 - entering critical section [change project]
2025-09-11 06:07:25,357 [INFO] ThirdParty:1030 - CMSIS Pack Vendor :STMicroelectronics X-CUBE-PM33A1 1.0.0
2025-09-11 06:07:25,357 [INFO] ThirdParty:1030 - CMSIS Pack Vendor :STMicroelectronics USBPD 4.1
2025-09-11 06:07:25,357 [INFO] ThirdParty:1030 - CMSIS Pack Vendor :STMicroelectronics USB_HOST 2.0.0
2025-09-11 06:07:25,357 [INFO] ThirdParty:1030 - CMSIS Pack Vendor :STMicroelectronics FP-SNS-MOTENVWB1 1.4.0
2025-09-11 06:07:25,357 [INFO] ThirdParty:1030 - CMSIS Pack Vendor :STMicroelectronics X-CUBE-AZRTOS-F4 1.1.0
2025-09-11 06:07:25,357 [INFO] ThirdParty:1030 - CMSIS Pack Vendor :STMicroelectronics LIBJPEG 8.0.0
2025-09-11 06:07:25,357 [INFO] ThirdParty:1030 - CMSIS Pack Vendor :STMicroelectronics FP-ATR-ASTRA1 2.0.2
2025-09-11 06:07:25,357 [INFO] ThirdParty:1030 - CMSIS Pack Vendor :Avnet-IotConnect X-CUBE-IoTC-DA16k-PMOD 1.0.0
2025-09-11 06:07:25,358 [INFO] ThirdParty:1030 - CMSIS Pack Vendor :STMicroelectronics X-CUBE-SMBUS 2.1.0
2025-09-11 06:07:25,358 [INFO] ThirdParty:1030 - CMSIS Pack Vendor :STMicroelectronics X-CUBE-WB05N 1.1.0
2025-09-11 06:07:25,358 [INFO] ThirdParty:1030 - CMSIS Pack Vendor :STMicroelectronics X-CUBE-ISPU 2.1.0
2025-09-11 06:07:25,358 [INFO] ThirdParty:1030 - CMSIS Pack Vendor :STMicroelectronics X-CUBE-ST60 1.0.0
2025-09-11 06:07:25,358 [INFO] ThirdParty:1030 - CMSIS Pack Vendor :STMicroelectronics X-CUBE-NFC12 1.0.0
2025-09-11 06:07:25,358 [INFO] ThirdParty:1030 - CMSIS Pack Vendor :STMicroelectronics X-CUBE-AZRTOS-F7 1.1.0
2025-09-11 06:07:25,358 [INFO] ThirdParty:1030 - CMSIS Pack Vendor :STMicroelectronics X-CUBE-AZRTOS-L5 2.0.0
2025-09-11 06:07:25,358 [INFO] ThirdParty:1030 - CMSIS Pack Vendor :STMicroelectronics USB_DEVICE 2.0.0
2025-09-11 06:07:25,358 [INFO] ThirdParty:1030 - CMSIS Pack Vendor :STMicroelectronics X-CUBE-NFC6 3.1.0
2025-09-11 06:07:25,358 [INFO] ThirdParty:1030 - CMSIS Pack Vendor :STMicroelectronics FreeRTOS 0.0.1
2025-09-11 06:07:25,358 [INFO] ThirdParty:1030 - CMSIS Pack Vendor :STMicroelectronics X-CUBE-DPower 1.2.0
2025-09-11 06:07:25,358 [INFO] ThirdParty:1030 - CMSIS Pack Vendor :STMicroelectronics FP-SNS-FLIGHT1 5.0.2
2025-09-11 06:07:25,358 [INFO] ThirdParty:1030 - CMSIS Pack Vendor :Infineon AIROC-Wi-Fi-Bluetooth-STM32 1.7.0
2025-09-11 06:07:25,358 [INFO] ThirdParty:1030 - CMSIS Pack Vendor :STMicroelectronics PDM2PCM 3.3.0
2025-09-11 06:07:25,358 [INFO] ThirdParty:1030 - CMSIS Pack Vendor :STMicroelectronics X-CUBE-AZRTOS-H7 3.4.0
2025-09-11 06:07:25,358 [INFO] ThirdParty:1030 - CMSIS Pack Vendor :STMicroelectronics X-CUBE-DISPLAY 3.0.0
2025-09-11 06:07:25,358 [INFO] ThirdParty:1030 - CMSIS Pack Vendor :STMicroelectronics X-CUBE-BLE1 7.0.0
2025-09-11 06:07:25,358 [INFO] ThirdParty:1030 - CMSIS Pack Vendor :STMicroelectronics X-CUBE-NFC10 1.0.0
2025-09-11 06:07:25,358 [INFO] ThirdParty:1030 - CMSIS Pack Vendor :STMicroelectronics X-CUBE-BLEMGR 4.0.0
2025-09-11 06:07:25,358 [INFO] ThirdParty:1030 - CMSIS Pack Vendor :STMicroelectronics X-CUBE-FREERTOS 1.3.1
2025-09-11 06:07:25,358 [INFO] ThirdParty:1030 - CMSIS Pack Vendor :STMicroelectronics HAL Drivers 0.0.0
2025-09-11 06:07:25,358 [INFO] ThirdParty:1030 - CMSIS Pack Vendor :emotas I-CUBE-CANOPEN 1.3.0
2025-09-11 06:07:25,358 [INFO] ThirdParty:1030 - CMSIS Pack Vendor :STMicroelectronics X-CUBE-FREERTOS 1.3.0
2025-09-11 06:07:25,358 [INFO] ThirdParty:1030 - CMSIS Pack Vendor :STMicroelectronics X-CUBE-NFC7 1.0.1
2025-09-11 06:07:25,358 [INFO] ThirdParty:1030 - CMSIS Pack Vendor :STMicroelectronics MBEDTLS 2.14.1
2025-09-11 06:07:25,358 [INFO] ThirdParty:1030 - CMSIS Pack Vendor :STMicroelectronics X-CUBE-AI 10.0.0
2025-09-11 06:07:25,358 [INFO] ThirdParty:1030 - CMSIS Pack Vendor :STMicroelectronics FP-SNS-STAIOTCFT 1.0.0
2025-09-11 06:07:25,358 [INFO] ThirdParty:1030 - CMSIS Pack Vendor :STMicroelectronics FP-SNS-SMARTAG2 1.2.0
2025-09-11 06:07:25,358 [INFO] ThirdParty:1030 - CMSIS Pack Vendor :STMicroelectronics FP-SNS-FLIGHT1 5.1.0
2025-09-11 06:07:25,358 [INFO] ThirdParty:1030 - CMSIS Pack Vendor :STMicroelectronics X-CUBE-MEMS1 11.1.0
2025-09-11 06:07:25,358 [INFO] ThirdParty:1030 - CMSIS Pack Vendor :STMicroelectronics X-CUBE-AZRTOS-WL 2.0.0
2025-09-11 06:07:25,358 [INFO] ThirdParty:1030 - CMSIS Pack Vendor :STMicroelectronics X-CUBE-DPower 1.3.0
2025-09-11 06:07:25,358 [INFO] ThirdParty:1030 - CMSIS Pack Vendor :STMicroelectronics FP-SNS-MOTENV1 5.0.0
2025-09-11 06:07:25,358 [INFO] ThirdParty:1030 - CMSIS Pack Vendor :STMicroelectronics USB_DEVICE 1.0.0
2025-09-11 06:07:25,358 [INFO] ThirdParty:1030 - CMSIS Pack Vendor :STMicroelectronics X-CUBE-AZRTOS-L4 2.0.0
2025-09-11 06:07:25,358 [INFO] ThirdParty:1030 - CMSIS Pack Vendor :STMicroelectronics ThreadX 0.0.2
2025-09-11 06:07:25,358 [INFO] ThirdParty:1030 - CMSIS Pack Vendor :WES I-CUBE-Cesium 1.3.0
2025-09-11 06:07:25,358 [INFO] ThirdParty:1030 - CMSIS Pack Vendor :STMicroelectronics lwIP 2.1.2
2025-09-11 06:07:25,358 [INFO] ThirdParty:1030 - CMSIS Pack Vendor :STMicroelectronics X-CUBE-SFXS2LP1 4.0.0
2025-09-11 06:07:25,359 [INFO] ThirdParty:1030 - CMSIS Pack Vendor :STMicroelectronics X-CUBE-BLE2 3.3.0
2025-09-11 06:07:25,359 [INFO] ThirdParty:1030 - CMSIS Pack Vendor :STMicroelectronics PDM2PCM 3.2.0
2025-09-11 06:07:25,359 [INFO] ThirdParty:1030 - CMSIS Pack Vendor :STMicroelectronics X-CUBE-AZRTOS-H7 3.3.0
2025-09-11 06:07:25,359 [INFO] ThirdParty:1030 - CMSIS Pack Vendor :STMicroelectronics X-CUBE-NFC9 1.0.0
2025-09-11 06:07:25,359 [INFO] ThirdParty:1030 - CMSIS Pack Vendor :STMicroelectronics X-CUBE-BLE1 7.1.0
2025-09-11 06:07:25,359 [INFO] ThirdParty:1030 - CMSIS Pack Vendor :wolfSSL I-CUBE-wolfMQTT 1.19.2
2025-09-11 06:07:25,359 [INFO] ThirdParty:1030 - CMSIS Pack Vendor :STMicroelectronics USB_DEVICE 3.0.0
2025-09-11 06:07:25,359 [INFO] ThirdParty:1030 - CMSIS Pack Vendor :STMicroelectronics X-CUBE-EEPRMA1 5.2.0
2025-09-11 06:07:25,359 [INFO] ThirdParty:1030 - CMSIS Pack Vendor :STMicroelectronics X-CUBE-BLEMGR 4.1.0
2025-09-11 06:07:25,359 [INFO] ThirdParty:1030 - CMSIS Pack Vendor :STMicroelectronics X-CUBE-AZRTOS-WB 2.0.0
2025-09-11 06:07:25,359 [INFO] ThirdParty:1030 - CMSIS Pack Vendor :STMicroelectronics X-CUBE-GNSS1 7.0.1
2025-09-11 06:07:25,359 [INFO] ThirdParty:1030 - CMSIS Pack Vendor :STMicroelectronics X-CUBE-TOUCHGFX 4.25.0
2025-09-11 06:07:25,359 [INFO] ThirdParty:1030 - CMSIS Pack Vendor :STMicroelectronics X-CUBE-AI 10.1.0
2025-09-11 06:07:25,359 [INFO] ThirdParty:1030 - CMSIS Pack Vendor :STMicroelectronics FP-SNS-STBOX1 2.0.0
2025-09-11 06:07:25,359 [INFO] ThirdParty:1030 - CMSIS Pack Vendor :STMicroelectronics X-CUBE-MEMS1 11.2.0
2025-09-11 06:07:25,359 [INFO] ThirdParty:1030 - CMSIS Pack Vendor :STMicroelectronics X-CUBE-AZRTOS-G0 1.1.0
2025-09-11 06:07:25,359 [INFO] ThirdParty:1030 - CMSIS Pack Vendor :STMicroelectronics X-CUBE-SAFEA1 1.2.2
2025-09-11 06:07:25,359 [INFO] ThirdParty:1030 - CMSIS Pack Vendor :STMicroelectronics X-CUBE-NFC4 3.0.0
2025-09-11 06:07:25,359 [INFO] ThirdParty:1030 - CMSIS Pack Vendor :STMicroelectronics X-CUBE-SUBG2 5.0.0
2025-09-11 06:07:25,359 [INFO] ThirdParty:1030 - CMSIS Pack Vendor :STMicroelectronics X-CUBE-AZRTOS-H7RS 1.1.0
2025-09-11 06:07:25,359 [INFO] ThirdParty:1030 - CMSIS Pack Vendor :STMicroelectronics STM32_WPAN 1.0.0
2025-09-11 06:07:25,359 [INFO] ThirdParty:1030 - CMSIS Pack Vendor :EmbeddedOffice I-CUBE-FS-RTOS 1.0.1
2025-09-11 06:07:25,359 [INFO] ThirdParty:1030 - CMSIS Pack Vendor :STMicroelectronics lwIP 2.0.3
2025-09-11 06:07:25,359 [INFO] ThirdParty:1030 - CMSIS Pack Vendor :Cesanta I-CUBE-Mongoose 7.13.0
2025-09-11 06:07:25,359 [INFO] ThirdParty:1030 - CMSIS Pack Vendor :STMicroelectronics USB_HOST 1.0.0
2025-09-11 06:07:25,359 [INFO] ThirdParty:1030 - CMSIS Pack Vendor :STMicroelectronics X-CUBE-AZRTOS-G4 2.0.0
2025-09-11 06:07:25,359 [INFO] ThirdParty:1030 - CMSIS Pack Vendor :STMicroelectronics X-CUBE-WB05N 2.0.0
2025-09-11 06:07:25,359 [INFO] ThirdParty:1030 - CMSIS Pack Vendor :STMicroelectronics PDM2PCM 3.1.0
2025-09-11 06:07:25,359 [INFO] ThirdParty:1030 - CMSIS Pack Vendor :wolfSSL I-CUBE-wolfTPM 3.8.0
2025-09-11 06:07:25,359 [INFO] ThirdParty:1030 - CMSIS Pack Vendor :wolfSSL I-CUBE-wolfSSH 1.4.20
2025-09-11 06:07:25,359 [INFO] ThirdParty:1030 - CMSIS Pack Vendor :STMicroelectronics X-CUBE-NFC7 2.0.0
2025-09-11 06:07:25,359 [INFO] ThirdParty:1030 - CMSIS Pack Vendor :STMicroelectronics X-CUBE-TCPP 4.2.0
2025-09-11 06:07:25,359 [INFO] ThirdParty:1030 - CMSIS Pack Vendor :RealThread X-CUBE-RT-Thread_Nano 4.1.1
2025-09-11 06:07:25,359 [INFO] ThirdParty:1030 - CMSIS Pack Vendor :STMicroelectronics FP-ATR-SIGFOX1 3.2.0
2025-09-11 06:07:25,359 [INFO] ThirdParty:1030 - CMSIS Pack Vendor :quantropi X-CUBE-qispace-sdk-base 1.9.3
2025-09-11 06:07:25,360 [INFO] ThirdParty:1030 - CMSIS Pack Vendor :STMicroelectronics X-CUBE-EEPRMA1 5.1.0
2025-09-11 06:07:25,360 [INFO] ThirdParty:1030 - CMSIS Pack Vendor :STMicroelectronics MBEDTLS 2.16.2
2025-09-11 06:07:25,360 [INFO] ThirdParty:1030 - CMSIS Pack Vendor :STMicroelectronics X-CUBE-IPS 3.1.0
2025-09-11 06:07:25,360 [INFO] ThirdParty:1030 - CMSIS Pack Vendor :STMicroelectronics X-CUBE-ALS 1.0.2
2025-09-11 06:07:25,360 [INFO] ThirdParty:1030 - CMSIS Pack Vendor :wolfSSL I-CUBE-wolfSSL 5.7.6
2025-09-11 06:07:25,360 [INFO] ThirdParty:1030 - CMSIS Pack Vendor :ITTIA_DB I-CUBE-ITTIADB 8.9.0
2025-09-11 06:07:25,360 [INFO] ThirdParty:1030 - CMSIS Pack Vendor :STMicroelectronics X-CUBE-TOUCHGFX 4.24.2
2025-09-11 06:07:25,360 [INFO] ThirdParty:1030 - CMSIS Pack Vendor :STMicroelectronics X-CUBE-STSE01 1.0.0
2025-09-11 06:07:25,360 [INFO] ThirdParty:1030 - CMSIS Pack Vendor :portGmbH I-Cube-SoM-uGOAL 1.1.0
2025-09-11 06:07:25,360 [INFO] ThirdParty:1030 - CMSIS Pack Vendor :STMicroelectronics X-CUBE-ST67W61 1.0.0
2025-09-11 06:07:25,360 [INFO] ThirdParty:1030 - CMSIS Pack Vendor :STMicroelectronics X-CUBE-AI 10.2.0
2025-09-11 06:07:25,360 [INFO] ThirdParty:1030 - CMSIS Pack Vendor :STMicroelectronics ThreadX 1.0.0
2025-09-11 06:07:25,360 [INFO] ThirdParty:1030 - CMSIS Pack Vendor :SEGGER I-CUBE-embOS 1.3.1
2025-09-11 06:07:25,360 [INFO] ThirdParty:1030 - CMSIS Pack Vendor :STMicroelectronics X-CUBE-ALGOBUILD 1.4.0
2025-09-11 06:07:25,360 [INFO] ThirdParty:1030 - CMSIS Pack Vendor :STMicroelectronics X-CUBE-MEMS1 11.3.0
2025-09-11 06:07:25,360 [INFO] ThirdParty:1030 - CMSIS Pack Vendor :STMicroelectronics X-CUBE-AZRTOS-H7RS 1.0.0
2025-09-11 06:07:25,360 [INFO] ThirdParty:1030 - CMSIS Pack Vendor :STMicroelectronics X-CUBE-TOF1 3.4.2
2025-09-11 06:07:25,360 [INFO] ThirdParty:1030 - CMSIS Pack Vendor :STMicroelectronics X-CUBE-TOF1 3.4.3
2025-09-11 06:07:25,360 [INFO] ThirdParty:841 - exiting critical section [change project]
2025-09-11 06:07:25,595 [ERROR] LogOutputStream:75 - [STDERR_REDIRECT] Exception in thread "AWT-EventQueue-0" java.lang.ArrayIndexOutOfBoundsException: 0 >= 0
2025-09-11 06:07:25,596 [ERROR] LogOutputStream:75 - [STDERR_REDIRECT] 	at java.base/java.util.Vector.elementAt(Vector.java:466)
2025-09-11 06:07:25,597 [ERROR] LogOutputStream:75 - [STDERR_REDIRECT] 	at java.desktop/javax.swing.table.DefaultTableColumnModel.getColumn(DefaultTableColumnModel.java:298)
2025-09-11 06:07:25,598 [ERROR] LogOutputStream:75 - [STDERR_REDIRECT] 	at java.desktop/javax.swing.JTable.getCellRect(JTable.java:3018)
2025-09-11 06:07:25,598 [ERROR] LogOutputStream:75 - [STDERR_REDIRECT] 	at java.desktop/javax.swing.plaf.basic.BasicTableUI.createTableSize(BasicTableUI.java:1745)
2025-09-11 06:07:25,599 [ERROR] LogOutputStream:75 - [STDERR_REDIRECT] 	at java.desktop/javax.swing.plaf.basic.BasicTableUI.getPreferredSize(BasicTableUI.java:1784)
2025-09-11 06:07:25,601 [ERROR] LogOutputStream:75 - [STDERR_REDIRECT] 	at java.desktop/javax.swing.JComponent.getPreferredSize(JComponent.java:1734)
2025-09-11 06:07:25,602 [ERROR] LogOutputStream:75 - [STDERR_REDIRECT] 	at java.desktop/javax.swing.ScrollPaneLayout.preferredLayoutSize(ScrollPaneLayout.java:503)
2025-09-11 06:07:25,602 [ERROR] LogOutputStream:75 - [STDERR_REDIRECT] 	at java.desktop/java.awt.Container.preferredSize(Container.java:1826)
2025-09-11 06:07:25,603 [ERROR] LogOutputStream:75 - [STDERR_REDIRECT] 	at java.desktop/java.awt.Container.getPreferredSize(Container.java:1810)
2025-09-11 06:07:25,604 [ERROR] LogOutputStream:75 - [STDERR_REDIRECT] 	at java.desktop/javax.swing.JComponent.getPreferredSize(JComponent.java:1736)
2025-09-11 06:07:25,605 [ERROR] LogOutputStream:75 - [STDERR_REDIRECT] 	at org.jdesktop.swingx.VerticalLayout.preferredLayoutSize(VerticalLayout.java:80)
2025-09-11 06:07:25,605 [ERROR] LogOutputStream:75 - [STDERR_REDIRECT] 	at java.desktop/java.awt.Container.preferredSize(Container.java:1826)
2025-09-11 06:07:25,606 [ERROR] LogOutputStream:75 - [STDERR_REDIRECT] 	at java.desktop/java.awt.Container.getPreferredSize(Container.java:1810)
2025-09-11 06:07:25,607 [ERROR] LogOutputStream:75 - [STDERR_REDIRECT] 	at java.desktop/javax.swing.JComponent.getPreferredSize(JComponent.java:1736)
2025-09-11 06:07:25,608 [ERROR] LogOutputStream:75 - [STDERR_REDIRECT] 	at org.jdesktop.swingx.JXCollapsiblePane$AnimationListener.actionPerformed(JXCollapsiblePane.java:817)
2025-09-11 06:07:25,608 [ERROR] LogOutputStream:75 - [STDERR_REDIRECT] 	at java.desktop/javax.swing.Timer.fireActionPerformed(Timer.java:311)
2025-09-11 06:07:25,609 [ERROR] LogOutputStream:75 - [STDERR_REDIRECT] 	at java.desktop/javax.swing.Timer$DoPostEvent.run(Timer.java:243)
2025-09-11 06:07:25,610 [ERROR] LogOutputStream:75 - [STDERR_REDIRECT] 	at java.desktop/java.awt.event.InvocationEvent.dispatch(InvocationEvent.java:318)
2025-09-11 06:07:25,611 [ERROR] LogOutputStream:75 - [STDERR_REDIRECT] 	at java.desktop/java.awt.EventQueue.dispatchEventImpl(EventQueue.java:773)
2025-09-11 06:07:25,612 [ERROR] LogOutputStream:75 - [STDERR_REDIRECT] 	at java.desktop/java.awt.EventQueue$4.run(EventQueue.java:720)
2025-09-11 06:07:25,612 [ERROR] LogOutputStream:75 - [STDERR_REDIRECT] 	at java.desktop/java.awt.EventQueue$4.run(EventQueue.java:714)
2025-09-11 06:07:25,613 [ERROR] LogOutputStream:75 - [STDERR_REDIRECT] 	at java.base/java.security.AccessController.doPrivileged(AccessController.java:400)
2025-09-11 06:07:25,614 [ERROR] LogOutputStream:75 - [STDERR_REDIRECT] 	at java.base/java.security.ProtectionDomain$JavaSecurityAccessImpl.doIntersectionPrivilege(ProtectionDomain.java:87)
2025-09-11 06:07:25,615 [ERROR] LogOutputStream:75 - [STDERR_REDIRECT] 	at java.desktop/java.awt.EventQueue.dispatchEvent(EventQueue.java:742)
2025-09-11 06:07:25,616 [ERROR] LogOutputStream:75 - [STDERR_REDIRECT] 	at java.desktop/java.awt.EventDispatchThread.pumpOneEventForFilters(EventDispatchThread.java:203)
2025-09-11 06:07:25,617 [ERROR] LogOutputStream:75 - [STDERR_REDIRECT] 	at java.desktop/java.awt.EventDispatchThread.pumpEventsForFilter(EventDispatchThread.java:124)
2025-09-11 06:07:25,618 [ERROR] LogOutputStream:75 - [STDERR_REDIRECT] 	at java.desktop/java.awt.EventDispatchThread.pumpEventsForFilter(EventDispatchThread.java:117)
2025-09-11 06:07:25,619 [ERROR] LogOutputStream:75 - [STDERR_REDIRECT] 	at java.desktop/java.awt.WaitDispatchSupport$2.run(WaitDispatchSupport.java:191)
2025-09-11 06:07:25,619 [INFO] PinOutPanel:1589 - setPackage(No Configuration,No Configuration)
2025-09-11 06:07:25,620 [ERROR] LogOutputStream:75 - [STDERR_REDIRECT] 	at java.desktop/java.awt.WaitDispatchSupport$4.run(WaitDispatchSupport.java:236)
2025-09-11 06:07:25,620 [INFO] PinOutPanel:1589 - setPackage(STM32WB55RGVx,VFQFPN68)
2025-09-11 06:07:25,620 [ERROR] LogOutputStream:75 - [STDERR_REDIRECT] 	at java.desktop/java.awt.WaitDispatchSupport$4.run(WaitDispatchSupport.java:234)
2025-09-11 06:07:25,621 [ERROR] LogOutputStream:75 - [STDERR_REDIRECT] 	at java.base/java.security.AccessController.doPrivileged(AccessController.java:319)
2025-09-11 06:07:25,622 [ERROR] LogOutputStream:75 - [STDERR_REDIRECT] 	at java.desktop/java.awt.WaitDispatchSupport.enter(WaitDispatchSupport.java:234)
2025-09-11 06:07:25,622 [ERROR] LogOutputStream:75 - [STDERR_REDIRECT] 	at java.desktop/java.awt.Dialog.show(Dialog.java:1079)
2025-09-11 06:07:25,623 [ERROR] LogOutputStream:75 - [STDERR_REDIRECT] 	at java.desktop/java.awt.Component.show(Component.java:1728)
2025-09-11 06:07:25,623 [ERROR] LogOutputStream:75 - [STDERR_REDIRECT] 	at java.desktop/java.awt.Component.setVisible(Component.java:1675)
2025-09-11 06:07:25,624 [ERROR] LogOutputStream:75 - [STDERR_REDIRECT] 	at java.desktop/java.awt.Window.setVisible(Window.java:1036)
2025-09-11 06:07:25,625 [ERROR] LogOutputStream:75 - [STDERR_REDIRECT] 	at java.desktop/java.awt.Dialog.setVisible(Dialog.java:1015)
2025-09-11 06:07:25,626 [ERROR] LogOutputStream:75 - [STDERR_REDIRECT] 	at com.st.microxplorer.util.ProcessBarDialog.doAction(ProcessBarDialog.java:173)
2025-09-11 06:07:25,626 [ERROR] LogOutputStream:75 - [STDERR_REDIRECT] 	at com.st.microxplorer.mxsystem.MxSystem.completeLoadConfig(MxSystem.java:828)
2025-09-11 06:07:25,627 [ERROR] LogOutputStream:75 - [STDERR_REDIRECT] 	at com.st.microxplorer.plugins.filemanager.engine.OpenFileManager.LoadConfig(OpenFileManager.java:377)
2025-09-11 06:07:25,628 [ERROR] LogOutputStream:75 - [STDERR_REDIRECT] 	at com.st.microxplorer.plugins.filemanager.engine.OpenFileManager.loadConfigurationFile(OpenFileManager.java:291)
2025-09-11 06:07:25,629 [ERROR] LogOutputStream:75 - [STDERR_REDIRECT] 	at com.st.microxplorer.plugins.filemanager.engine.MainFileManager.userLoadConfig(MainFileManager.java:341)
2025-09-11 06:07:25,630 [ERROR] LogOutputStream:75 - [STDERR_REDIRECT] 	at com.st.microxplorer.plugins.filemanager.engine.MainFileManager.userLoadConfig(MainFileManager.java:319)
2025-09-11 06:07:25,631 [ERROR] LogOutputStream:75 - [STDERR_REDIRECT] 	at com.st.microxplorer.plugins.filemanager.FileManagerView.getSpecificTask(FileManagerView.java:246)
2025-09-11 06:07:25,632 [ERROR] LogOutputStream:75 - [STDERR_REDIRECT] 	at com.st.stm32cube.common.mx.editor.CubeMxEditor.getMxTabbedPaneInstance(CubeMxEditor.java:1198)
2025-09-11 06:07:25,634 [ERROR] LogOutputStream:75 - [STDERR_REDIRECT] 	at com.st.stm32cube.common.mx.editor.CubeMxEditor$12$1.createSwingComponent(CubeMxEditor.java:1068)
2025-09-11 06:07:25,635 [ERROR] LogOutputStream:75 - [STDERR_REDIRECT] 	at com.st.stm32cube.common.mx.oss.core.awtswtbridge.EmbeddedSwingComposite.doComponentCreation(EmbeddedSwingComposite.java:492)
2025-09-11 06:07:25,636 [ERROR] LogOutputStream:75 - [STDERR_REDIRECT] 	at com.st.stm32cube.common.mx.oss.core.awtswtbridge.EmbeddedSwingComposite$4.run(EmbeddedSwingComposite.java:291)
2025-09-11 06:07:25,637 [ERROR] LogOutputStream:75 - [STDERR_REDIRECT] 	at com.st.stm32cube.common.mx.oss.core.awtswtbridge.AwtEnvironment$2.run(AwtEnvironment.java:166)
2025-09-11 06:07:25,638 [ERROR] LogOutputStream:75 - [STDERR_REDIRECT] 	at java.desktop/java.awt.event.InvocationEvent.dispatch(InvocationEvent.java:318)
2025-09-11 06:07:25,639 [ERROR] LogOutputStream:75 - [STDERR_REDIRECT] 	at java.desktop/java.awt.EventQueue.dispatchEventImpl(EventQueue.java:773)
2025-09-11 06:07:25,639 [ERROR] LogOutputStream:75 - [STDERR_REDIRECT] 	at java.desktop/java.awt.EventQueue$4.run(EventQueue.java:720)
2025-09-11 06:07:25,640 [ERROR] LogOutputStream:75 - [STDERR_REDIRECT] 	at java.desktop/java.awt.EventQueue$4.run(EventQueue.java:714)
2025-09-11 06:07:25,641 [ERROR] LogOutputStream:75 - [STDERR_REDIRECT] 	at java.base/java.security.AccessController.doPrivileged(AccessController.java:400)
2025-09-11 06:07:25,642 [ERROR] LogOutputStream:75 - [STDERR_REDIRECT] 	at java.base/java.security.ProtectionDomain$JavaSecurityAccessImpl.doIntersectionPrivilege(ProtectionDomain.java:87)
2025-09-11 06:07:25,643 [ERROR] LogOutputStream:75 - [STDERR_REDIRECT] 	at java.desktop/java.awt.EventQueue.dispatchEvent(EventQueue.java:742)
2025-09-11 06:07:25,644 [ERROR] LogOutputStream:75 - [STDERR_REDIRECT] 	at java.desktop/java.awt.EventDispatchThread.pumpOneEventForFilters(EventDispatchThread.java:203)
2025-09-11 06:07:25,644 [ERROR] LogOutputStream:75 - [STDERR_REDIRECT] 	at java.desktop/java.awt.EventDispatchThread.pumpEventsForFilter(EventDispatchThread.java:124)
2025-09-11 06:07:25,645 [ERROR] LogOutputStream:75 - [STDERR_REDIRECT] 	at java.desktop/java.awt.EventDispatchThread.pumpEventsForHierarchy(EventDispatchThread.java:113)
2025-09-11 06:07:25,646 [ERROR] LogOutputStream:75 - [STDERR_REDIRECT] 	at java.desktop/java.awt.EventDispatchThread.pumpEvents(EventDispatchThread.java:109)
2025-09-11 06:07:25,647 [ERROR] LogOutputStream:75 - [STDERR_REDIRECT] 	at java.desktop/java.awt.EventDispatchThread.pumpEvents(EventDispatchThread.java:101)
2025-09-11 06:07:25,648 [ERROR] LogOutputStream:75 - [STDERR_REDIRECT] 	at java.desktop/java.awt.EventDispatchThread.run(EventDispatchThread.java:90)
2025-09-11 06:07:25,979 [INFO] UtilMem:75 - Before build in PCC Used Memory: 827394312 Bytes (1059061760)
2025-09-11 06:07:26,600 [INFO] LogOutputStream:77 - [STDOUT_REDIRECT] Sleepy End Device Min <200 3.3
2025-09-11 06:07:26,601 [INFO] LogOutputStream:77 - [STDOUT_REDIRECT] Sleepy End Device Min <200 3.3
2025-09-11 06:07:26,601 [INFO] LogOutputStream:77 - [STDOUT_REDIRECT] Sleepy End Device Min <200 3.3
2025-09-11 06:07:26,602 [INFO] LogOutputStream:77 - [STDOUT_REDIRECT] Sleepy End Device Min <200 3.3
2025-09-11 06:07:26,602 [INFO] LogOutputStream:77 - [STDOUT_REDIRECT] Sleepy End Device Min <200 3.3
2025-09-11 06:07:26,613 [INFO] LogOutputStream:77 - [STDOUT_REDIRECT] Sleepy End Device Min <200 3.3
2025-09-11 06:07:26,613 [INFO] LogOutputStream:77 - [STDOUT_REDIRECT] Sleepy End Device Min <200 3.3
2025-09-11 06:07:26,613 [INFO] LogOutputStream:77 - [STDOUT_REDIRECT] Sleepy End Device Min <200 3.3
2025-09-11 06:07:26,614 [INFO] LogOutputStream:77 - [STDOUT_REDIRECT] Sleepy End Device Min <200 3.3
2025-09-11 06:07:26,614 [INFO] LogOutputStream:77 - [STDOUT_REDIRECT] Sleepy End Device Min <200 3.3
2025-09-11 06:07:26,615 [INFO] LogOutputStream:77 - [STDOUT_REDIRECT] Sleepy End Device Min <200 3.3
2025-09-11 06:07:26,616 [INFO] LogOutputStream:77 - [STDOUT_REDIRECT] Sleepy End Device Min <200 3.3
2025-09-11 06:07:26,616 [INFO] LogOutputStream:77 - [STDOUT_REDIRECT] Sleepy End Device Min <200 3.3
2025-09-11 06:07:26,617 [INFO] LogOutputStream:77 - [STDOUT_REDIRECT] Sleepy End Device Min <200 3.3
2025-09-11 06:07:26,617 [INFO] LogOutputStream:77 - [STDOUT_REDIRECT] Sleepy End Device Min <200 3.3
2025-09-11 06:07:26,618 [INFO] LogOutputStream:77 - [STDOUT_REDIRECT] Sleepy End Device Min <200 3.3
2025-09-11 06:07:26,618 [INFO] LogOutputStream:77 - [STDOUT_REDIRECT] Sleepy End Device Min <200 3.3
2025-09-11 06:07:26,619 [INFO] LogOutputStream:77 - [STDOUT_REDIRECT] Sleepy End Device Min <200 3.3
2025-09-11 06:07:26,619 [INFO] LogOutputStream:77 - [STDOUT_REDIRECT] Sleepy End Device Min <200 3.3
2025-09-11 06:07:26,619 [INFO] LogOutputStream:77 - [STDOUT_REDIRECT] Sleepy End Device Min <200 3.3
2025-09-11 06:07:26,620 [INFO] LogOutputStream:77 - [STDOUT_REDIRECT] Sleepy End Device Min <200 3.3
2025-09-11 06:07:26,621 [INFO] LogOutputStream:77 - [STDOUT_REDIRECT] Sleepy End Device Min <200 3.3
2025-09-11 06:07:26,621 [INFO] LogOutputStream:77 - [STDOUT_REDIRECT] Sleepy End Device Min <200 3.3
2025-09-11 06:07:26,621 [INFO] LogOutputStream:77 - [STDOUT_REDIRECT] Sleepy End Device Min <200 3.3
2025-09-11 06:07:26,622 [INFO] LogOutputStream:77 - [STDOUT_REDIRECT] Sleepy End Device Min <200 3.3
2025-09-11 06:07:26,623 [INFO] LogOutputStream:77 - [STDOUT_REDIRECT] Sleepy End Device Min <200 3.3
2025-09-11 06:07:26,623 [INFO] LogOutputStream:77 - [STDOUT_REDIRECT] Sleepy End Device Min <200 3.3
2025-09-11 06:07:26,623 [INFO] LogOutputStream:77 - [STDOUT_REDIRECT] Sleepy End Device Min <200 3.3
2025-09-11 06:07:26,624 [INFO] LogOutputStream:77 - [STDOUT_REDIRECT] Sleepy End Device Min <200 3.3
2025-09-11 06:07:26,624 [INFO] LogOutputStream:77 - [STDOUT_REDIRECT] Sleepy End Device Min <200 3.3
2025-09-11 06:07:26,836 [INFO] LogOutputStream:77 - [STDOUT_REDIRECT] Sleepy End Device Min <200 3.3
2025-09-11 06:07:26,836 [INFO] LogOutputStream:77 - [STDOUT_REDIRECT] Sleepy End Device Min <200 3.3
2025-09-11 06:07:26,837 [INFO] LogOutputStream:77 - [STDOUT_REDIRECT] Sleepy End Device Min <200 3.3
2025-09-11 06:07:26,837 [INFO] LogOutputStream:77 - [STDOUT_REDIRECT] Sleepy End Device Min <200 3.3
2025-09-11 06:07:26,837 [INFO] LogOutputStream:77 - [STDOUT_REDIRECT] Sleepy End Device Min <200 3.3
2025-09-11 06:07:27,048 [INFO] UtilMem:75 - After build in PCC Used Memory: 615514112 Bytes (1059061760)
2025-09-11 06:07:27,147 [INFO] ApiDbMcu:508 - Load IP Config File for STM32_WPAN
2025-09-11 06:07:27,157 [INFO] ApiDbMcu:508 - Load IP Config File for USB_DEVICE
2025-09-11 06:07:27,180 [INFO] IPUIPlugin:80 - create IPUIPlugin
2025-09-11 06:07:27,180 [INFO] IPUIPlugin:80 - create IPUIPlugin
2025-09-11 06:07:27,180 [INFO] IPUIPlugin:80 - create IPUIPlugin
2025-09-11 06:07:27,180 [INFO] IPUIPlugin:80 - create IPUIPlugin
2025-09-11 06:07:27,180 [INFO] IPUIPlugin:80 - create IPUIPlugin
2025-09-11 06:07:27,180 [INFO] IPUIPlugin:80 - create IPUIPlugin
2025-09-11 06:07:27,180 [INFO] IPUIPlugin:80 - create IPUIPlugin
2025-09-11 06:07:27,180 [INFO] IPUIPlugin:80 - create IPUIPlugin
2025-09-11 06:07:27,180 [INFO] IPUIPlugin:80 - create IPUIPlugin
2025-09-11 06:07:27,180 [INFO] IPUIPlugin:80 - create IPUIPlugin
2025-09-11 06:07:27,180 [INFO] IPUIPlugin:80 - create IPUIPlugin
2025-09-11 06:07:27,181 [INFO] IPUIPlugin:80 - create IPUIPlugin
2025-09-11 06:07:27,181 [INFO] IPUIPlugin:80 - create IPUIPlugin
2025-09-11 06:07:27,181 [INFO] IPUIPlugin:80 - create IPUIPlugin
2025-09-11 06:07:27,181 [INFO] IPUIPlugin:80 - create IPUIPlugin
2025-09-11 06:07:27,181 [INFO] IPUIPlugin:80 - create IPUIPlugin
2025-09-11 06:07:27,181 [INFO] IPUIPlugin:80 - create IPUIPlugin
2025-09-11 06:07:27,181 [INFO] IPUIPlugin:80 - create IPUIPlugin
2025-09-11 06:07:27,181 [INFO] IPUIPlugin:80 - create IPUIPlugin
2025-09-11 06:07:27,181 [INFO] IPUIPlugin:80 - create IPUIPlugin
2025-09-11 06:07:27,182 [INFO] IPUIPlugin:80 - create IPUIPlugin
2025-09-11 06:07:27,182 [INFO] IPUIPlugin:80 - create IPUIPlugin
2025-09-11 06:07:27,182 [INFO] IPUIPlugin:80 - create IPUIPlugin
2025-09-11 06:07:27,182 [INFO] IPUIPlugin:80 - create IPUIPlugin
2025-09-11 06:07:27,182 [INFO] IPUIPlugin:80 - create IPUIPlugin
2025-09-11 06:07:27,182 [INFO] IPUIPlugin:80 - create IPUIPlugin
2025-09-11 06:07:27,182 [INFO] IPUIPlugin:80 - create IPUIPlugin
2025-09-11 06:07:27,182 [INFO] IPUIPlugin:80 - create IPUIPlugin
2025-09-11 06:07:27,182 [INFO] IPUIPlugin:80 - create IPUIPlugin
2025-09-11 06:07:27,183 [INFO] IPUIPlugin:80 - create IPUIPlugin
2025-09-11 06:07:27,183 [INFO] IPUIPlugin:80 - create IPUIPlugin
2025-09-11 06:07:27,183 [INFO] IPUIPlugin:80 - create IPUIPlugin
2025-09-11 06:07:27,183 [INFO] IPUIPlugin:80 - create IPUIPlugin
2025-09-11 06:07:27,184 [INFO] IPUIPlugin:80 - create IPUIPlugin
2025-09-11 06:07:27,184 [INFO] IPUIPlugin:80 - create IPUIPlugin
2025-09-11 06:07:27,184 [INFO] IPUIPlugin:80 - create IPUIPlugin
2025-09-11 06:07:27,184 [INFO] IPUIPlugin:80 - create IPUIPlugin
2025-09-11 06:07:27,184 [INFO] IPUIPlugin:80 - create IPUIPlugin
2025-09-11 06:07:27,184 [INFO] IPUIPlugin:80 - create IPUIPlugin
2025-09-11 06:07:27,185 [INFO] IPUIPlugin:80 - create IPUIPlugin
2025-09-11 06:07:27,185 [INFO] IPUIPlugin:80 - create IPUIPlugin
2025-09-11 06:07:27,185 [INFO] IPUIPlugin:80 - create IPUIPlugin
2025-09-11 06:07:27,185 [INFO] IPUIPlugin:80 - create IPUIPlugin
2025-09-11 06:07:27,185 [INFO] IPUIPlugin:80 - create IPUIPlugin
2025-09-11 06:07:27,185 [INFO] IPUIPlugin:80 - create IPUIPlugin
2025-09-11 06:07:27,244 [WARN] IP:2250 - SERVICE2_UUID not found: check if there is a RefParameter without a condition.
2025-09-11 06:07:27,247 [WARN] IP:2250 - SERVICE3_UUID not found: check if there is a RefParameter without a condition.
2025-09-11 06:07:27,251 [WARN] IP:2250 - SERVICE4_UUID not found: check if there is a RefParameter without a condition.
2025-09-11 06:07:27,254 [WARN] IP:2250 - SERVICE5_UUID not found: check if there is a RefParameter without a condition.
2025-09-11 06:07:27,459 [INFO] CADModel:165 - CPN selected for project levelSTM32WB55RGV6
2025-09-11 06:07:27,459 [INFO] CADModel:114 - Register for checkConnection events
2025-09-11 06:07:27,509 [INFO] OpenFileManager:385 - Restore cursor
2025-09-11 06:07:27,677 [WARN] IP:2250 - SERVICE2_UUID not found: check if there is a RefParameter without a condition.
2025-09-11 06:07:27,679 [WARN] IP:2250 - SERVICE3_UUID not found: check if there is a RefParameter without a condition.
2025-09-11 06:07:27,681 [WARN] IP:2250 - SERVICE4_UUID not found: check if there is a RefParameter without a condition.
2025-09-11 06:07:27,684 [WARN] IP:2250 - SERVICE5_UUID not found: check if there is a RefParameter without a condition.
2025-09-11 06:07:27,770 [WARN] IpParametersView:155 - Warning: This peripheral hasn't parameters
2025-09-11 06:07:43,648 [WARN] IP:2250 - SERVICE2_UUID not found: check if there is a RefParameter without a condition.
2025-09-11 06:07:43,652 [WARN] IP:2250 - SERVICE3_UUID not found: check if there is a RefParameter without a condition.
2025-09-11 06:07:43,654 [WARN] IP:2250 - SERVICE4_UUID not found: check if there is a RefParameter without a condition.
2025-09-11 06:07:43,667 [WARN] IP:2250 - SERVICE5_UUID not found: check if there is a RefParameter without a condition.
2025-09-11 06:07:43,762 [WARN] IP:2250 - SERVICE2_UUID not found: check if there is a RefParameter without a condition.
2025-09-11 06:07:43,765 [WARN] IP:2250 - SERVICE3_UUID not found: check if there is a RefParameter without a condition.
2025-09-11 06:07:43,768 [WARN] IP:2250 - SERVICE4_UUID not found: check if there is a RefParameter without a condition.
2025-09-11 06:07:43,770 [WARN] IP:2250 - SERVICE5_UUID not found: check if there is a RefParameter without a condition.
2025-09-11 06:07:43,889 [WARN] IP:2250 - SERVICE2_UUID not found: check if there is a RefParameter without a condition.
2025-09-11 06:07:43,891 [WARN] IP:2250 - SERVICE3_UUID not found: check if there is a RefParameter without a condition.
2025-09-11 06:07:43,893 [WARN] IP:2250 - SERVICE4_UUID not found: check if there is a RefParameter without a condition.
2025-09-11 06:07:43,895 [WARN] IP:2250 - SERVICE5_UUID not found: check if there is a RefParameter without a condition.
2025-09-11 06:07:44,009 [WARN] IP:2250 - SERVICE2_UUID not found: check if there is a RefParameter without a condition.
2025-09-11 06:07:44,011 [WARN] IP:2250 - SERVICE3_UUID not found: check if there is a RefParameter without a condition.
2025-09-11 06:07:44,013 [WARN] IP:2250 - SERVICE4_UUID not found: check if there is a RefParameter without a condition.
2025-09-11 06:07:44,015 [WARN] IP:2250 - SERVICE5_UUID not found: check if there is a RefParameter without a condition.
2025-09-11 06:08:14,187 [INFO] UtilMem:75 - End SaveConfig() Used Memory: 977879528 Bytes (1073741824)
2025-09-11 06:08:15,058 [INFO] UtilMem:75 - End SaveConfig() Used Memory: 1001142728 Bytes (1073741824)
2025-09-11 06:08:19,190 [INFO] UtilMem:75 - End SaveConfig() Used Memory: 776451000 Bytes (1073741824)
2025-09-11 06:08:19,706 [INFO] BlockDiagram:2775 - set Specific Code input for plugin: RTC
2025-09-11 06:08:19,706 [INFO] BlockDiagram:2775 - set Specific Code input for plugin: SPI
2025-09-11 06:08:19,706 [INFO] BlockDiagram:2775 - set Specific Code input for plugin: SPI
2025-09-11 06:08:19,706 [INFO] BlockDiagram:2775 - set Specific Code input for plugin: NVIC
2025-09-11 06:08:19,706 [INFO] BlockDiagram:2775 - set Specific Code input for plugin: SEQUENCER
2025-09-11 06:08:19,706 [INFO] BlockDiagram:2775 - set Specific Code input for plugin: STM32_WPAN
2025-09-11 06:08:19,706 [INFO] BlockDiagram:2775 - set Specific Code input for plugin: USART
2025-09-11 06:08:19,706 [INFO] BlockDiagram:2775 - set Specific Code input for plugin: HSEM
2025-09-11 06:08:19,706 [INFO] BlockDiagram:2775 - set Specific Code input for plugin: DMA
2025-09-11 06:08:19,706 [INFO] BlockDiagram:2775 - set Specific Code input for plugin: MEMORYMAP
2025-09-11 06:08:19,706 [INFO] BlockDiagram:2775 - set Specific Code input for plugin: TIM1_8WB5
2025-09-11 06:08:19,706 [INFO] BlockDiagram:2775 - set Specific Code input for plugin: TIM1_8WB5
2025-09-11 06:08:19,706 [INFO] BlockDiagram:2775 - set Specific Code input for plugin: USB_Device
2025-09-11 06:08:19,706 [INFO] BlockDiagram:2775 - set Specific Code input for plugin: IPCC
2025-09-11 06:08:19,706 [INFO] BlockDiagram:2775 - set Specific Code input for plugin: USB
2025-09-11 06:08:19,706 [INFO] BlockDiagram:2775 - set Specific Code input for plugin: SYS
2025-09-11 06:08:19,707 [INFO] BlockDiagram:2775 - set Specific Code input for plugin: GPIO
2025-09-11 06:08:19,707 [INFO] BlockDiagram:2775 - set Specific Code input for plugin: RCC
2025-09-11 06:08:19,707 [INFO] BlockDiagram:2775 - set Specific Code input for plugin: RF
2025-09-11 06:08:19,707 [INFO] BlockDiagram:2775 - set Specific Code input for plugin: I2C
2025-09-11 06:08:19,707 [INFO] BlockDiagram:2775 - set Specific Code input for plugin: TINY_LPM
2025-09-11 06:08:19,708 [INFO] CodeGenerator:882 - code generatio: config db path: C:\ST\STM32CubeIDE_1.18.0\STM32CubeIDE\plugins\com.st.stm32cube.common.mx_6.14.0.202502271554\\db\
2025-09-11 06:08:19,787 [WARN] IP:2250 - SERVICE2_UUID not found: check if there is a RefParameter without a condition.
2025-09-11 06:08:19,789 [WARN] IP:2250 - SERVICE3_UUID not found: check if there is a RefParameter without a condition.
2025-09-11 06:08:19,791 [WARN] IP:2250 - SERVICE4_UUID not found: check if there is a RefParameter without a condition.
2025-09-11 06:08:19,794 [WARN] IP:2250 - SERVICE5_UUID not found: check if there is a RefParameter without a condition.
2025-09-11 06:08:20,002 [INFO] CodeEngine:263 - oldGeneratedFile, C:\Users\jaowe\Documents\Projects\DeltaTPlus_STM32WB55RG_Workspace\DeltaTPlus_STM32WB55RG_090525\MXTmpFiles\license.tmp_save
2025-09-11 06:08:20,358 [INFO] CodeEngine:287 - Generated code: C:\Users\jaowe\Documents\Projects\DeltaTPlus_STM32WB55RG_Workspace\DeltaTPlus_STM32WB55RG_090525\MXTmpFiles\license.tmp
2025-09-11 06:08:20,477 [INFO] CodeEngine:263 - oldGeneratedFile, C:\Users\jaowe\Documents\Projects\DeltaTPlus_STM32WB55RG_Workspace\DeltaTPlus_STM32WB55RG_090525\Core\Src\gpio.c_save
2025-09-11 06:08:20,614 [INFO] CodeEngine:287 - Generated code: C:\Users\jaowe\Documents\Projects\DeltaTPlus_STM32WB55RG_Workspace\DeltaTPlus_STM32WB55RG_090525\Core\Src\gpio.c
2025-09-11 06:08:20,620 [INFO] CodeEngine:263 - oldGeneratedFile, C:\Users\jaowe\Documents\Projects\DeltaTPlus_STM32WB55RG_Workspace\DeltaTPlus_STM32WB55RG_090525\Core\Inc\gpio.h_save
2025-09-11 06:08:20,682 [INFO] CodeEngine:287 - Generated code: C:\Users\jaowe\Documents\Projects\DeltaTPlus_STM32WB55RG_Workspace\DeltaTPlus_STM32WB55RG_090525\Core\Inc\gpio.h
2025-09-11 06:08:20,857 [INFO] CodeEngine:263 - oldGeneratedFile, C:\Users\jaowe\Documents\Projects\DeltaTPlus_STM32WB55RG_Workspace\DeltaTPlus_STM32WB55RG_090525\MXTmpFiles\usb_vars.tmp_save
2025-09-11 06:08:20,957 [INFO] CodeEngine:287 - Generated code: C:\Users\jaowe\Documents\Projects\DeltaTPlus_STM32WB55RG_Workspace\DeltaTPlus_STM32WB55RG_090525\MXTmpFiles\usb_vars.tmp
2025-09-11 06:08:20,962 [INFO] CodeEngine:263 - oldGeneratedFile, C:\Users\jaowe\Documents\Projects\DeltaTPlus_STM32WB55RG_Workspace\DeltaTPlus_STM32WB55RG_090525\MXTmpFiles\usb_inc.tmp_save
2025-09-11 06:08:21,027 [INFO] CodeEngine:287 - Generated code: C:\Users\jaowe\Documents\Projects\DeltaTPlus_STM32WB55RG_Workspace\DeltaTPlus_STM32WB55RG_090525\MXTmpFiles\usb_inc.tmp
2025-09-11 06:08:21,037 [INFO] CodeEngine:263 - oldGeneratedFile, C:\Users\jaowe\Documents\Projects\DeltaTPlus_STM32WB55RG_Workspace\DeltaTPlus_STM32WB55RG_090525\MXTmpFiles\usb_HalInit.tmp_save
2025-09-11 06:08:21,134 [INFO] CodeEngine:287 - Generated code: C:\Users\jaowe\Documents\Projects\DeltaTPlus_STM32WB55RG_Workspace\DeltaTPlus_STM32WB55RG_090525\MXTmpFiles\usb_HalInit.tmp
2025-09-11 06:08:21,140 [INFO] CodeEngine:263 - oldGeneratedFile, C:\Users\jaowe\Documents\Projects\DeltaTPlus_STM32WB55RG_Workspace\DeltaTPlus_STM32WB55RG_090525\MXTmpFiles\usb_Msp.tmp_save
2025-09-11 06:08:21,218 [INFO] CodeEngine:287 - Generated code: C:\Users\jaowe\Documents\Projects\DeltaTPlus_STM32WB55RG_Workspace\DeltaTPlus_STM32WB55RG_090525\MXTmpFiles\usb_Msp.tmp
2025-09-11 06:08:21,584 [WARN] IPConfigManager:103 - WARNING: Missing Config File for MEMORYMAP ip!!
2025-09-11 06:08:21,585 [WARN] IP:2250 - DefaultDataRegion not found: check if there is a RefParameter without a condition.
2025-09-11 06:08:21,697 [WARN] IPConfigManager:103 - WARNING: Missing Config File for RF ip!!
2025-09-11 06:08:22,641 [INFO] Middleware:1452 - No code input for Bsp Dependency
2025-09-11 06:08:22,705 [INFO] Middleware:1452 - No code input for Bsp Dependency
2025-09-11 06:08:22,753 [INFO] CodeEngine:263 - oldGeneratedFile, C:\Users\jaowe\Documents\Projects\DeltaTPlus_STM32WB55RG_Workspace\DeltaTPlus_STM32WB55RG_090525\Core\Src\dma.c_save
2025-09-11 06:08:22,809 [INFO] CodeEngine:287 - Generated code: C:\Users\jaowe\Documents\Projects\DeltaTPlus_STM32WB55RG_Workspace\DeltaTPlus_STM32WB55RG_090525\Core\Src\dma.c
2025-09-11 06:08:22,816 [INFO] CodeEngine:263 - oldGeneratedFile, C:\Users\jaowe\Documents\Projects\DeltaTPlus_STM32WB55RG_Workspace\DeltaTPlus_STM32WB55RG_090525\Core\Inc\dma.h_save
2025-09-11 06:08:22,876 [INFO] CodeEngine:287 - Generated code: C:\Users\jaowe\Documents\Projects\DeltaTPlus_STM32WB55RG_Workspace\DeltaTPlus_STM32WB55RG_090525\Core\Inc\dma.h
2025-09-11 06:08:22,887 [INFO] CodeEngine:263 - oldGeneratedFile, C:\Users\jaowe\Documents\Projects\DeltaTPlus_STM32WB55RG_Workspace\DeltaTPlus_STM32WB55RG_090525\Core\Src\i2c.c_save
2025-09-11 06:08:22,976 [INFO] CodeEngine:287 - Generated code: C:\Users\jaowe\Documents\Projects\DeltaTPlus_STM32WB55RG_Workspace\DeltaTPlus_STM32WB55RG_090525\Core\Src\i2c.c
2025-09-11 06:08:22,983 [INFO] CodeEngine:263 - oldGeneratedFile, C:\Users\jaowe\Documents\Projects\DeltaTPlus_STM32WB55RG_Workspace\DeltaTPlus_STM32WB55RG_090525\Core\Inc\i2c.h_save
2025-09-11 06:08:23,030 [INFO] CodeEngine:287 - Generated code: C:\Users\jaowe\Documents\Projects\DeltaTPlus_STM32WB55RG_Workspace\DeltaTPlus_STM32WB55RG_090525\Core\Inc\i2c.h
2025-09-11 06:08:23,038 [INFO] CodeEngine:263 - oldGeneratedFile, C:\Users\jaowe\Documents\Projects\DeltaTPlus_STM32WB55RG_Workspace\DeltaTPlus_STM32WB55RG_090525\Core\Src\ipcc.c_save
2025-09-11 06:08:23,098 [INFO] CodeEngine:287 - Generated code: C:\Users\jaowe\Documents\Projects\DeltaTPlus_STM32WB55RG_Workspace\DeltaTPlus_STM32WB55RG_090525\Core\Src\ipcc.c
2025-09-11 06:08:23,103 [INFO] CodeEngine:263 - oldGeneratedFile, C:\Users\jaowe\Documents\Projects\DeltaTPlus_STM32WB55RG_Workspace\DeltaTPlus_STM32WB55RG_090525\Core\Inc\ipcc.h_save
2025-09-11 06:08:23,145 [INFO] CodeEngine:287 - Generated code: C:\Users\jaowe\Documents\Projects\DeltaTPlus_STM32WB55RG_Workspace\DeltaTPlus_STM32WB55RG_090525\Core\Inc\ipcc.h
2025-09-11 06:08:23,155 [INFO] CodeEngine:263 - oldGeneratedFile, C:\Users\jaowe\Documents\Projects\DeltaTPlus_STM32WB55RG_Workspace\DeltaTPlus_STM32WB55RG_090525\Core\Src\memorymap.c_save
2025-09-11 06:08:23,210 [INFO] CodeEngine:287 - Generated code: C:\Users\jaowe\Documents\Projects\DeltaTPlus_STM32WB55RG_Workspace\DeltaTPlus_STM32WB55RG_090525\Core\Src\memorymap.c
2025-09-11 06:08:23,216 [INFO] CodeEngine:263 - oldGeneratedFile, C:\Users\jaowe\Documents\Projects\DeltaTPlus_STM32WB55RG_Workspace\DeltaTPlus_STM32WB55RG_090525\Core\Inc\memorymap.h_save
2025-09-11 06:08:23,263 [INFO] CodeEngine:287 - Generated code: C:\Users\jaowe\Documents\Projects\DeltaTPlus_STM32WB55RG_Workspace\DeltaTPlus_STM32WB55RG_090525\Core\Inc\memorymap.h
2025-09-11 06:08:23,273 [INFO] CodeEngine:263 - oldGeneratedFile, C:\Users\jaowe\Documents\Projects\DeltaTPlus_STM32WB55RG_Workspace\DeltaTPlus_STM32WB55RG_090525\Core\Src\rf.c_save
2025-09-11 06:08:23,341 [INFO] CodeEngine:287 - Generated code: C:\Users\jaowe\Documents\Projects\DeltaTPlus_STM32WB55RG_Workspace\DeltaTPlus_STM32WB55RG_090525\Core\Src\rf.c
2025-09-11 06:08:23,347 [INFO] CodeEngine:263 - oldGeneratedFile, C:\Users\jaowe\Documents\Projects\DeltaTPlus_STM32WB55RG_Workspace\DeltaTPlus_STM32WB55RG_090525\Core\Inc\rf.h_save
2025-09-11 06:08:23,401 [INFO] CodeEngine:287 - Generated code: C:\Users\jaowe\Documents\Projects\DeltaTPlus_STM32WB55RG_Workspace\DeltaTPlus_STM32WB55RG_090525\Core\Inc\rf.h
2025-09-11 06:08:23,412 [INFO] CodeEngine:263 - oldGeneratedFile, C:\Users\jaowe\Documents\Projects\DeltaTPlus_STM32WB55RG_Workspace\DeltaTPlus_STM32WB55RG_090525\Core\Src\rtc.c_save
2025-09-11 06:08:23,486 [INFO] CodeEngine:287 - Generated code: C:\Users\jaowe\Documents\Projects\DeltaTPlus_STM32WB55RG_Workspace\DeltaTPlus_STM32WB55RG_090525\Core\Src\rtc.c
2025-09-11 06:08:23,491 [INFO] CodeEngine:263 - oldGeneratedFile, C:\Users\jaowe\Documents\Projects\DeltaTPlus_STM32WB55RG_Workspace\DeltaTPlus_STM32WB55RG_090525\Core\Inc\rtc.h_save
2025-09-11 06:08:23,541 [INFO] CodeEngine:287 - Generated code: C:\Users\jaowe\Documents\Projects\DeltaTPlus_STM32WB55RG_Workspace\DeltaTPlus_STM32WB55RG_090525\Core\Inc\rtc.h
2025-09-11 06:08:23,552 [INFO] CodeEngine:263 - oldGeneratedFile, C:\Users\jaowe\Documents\Projects\DeltaTPlus_STM32WB55RG_Workspace\DeltaTPlus_STM32WB55RG_090525\Core\Src\spi.c_save
2025-09-11 06:08:23,621 [INFO] CodeEngine:287 - Generated code: C:\Users\jaowe\Documents\Projects\DeltaTPlus_STM32WB55RG_Workspace\DeltaTPlus_STM32WB55RG_090525\Core\Src\spi.c
2025-09-11 06:08:23,626 [INFO] CodeEngine:263 - oldGeneratedFile, C:\Users\jaowe\Documents\Projects\DeltaTPlus_STM32WB55RG_Workspace\DeltaTPlus_STM32WB55RG_090525\Core\Inc\spi.h_save
2025-09-11 06:08:23,677 [INFO] CodeEngine:287 - Generated code: C:\Users\jaowe\Documents\Projects\DeltaTPlus_STM32WB55RG_Workspace\DeltaTPlus_STM32WB55RG_090525\Core\Inc\spi.h
2025-09-11 06:08:23,702 [INFO] Middleware:1452 - No code input for Bsp Dependency
2025-09-11 06:08:23,735 [INFO] CodeEngine:263 - oldGeneratedFile, C:\Users\jaowe\Documents\Projects\DeltaTPlus_STM32WB55RG_Workspace\DeltaTPlus_STM32WB55RG_090525\Core\Inc\app_common.h_save
2025-09-11 06:08:23,777 [INFO] CodeEngine:287 - Generated code: C:\Users\jaowe\Documents\Projects\DeltaTPlus_STM32WB55RG_Workspace\DeltaTPlus_STM32WB55RG_090525\Core\Inc\app_common.h
2025-09-11 06:08:23,782 [INFO] CodeEngine:263 - oldGeneratedFile, C:\Users\jaowe\Documents\Projects\DeltaTPlus_STM32WB55RG_Workspace\DeltaTPlus_STM32WB55RG_090525\Core\Inc\app_debug.h_save
2025-09-11 06:08:23,823 [INFO] CodeEngine:287 - Generated code: C:\Users\jaowe\Documents\Projects\DeltaTPlus_STM32WB55RG_Workspace\DeltaTPlus_STM32WB55RG_090525\Core\Inc\app_debug.h
2025-09-11 06:08:23,828 [INFO] CodeEngine:263 - oldGeneratedFile, C:\Users\jaowe\Documents\Projects\DeltaTPlus_STM32WB55RG_Workspace\DeltaTPlus_STM32WB55RG_090525\Core\Inc\app_conf.h_save
2025-09-11 06:08:23,969 [INFO] CodeEngine:287 - Generated code: C:\Users\jaowe\Documents\Projects\DeltaTPlus_STM32WB55RG_Workspace\DeltaTPlus_STM32WB55RG_090525\Core\Inc\app_conf.h
2025-09-11 06:08:23,977 [INFO] CodeEngine:263 - oldGeneratedFile, C:\Users\jaowe\Documents\Projects\DeltaTPlus_STM32WB55RG_Workspace\DeltaTPlus_STM32WB55RG_090525\Core\Inc\app_entry.h_save
2025-09-11 06:08:24,034 [INFO] CodeEngine:287 - Generated code: C:\Users\jaowe\Documents\Projects\DeltaTPlus_STM32WB55RG_Workspace\DeltaTPlus_STM32WB55RG_090525\Core\Inc\app_entry.h
2025-09-11 06:08:24,040 [INFO] CodeEngine:263 - oldGeneratedFile, C:\Users\jaowe\Documents\Projects\DeltaTPlus_STM32WB55RG_Workspace\DeltaTPlus_STM32WB55RG_090525\Core\Inc\hw_conf.h_save
2025-09-11 06:08:24,096 [INFO] CodeEngine:287 - Generated code: C:\Users\jaowe\Documents\Projects\DeltaTPlus_STM32WB55RG_Workspace\DeltaTPlus_STM32WB55RG_090525\Core\Inc\hw_conf.h
2025-09-11 06:08:24,104 [INFO] CodeEngine:263 - oldGeneratedFile, C:\Users\jaowe\Documents\Projects\DeltaTPlus_STM32WB55RG_Workspace\DeltaTPlus_STM32WB55RG_090525\Core\Inc\hw_if.h_save
2025-09-11 06:08:24,160 [INFO] CodeEngine:287 - Generated code: C:\Users\jaowe\Documents\Projects\DeltaTPlus_STM32WB55RG_Workspace\DeltaTPlus_STM32WB55RG_090525\Core\Inc\hw_if.h
2025-09-11 06:08:24,168 [INFO] CodeEngine:263 - oldGeneratedFile, C:\Users\jaowe\Documents\Projects\DeltaTPlus_STM32WB55RG_Workspace\DeltaTPlus_STM32WB55RG_090525\Core\Inc\utilities_conf.h_save
2025-09-11 06:08:24,211 [INFO] CodeEngine:287 - Generated code: C:\Users\jaowe\Documents\Projects\DeltaTPlus_STM32WB55RG_Workspace\DeltaTPlus_STM32WB55RG_090525\Core\Inc\utilities_conf.h
2025-09-11 06:08:24,218 [INFO] CodeEngine:263 - oldGeneratedFile, C:\Users\jaowe\Documents\Projects\DeltaTPlus_STM32WB55RG_Workspace\DeltaTPlus_STM32WB55RG_090525\Core\Inc\stm32_lpm_if.h_save
2025-09-11 06:08:24,260 [INFO] CodeEngine:287 - Generated code: C:\Users\jaowe\Documents\Projects\DeltaTPlus_STM32WB55RG_Workspace\DeltaTPlus_STM32WB55RG_090525\Core\Inc\stm32_lpm_if.h
2025-09-11 06:08:24,269 [INFO] CodeEngine:263 - oldGeneratedFile, C:\Users\jaowe\Documents\Projects\DeltaTPlus_STM32WB55RG_Workspace\DeltaTPlus_STM32WB55RG_090525\Core\Src\app_entry.c_save
2025-09-11 06:08:24,322 [INFO] CodeEngine:287 - Generated code: C:\Users\jaowe\Documents\Projects\DeltaTPlus_STM32WB55RG_Workspace\DeltaTPlus_STM32WB55RG_090525\Core\Src\app_entry.c
2025-09-11 06:08:24,327 [INFO] CodeEngine:263 - oldGeneratedFile, C:\Users\jaowe\Documents\Projects\DeltaTPlus_STM32WB55RG_Workspace\DeltaTPlus_STM32WB55RG_090525\Core\Src\app_debug.c_save
2025-09-11 06:08:24,377 [INFO] CodeEngine:287 - Generated code: C:\Users\jaowe\Documents\Projects\DeltaTPlus_STM32WB55RG_Workspace\DeltaTPlus_STM32WB55RG_090525\Core\Src\app_debug.c
2025-09-11 06:08:24,384 [INFO] CodeEngine:263 - oldGeneratedFile, C:\Users\jaowe\Documents\Projects\DeltaTPlus_STM32WB55RG_Workspace\DeltaTPlus_STM32WB55RG_090525\Core\Src\hw_timerserver.c_save
2025-09-11 06:08:24,438 [INFO] CodeEngine:287 - Generated code: C:\Users\jaowe\Documents\Projects\DeltaTPlus_STM32WB55RG_Workspace\DeltaTPlus_STM32WB55RG_090525\Core\Src\hw_timerserver.c
2025-09-11 06:08:24,445 [INFO] CodeEngine:263 - oldGeneratedFile, C:\Users\jaowe\Documents\Projects\DeltaTPlus_STM32WB55RG_Workspace\DeltaTPlus_STM32WB55RG_090525\Core\Src\stm32_lpm_if.c_save
2025-09-11 06:08:24,504 [INFO] CodeEngine:287 - Generated code: C:\Users\jaowe\Documents\Projects\DeltaTPlus_STM32WB55RG_Workspace\DeltaTPlus_STM32WB55RG_090525\Core\Src\stm32_lpm_if.c
2025-09-11 06:08:24,510 [INFO] CodeEngine:263 - oldGeneratedFile, C:\Users\jaowe\Documents\Projects\DeltaTPlus_STM32WB55RG_Workspace\DeltaTPlus_STM32WB55RG_090525\STM32_WPAN\App\app_ble.c_save
2025-09-11 06:08:24,638 [INFO] CodeEngine:287 - Generated code: C:\Users\jaowe\Documents\Projects\DeltaTPlus_STM32WB55RG_Workspace\DeltaTPlus_STM32WB55RG_090525\STM32_WPAN\App\app_ble.c
2025-09-11 06:08:24,643 [INFO] CodeEngine:263 - oldGeneratedFile, C:\Users\jaowe\Documents\Projects\DeltaTPlus_STM32WB55RG_Workspace\DeltaTPlus_STM32WB55RG_090525\STM32_WPAN\App\app_ble.h_save
2025-09-11 06:08:24,692 [INFO] CodeEngine:287 - Generated code: C:\Users\jaowe\Documents\Projects\DeltaTPlus_STM32WB55RG_Workspace\DeltaTPlus_STM32WB55RG_090525\STM32_WPAN\App\app_ble.h
2025-09-11 06:08:24,698 [INFO] CodeEngine:263 - oldGeneratedFile, C:\Users\jaowe\Documents\Projects\DeltaTPlus_STM32WB55RG_Workspace\DeltaTPlus_STM32WB55RG_090525\STM32_WPAN\App\ble_conf.h_save
2025-09-11 06:08:24,745 [INFO] CodeEngine:287 - Generated code: C:\Users\jaowe\Documents\Projects\DeltaTPlus_STM32WB55RG_Workspace\DeltaTPlus_STM32WB55RG_090525\STM32_WPAN\App\ble_conf.h
2025-09-11 06:08:24,751 [INFO] CodeEngine:263 - oldGeneratedFile, C:\Users\jaowe\Documents\Projects\DeltaTPlus_STM32WB55RG_Workspace\DeltaTPlus_STM32WB55RG_090525\STM32_WPAN\App\ble_dbg_conf.h_save
2025-09-11 06:08:24,793 [INFO] CodeEngine:287 - Generated code: C:\Users\jaowe\Documents\Projects\DeltaTPlus_STM32WB55RG_Workspace\DeltaTPlus_STM32WB55RG_090525\STM32_WPAN\App\ble_dbg_conf.h
2025-09-11 06:08:24,799 [INFO] CodeEngine:263 - oldGeneratedFile, C:\Users\jaowe\Documents\Projects\DeltaTPlus_STM32WB55RG_Workspace\DeltaTPlus_STM32WB55RG_090525\STM32_WPAN\App\tl_dbg_conf.h_save
2025-09-11 06:08:24,842 [INFO] CodeEngine:287 - Generated code: C:\Users\jaowe\Documents\Projects\DeltaTPlus_STM32WB55RG_Workspace\DeltaTPlus_STM32WB55RG_090525\STM32_WPAN\App\tl_dbg_conf.h
2025-09-11 06:08:24,847 [INFO] CodeEngine:263 - oldGeneratedFile, C:\Users\jaowe\Documents\Projects\DeltaTPlus_STM32WB55RG_Workspace\DeltaTPlus_STM32WB55RG_090525\STM32_WPAN\App\template_server_app.h_save
2025-09-11 06:08:24,890 [INFO] CodeEngine:287 - Generated code: C:\Users\jaowe\Documents\Projects\DeltaTPlus_STM32WB55RG_Workspace\DeltaTPlus_STM32WB55RG_090525\STM32_WPAN\App\template_server_app.h
2025-09-11 06:08:24,896 [INFO] CodeEngine:263 - oldGeneratedFile, C:\Users\jaowe\Documents\Projects\DeltaTPlus_STM32WB55RG_Workspace\DeltaTPlus_STM32WB55RG_090525\STM32_WPAN\App\custom_stm.c_save
2025-09-11 06:08:25,971 [INFO] CodeEngine:287 - Generated code: C:\Users\jaowe\Documents\Projects\DeltaTPlus_STM32WB55RG_Workspace\DeltaTPlus_STM32WB55RG_090525\STM32_WPAN\App\custom_stm.c
2025-09-11 06:08:25,989 [INFO] CodeEngine:263 - oldGeneratedFile, C:\Users\jaowe\Documents\Projects\DeltaTPlus_STM32WB55RG_Workspace\DeltaTPlus_STM32WB55RG_090525\STM32_WPAN\App\custom_stm.h_save
2025-09-11 06:08:26,187 [INFO] CodeEngine:287 - Generated code: C:\Users\jaowe\Documents\Projects\DeltaTPlus_STM32WB55RG_Workspace\DeltaTPlus_STM32WB55RG_090525\STM32_WPAN\App\custom_stm.h
2025-09-11 06:08:26,194 [INFO] CodeEngine:263 - oldGeneratedFile, C:\Users\jaowe\Documents\Projects\DeltaTPlus_STM32WB55RG_Workspace\DeltaTPlus_STM32WB55RG_090525\STM32_WPAN\App\custom_app.c_save
2025-09-11 06:08:26,389 [INFO] CodeEngine:287 - Generated code: C:\Users\jaowe\Documents\Projects\DeltaTPlus_STM32WB55RG_Workspace\DeltaTPlus_STM32WB55RG_090525\STM32_WPAN\App\custom_app.c
2025-09-11 06:08:26,394 [INFO] CodeEngine:263 - oldGeneratedFile, C:\Users\jaowe\Documents\Projects\DeltaTPlus_STM32WB55RG_Workspace\DeltaTPlus_STM32WB55RG_090525\STM32_WPAN\App\custom_app.h_save
2025-09-11 06:08:26,452 [INFO] CodeEngine:287 - Generated code: C:\Users\jaowe\Documents\Projects\DeltaTPlus_STM32WB55RG_Workspace\DeltaTPlus_STM32WB55RG_090525\STM32_WPAN\App\custom_app.h
2025-09-11 06:08:26,457 [INFO] CodeEngine:263 - oldGeneratedFile, C:\Users\jaowe\Documents\Projects\DeltaTPlus_STM32WB55RG_Workspace\DeltaTPlus_STM32WB55RG_090525\STM32_WPAN\Target\hw_ipcc.c_save
2025-09-11 06:08:26,509 [INFO] CodeEngine:287 - Generated code: C:\Users\jaowe\Documents\Projects\DeltaTPlus_STM32WB55RG_Workspace\DeltaTPlus_STM32WB55RG_090525\STM32_WPAN\Target\hw_ipcc.c
2025-09-11 06:08:26,522 [INFO] CodeEngine:263 - oldGeneratedFile, C:\Users\jaowe\Documents\Projects\DeltaTPlus_STM32WB55RG_Workspace\DeltaTPlus_STM32WB55RG_090525\Core\Src\tim.c_save
2025-09-11 06:08:26,585 [INFO] CodeEngine:287 - Generated code: C:\Users\jaowe\Documents\Projects\DeltaTPlus_STM32WB55RG_Workspace\DeltaTPlus_STM32WB55RG_090525\Core\Src\tim.c
2025-09-11 06:08:26,589 [INFO] CodeEngine:263 - oldGeneratedFile, C:\Users\jaowe\Documents\Projects\DeltaTPlus_STM32WB55RG_Workspace\DeltaTPlus_STM32WB55RG_090525\Core\Inc\tim.h_save
2025-09-11 06:08:26,634 [INFO] CodeEngine:287 - Generated code: C:\Users\jaowe\Documents\Projects\DeltaTPlus_STM32WB55RG_Workspace\DeltaTPlus_STM32WB55RG_090525\Core\Inc\tim.h
2025-09-11 06:08:26,643 [INFO] CodeEngine:263 - oldGeneratedFile, C:\Users\jaowe\Documents\Projects\DeltaTPlus_STM32WB55RG_Workspace\DeltaTPlus_STM32WB55RG_090525\Core\Src\usart.c_save
2025-09-11 06:08:26,706 [INFO] CodeEngine:287 - Generated code: C:\Users\jaowe\Documents\Projects\DeltaTPlus_STM32WB55RG_Workspace\DeltaTPlus_STM32WB55RG_090525\Core\Src\usart.c
2025-09-11 06:08:26,710 [INFO] CodeEngine:263 - oldGeneratedFile, C:\Users\jaowe\Documents\Projects\DeltaTPlus_STM32WB55RG_Workspace\DeltaTPlus_STM32WB55RG_090525\Core\Inc\usart.h_save
2025-09-11 06:08:26,757 [INFO] CodeEngine:287 - Generated code: C:\Users\jaowe\Documents\Projects\DeltaTPlus_STM32WB55RG_Workspace\DeltaTPlus_STM32WB55RG_090525\Core\Inc\usart.h
2025-09-11 06:08:26,767 [INFO] Middleware:1452 - No code input for Bsp Dependency
2025-09-11 06:08:26,784 [INFO] CodeEngine:263 - oldGeneratedFile, C:\Users\jaowe\Documents\Projects\DeltaTPlus_STM32WB55RG_Workspace\DeltaTPlus_STM32WB55RG_090525\USB_Device\App\usb_device.c_save
2025-09-11 06:08:26,836 [INFO] CodeEngine:287 - Generated code: C:\Users\jaowe\Documents\Projects\DeltaTPlus_STM32WB55RG_Workspace\DeltaTPlus_STM32WB55RG_090525\USB_Device\App\usb_device.c
2025-09-11 06:08:26,841 [INFO] CodeEngine:263 - oldGeneratedFile, C:\Users\jaowe\Documents\Projects\DeltaTPlus_STM32WB55RG_Workspace\DeltaTPlus_STM32WB55RG_090525\USB_Device\App\usb_device.h_save
2025-09-11 06:08:26,891 [INFO] CodeEngine:287 - Generated code: C:\Users\jaowe\Documents\Projects\DeltaTPlus_STM32WB55RG_Workspace\DeltaTPlus_STM32WB55RG_090525\USB_Device\App\usb_device.h
2025-09-11 06:08:26,896 [INFO] CodeEngine:263 - oldGeneratedFile, C:\Users\jaowe\Documents\Projects\DeltaTPlus_STM32WB55RG_Workspace\DeltaTPlus_STM32WB55RG_090525\USB_Device\Target\usbd_conf.h_save
2025-09-11 06:08:26,941 [INFO] CodeEngine:287 - Generated code: C:\Users\jaowe\Documents\Projects\DeltaTPlus_STM32WB55RG_Workspace\DeltaTPlus_STM32WB55RG_090525\USB_Device\Target\usbd_conf.h
2025-09-11 06:08:26,946 [INFO] CodeEngine:263 - oldGeneratedFile, C:\Users\jaowe\Documents\Projects\DeltaTPlus_STM32WB55RG_Workspace\DeltaTPlus_STM32WB55RG_090525\USB_Device\Target\usbd_conf.c_save
2025-09-11 06:08:26,997 [INFO] CodeEngine:287 - Generated code: C:\Users\jaowe\Documents\Projects\DeltaTPlus_STM32WB55RG_Workspace\DeltaTPlus_STM32WB55RG_090525\USB_Device\Target\usbd_conf.c
2025-09-11 06:08:27,004 [INFO] CodeEngine:263 - oldGeneratedFile, C:\Users\jaowe\Documents\Projects\DeltaTPlus_STM32WB55RG_Workspace\DeltaTPlus_STM32WB55RG_090525\USB_Device\App\usbd_desc.h_save
2025-09-11 06:08:27,053 [INFO] CodeEngine:287 - Generated code: C:\Users\jaowe\Documents\Projects\DeltaTPlus_STM32WB55RG_Workspace\DeltaTPlus_STM32WB55RG_090525\USB_Device\App\usbd_desc.h
2025-09-11 06:08:27,058 [INFO] CodeEngine:263 - oldGeneratedFile, C:\Users\jaowe\Documents\Projects\DeltaTPlus_STM32WB55RG_Workspace\DeltaTPlus_STM32WB55RG_090525\USB_Device\App\usbd_desc.c_save
2025-09-11 06:08:27,112 [INFO] CodeEngine:287 - Generated code: C:\Users\jaowe\Documents\Projects\DeltaTPlus_STM32WB55RG_Workspace\DeltaTPlus_STM32WB55RG_090525\USB_Device\App\usbd_desc.c
2025-09-11 06:08:27,119 [INFO] CodeEngine:263 - oldGeneratedFile, C:\Users\jaowe\Documents\Projects\DeltaTPlus_STM32WB55RG_Workspace\DeltaTPlus_STM32WB55RG_090525\USB_Device\App\usbd_dfu_flash.h_save
2025-09-11 06:08:27,163 [INFO] CodeEngine:287 - Generated code: C:\Users\jaowe\Documents\Projects\DeltaTPlus_STM32WB55RG_Workspace\DeltaTPlus_STM32WB55RG_090525\USB_Device\App\usbd_dfu_flash.h
2025-09-11 06:08:27,169 [INFO] CodeEngine:263 - oldGeneratedFile, C:\Users\jaowe\Documents\Projects\DeltaTPlus_STM32WB55RG_Workspace\DeltaTPlus_STM32WB55RG_090525\USB_Device\App\usbd_dfu_flash.c_save
2025-09-11 06:08:27,215 [INFO] CodeEngine:287 - Generated code: C:\Users\jaowe\Documents\Projects\DeltaTPlus_STM32WB55RG_Workspace\DeltaTPlus_STM32WB55RG_090525\USB_Device\App\usbd_dfu_flash.c
2025-09-11 06:08:27,227 [INFO] CodeEngine:263 - oldGeneratedFile, C:\Users\jaowe\Documents\Projects\DeltaTPlus_STM32WB55RG_Workspace\DeltaTPlus_STM32WB55RG_090525\Core\Src\stm32wbxx_it.c_save
2025-09-11 06:08:27,303 [INFO] CodeEngine:287 - Generated code: C:\Users\jaowe\Documents\Projects\DeltaTPlus_STM32WB55RG_Workspace\DeltaTPlus_STM32WB55RG_090525\Core\Src\stm32wbxx_it.c
2025-09-11 06:08:27,307 [INFO] CodeEngine:263 - oldGeneratedFile, C:\Users\jaowe\Documents\Projects\DeltaTPlus_STM32WB55RG_Workspace\DeltaTPlus_STM32WB55RG_090525\Core\Inc\stm32wbxx_it.h_save
2025-09-11 06:08:27,353 [INFO] CodeEngine:287 - Generated code: C:\Users\jaowe\Documents\Projects\DeltaTPlus_STM32WB55RG_Workspace\DeltaTPlus_STM32WB55RG_090525\Core\Inc\stm32wbxx_it.h
2025-09-11 06:08:27,371 [INFO] CodeEngine:263 - oldGeneratedFile, C:\Users\jaowe\Documents\Projects\DeltaTPlus_STM32WB55RG_Workspace\DeltaTPlus_STM32WB55RG_090525\Core\Src\stm32wbxx_hal_msp.c_save
2025-09-11 06:08:27,437 [INFO] CodeEngine:287 - Generated code: C:\Users\jaowe\Documents\Projects\DeltaTPlus_STM32WB55RG_Workspace\DeltaTPlus_STM32WB55RG_090525\Core\Src\stm32wbxx_hal_msp.c
2025-09-11 06:08:27,441 [INFO] CodeEngine:263 - oldGeneratedFile, C:\Users\jaowe\Documents\Projects\DeltaTPlus_STM32WB55RG_Workspace\DeltaTPlus_STM32WB55RG_090525\MXTmpFiles\system.tmp_save
2025-09-11 06:08:27,485 [INFO] CodeEngine:287 - Generated code: C:\Users\jaowe\Documents\Projects\DeltaTPlus_STM32WB55RG_Workspace\DeltaTPlus_STM32WB55RG_090525\MXTmpFiles\system.tmp
2025-09-11 06:08:27,494 [INFO] CodeEngine:319 - oldGeneratedFile, C:\Users\jaowe\Documents\Projects\DeltaTPlus_STM32WB55RG_Workspace\DeltaTPlus_STM32WB55RG_090525\Core\Inc\stm32wbxx_hal_conf.h_save
2025-09-11 06:08:27,542 [INFO] CodeEngine:343 - Generated code: C:\Users\jaowe\Documents\Projects\DeltaTPlus_STM32WB55RG_Workspace\DeltaTPlus_STM32WB55RG_090525\Core\Inc\stm32wbxx_hal_conf.h
2025-09-11 06:08:27,560 [WARN] IPConfigManager:3174 - Warning: the RefConfig RCC_PClockConfig is not available in your config.xml file
2025-09-11 06:08:27,573 [INFO] ApiDbMcu:508 - Load IP Config File for I2C1
2025-09-11 06:08:27,574 [INFO] ApiDbMcu:508 - Load IP Config File for IPCC
2025-09-11 06:08:27,574 [ERROR] ApiDbMcu:464 - Can't load MEMORYMAP-STM32xx root dir null
2025-09-11 06:08:27,574 [ERROR] ApiDbMcu:536 - Cannot parse MEMORYMAP_Config file : file do not exist
2025-09-11 06:08:27,575 [ERROR] ApiDbMcu:536 - Cannot parse RF_Config file : file do not exist
2025-09-11 06:08:27,578 [INFO] ApiDbMcu:508 - Load IP Config File for RTC
2025-09-11 06:08:27,582 [INFO] ApiDbMcu:508 - Load IP Config File for SPI1
2025-09-11 06:08:27,584 [INFO] ApiDbMcu:508 - Load IP Config File for SPI2
2025-09-11 06:08:27,599 [INFO] ApiDbMcu:508 - Load IP Config File for TIM2
2025-09-11 06:08:27,611 [INFO] ApiDbMcu:508 - Load IP Config File for TIM16
2025-09-11 06:08:27,621 [INFO] ApiDbMcu:508 - Load IP Config File for USART1
2025-09-11 06:08:27,624 [INFO] ApiDbMcu:508 - Load IP Config File for RCC
2025-09-11 06:08:27,638 [INFO] CodeEngine:263 - oldGeneratedFile, C:\Users\jaowe\Documents\Projects\DeltaTPlus_STM32WB55RG_Workspace\DeltaTPlus_STM32WB55RG_090525\Core\Inc\main.h_save
2025-09-11 06:08:27,705 [INFO] CodeEngine:287 - Generated code: C:\Users\jaowe\Documents\Projects\DeltaTPlus_STM32WB55RG_Workspace\DeltaTPlus_STM32WB55RG_090525\Core\Inc\main.h
2025-09-11 06:08:27,711 [INFO] CodeEngine:263 - oldGeneratedFile, C:\Users\jaowe\Documents\Projects\DeltaTPlus_STM32WB55RG_Workspace\DeltaTPlus_STM32WB55RG_090525\Core\Src\main.c_save
2025-09-11 06:08:27,785 [INFO] CodeEngine:287 - Generated code: C:\Users\jaowe\Documents\Projects\DeltaTPlus_STM32WB55RG_Workspace\DeltaTPlus_STM32WB55RG_090525\Core\Src\main.c
2025-09-11 06:08:28,277 [INFO] ProjectBuilder:3324 - Time for Copy HAL[1] : 348mS.
2025-09-11 06:08:28,290 [INFO] ProjectBuilder:4912 - Project Generator version: 4.6.0-B36
2025-09-11 06:08:28,354 [INFO] ConfigFileManager:1590 - The Die is : DIE495
2025-09-11 06:08:28,357 [INFO] ApiDbMcu:508 - Load IP Config File for FATFS
2025-09-11 06:08:28,361 [INFO] ApiDbMcu:508 - Load IP Config File for FREERTOS
2025-09-11 06:08:28,373 [INFO] ApiDbMcu:508 - Load IP Config File for TOUCHSENSING
2025-09-11 06:08:28,726 [INFO] LogOutputStream:77 - [STDOUT_REDIRECT] 
2025-09-11 06:08:30,213 [INFO] ProjectBuilder:5191 - Time for Generating toolchain IDE Files: 1923mS.
2025-09-11 06:08:30,217 [INFO] ProjectBuilder:3181 - Time for Copy CMSIS : 1mS.
2025-09-11 06:08:30,228 [INFO] ProjectBuilder:3181 - Time for Copy CMSIS : 1mS.
2025-09-11 23:00:14,958 [INFO] WebApp:194 - Connection lost
